numero,id,nombre,tipobeca,estado,fechacreacionbd,fechabd,observacion
2,28983,ABRIL ALMEIDA GENESIS YADIRA,Limitada economía,PENDIENTE,2026-08-05,2026-09-08,Actualizó datos personales
1,28983,ABRIL ALMEIDA GENESIS YADIRA,Limitada economía,PENDIENTE,2026-08-05,2026-09-08,Actualizó datos personales
1,28361,ACURIO GUTIERREZ DAYANA YAMILETH,Limitada economía,PENDIENTE,2026-08-02,2026-09-16,Actualizó datos personales
2,28361,ACURIO GUTIERREZ DAYANA YAMILETH,Limitada economía,OBSERVADO,2026-08-02,2026-10-02,BUEN DIA ESTIMADA SRTA ACURIO: TENGA LA BONDAD LA CEDULA DEBE SER SUYA . GRACIASNota: Subir nuevamente Acta de Compromiso firmada
3,28361,ACURIO GUTIERREZ DAYANA YAMILETH,Limitada economía,PENDIENTE,2026-08-02,2026-10-04,El estudiante actualizó el acta de compromiso y reenvió la solicitud a revisión financiera.
1,28432,AGUAYO PEREZ ELKYN WIHTMAN,Limitada economía,PENDIENTE,2026-08-03,2026-09-13,Actualizó datos personales
1,29520,AGUAYO QUIÑONEZ FATIMA MARIELA,Limitada economía,PENDIENTE,2026-08-08,2026-09-15,Actualizó datos personales
2,29520,AGUAYO QUIÑONEZ FATIMA MARIELA,Limitada economía,VALIDADO,2026-08-08,2026-10-02,
1,29383,AGUILAR BURGOS LADIE LAURA,Limitada economía,PENDIENTE,2026-08-07,2026-09-21,Actualizó datos personales
2,29383,AGUILAR BURGOS LADIE LAURA,Limitada economía,VALIDADO,2026-08-07,2026-10-02,
1,28799,AGUILAR ESTACIO DOMENICA ANAHY,Limitada economía,PENDIENTE,2026-08-04,2026-09-19,Actualizó datos personales
2,28799,AGUILAR ESTACIO DOMENICA ANAHY,Limitada economía,VALIDADO,2026-08-04,2026-10-02,
1,27924,AGUILAR LOPEZ DIANA CAROLINA,Limitada economía,PENDIENTE,2026-07-31,2026-09-22,Actualizó datos personales
2,27924,AGUILAR LOPEZ DIANA CAROLINA,Limitada economía,VALIDADO,2026-07-31,2026-09-30,
1,28668,AGUILERA ROSADO DENNYS ROLANDO,Limitada economía,PENDIENTE,2026-08-04,2026-09-09,Actualizó datos personales
2,28668,AGUILERA ROSADO DENNYS ROLANDO,Limitada economía,PENDIENTE,2026-08-04,2026-09-09,Actualizó datos personales
1,28476,AGUILERA ROSADO JUDITH MAYERLY,Limitada economía,PENDIENTE,2026-08-03,2026-09-21,Actualizó datos personales
1,30499,AGUIRRE AVILES GABRIELA TATIANA,Limitada economía,PENDIENTE,2026-08-13,2026-09-12,Actualizó datos personales
2,30499,AGUIRRE AVILES GABRIELA TATIANA,Limitada economía,PENDIENTE,2026-08-13,2026-09-12,Actualizó datos personales
3,30499,AGUIRRE AVILES GABRIELA TATIANA,Limitada economía,VALIDADO,2026-08-13,2026-09-30,
1,30909,AGUIRRE CEDEÑO JUSTIN RONALDO,Limitada economía,PENDIENTE,2026-08-21,2026-09-14,Actualizó datos personales
2,30909,AGUIRRE CEDEÑO JUSTIN RONALDO,Limitada economía,VALIDADO,2026-08-21,2026-09-30,
2,28077,AGUIRRE ESPINOZA HELEN ASLEHY,Limitada economía,PENDIENTE,2026-07-31,2026-09-07,Actualizó datos personales
1,28077,AGUIRRE ESPINOZA HELEN ASLEHY,Limitada economía,PENDIENTE,2026-07-31,2026-09-07,Actualizó datos personales
3,28077,AGUIRRE ESPINOZA HELEN ASLEHY,Limitada economía,VALIDADO,2026-07-31,2026-09-30,
1,27546,AGUIRRE LEON KEVIN ALEXANDER,Limitada economía,PENDIENTE,2026-07-30,2026-09-18,Actualizó datos personales
2,27607,AGUIRRE MONTENEGRO JOCELINE GIANELLA,Limitada economía,PENDIENTE,2026-07-30,2026-09-10,Actualizó datos personales
1,27607,AGUIRRE MONTENEGRO JOCELINE GIANELLA,Limitada economía,PENDIENTE,2026-07-30,2026-09-10,Actualizó datos personales
5,27607,AGUIRRE MONTENEGRO JOCELINE GIANELLA,Limitada economía,PENDIENTE,2026-07-30,2026-09-30,El estudiante actualizó el acta de compromiso y reenvió la solicitud a revisión financiera.
4,27607,AGUIRRE MONTENEGRO JOCELINE GIANELLA,Limitada economía,VALIDADO,2026-07-30,2026-09-30,
3,27607,AGUIRRE MONTENEGRO JOCELINE GIANELLA,Limitada economía,OBSERVADO,2026-07-30,2026-09-30,"SALUDOS SRTA. AGUIRRE, POR FAVOR ACTUALIZAR EL CERTIFICADO BANCARIO DEL AÑO 2026 EN EL MODULO HOJA DE VIDA DEL SGA.Nota: Subir nuevamente Acta de Compromiso firmada"
1,27466,AGUIRRE NAVAS NEISER STEVEN,Limitada economía,PENDIENTE,2026-07-30,2026-09-14,Actualizó datos personales
2,30426,AGUIRRE SANCHEZ ANABEL CAROLINA,Limitada economía,PENDIENTE,2026-08-13,2026-09-12,Actualizó datos personales
1,30426,AGUIRRE SANCHEZ ANABEL CAROLINA,Limitada economía,PENDIENTE,2026-08-13,2026-09-12,Actualizó datos personales
3,30426,AGUIRRE SANCHEZ ANABEL CAROLINA,Limitada economía,VALIDADO,2026-08-13,2026-09-30,
1,28520,ALARCON ALVARADO MARICELA ALEJANDRA,Limitada economía,PENDIENTE,2026-08-03,2026-09-23,Actualizó datos personales
2,28520,ALARCON ALVARADO MARICELA ALEJANDRA,Limitada economía,VALIDADO,2026-08-03,2026-09-30,
1,29121,ALARCON COLLANTES JESUS FELIX,Limitada economía,PENDIENTE,2026-08-06,2026-09-14,Actualizó datos personales
2,29121,ALARCON COLLANTES JESUS FELIX,Limitada economía,VALIDADO,2026-08-06,2026-10-02,
2,29277,ALARCON OLMEDO ALANIS FLOR,Limitada economía,PENDIENTE,2026-08-06,2026-09-07,Actualizó datos personales
1,29277,ALARCON OLMEDO ALANIS FLOR,Limitada economía,PENDIENTE,2026-08-06,2026-09-07,Actualizó datos personales
1,29743,ALARCON VELEZ MICHAEL STIVEN,Limitada economía,PENDIENTE,2026-08-10,2026-09-22,Actualizó datos personales
2,29743,ALARCON VELEZ MICHAEL STIVEN,Limitada economía,VALIDADO,2026-08-10,2026-09-30,
1,29668,ALAVA ABRIL LUIS ADRIAN,Limitada economía,PENDIENTE,2026-08-10,2026-09-10,Actualizó datos personales
2,29668,ALAVA ABRIL LUIS ADRIAN,Limitada economía,PENDIENTE,2026-08-10,2026-09-10,Actualizó datos personales
3,29668,ALAVA ABRIL LUIS ADRIAN,Limitada economía,VALIDADO,2026-08-10,2026-09-30,
1,29572,ALAVA BARZOLA JHON JAIRO,Limitada economía,PENDIENTE,2026-08-08,2026-09-16,Actualizó datos personales
2,28384,ALAVA CAMPUZANO KAYRA CAROLINA,Limitada economía,PENDIENTE,2026-08-02,2026-09-11,Actualizó datos personales
1,28384,ALAVA CAMPUZANO KAYRA CAROLINA,Limitada economía,PENDIENTE,2026-08-02,2026-09-11,Actualizó datos personales
1,28174,ALAVA CEVALLOS STEFANIA LILIBETH,Limitada economía,PENDIENTE,2026-08-01,2026-09-18,Actualizó datos personales
2,28174,ALAVA CEVALLOS STEFANIA LILIBETH,Limitada economía,VALIDADO,2026-08-01,2026-09-30,
1,30095,ALAVA CONFORME DIANA MARGARITA,Limitada economía,PENDIENTE,2026-08-12,2026-09-22,Actualizó datos personales
2,30095,ALAVA CONFORME DIANA MARGARITA,Limitada economía,VALIDADO,2026-08-12,2026-09-30,
1,30542,ALAVA LARA SUANY MILENA,Limitada economía,PENDIENTE,2026-08-14,2026-09-17,Actualizó datos personales
2,30542,ALAVA LARA SUANY MILENA,Limitada economía,VALIDADO,2026-08-14,2026-10-02,
1,30680,ALAVA LIMA DEYANARA DAILYD,Limitada economía,PENDIENTE,2026-08-14,2026-09-17,Actualizó datos personales
1,28573,ALAVA MONTUFAR RONALD STEEVEN,Limitada economía,PENDIENTE,2026-08-03,2026-09-21,Actualizó datos personales
2,28573,ALAVA MONTUFAR RONALD STEEVEN,Limitada economía,VALIDADO,2026-08-03,2026-09-30,
1,27448,ALAVA RAMOS JORDIN ANTONIO,Limitada economía,PENDIENTE,2026-07-29,2026-09-18,Actualizó datos personales
2,27448,ALAVA RAMOS JORDIN ANTONIO,Limitada economía,VALIDADO,2026-07-29,2026-09-30,
2,30475,ALAVA ZAMBRANO ALEJANDRA MAYLIN,Limitada economía,PENDIENTE,2026-08-13,2026-09-08,Actualizó datos personales
1,30475,ALAVA ZAMBRANO ALEJANDRA MAYLIN,Limitada economía,PENDIENTE,2026-08-13,2026-09-08,Actualizó datos personales
3,30475,ALAVA ZAMBRANO ALEJANDRA MAYLIN,Limitada economía,VALIDADO,2026-08-13,2026-09-30,
1,28350,ALAVA ZAMBRANO YAELA VIVIANA,Limitada economía,PENDIENTE,2026-08-02,2026-09-10,Actualizó datos personales
2,28350,ALAVA ZAMBRANO YAELA VIVIANA,Limitada economía,PENDIENTE,2026-08-02,2026-09-10,Actualizó datos personales
1,29102,ALCIVAR BRAVO GENESIS BRIGITTE,Limitada economía,PENDIENTE,2026-08-05,2026-09-20,Actualizó datos personales
1,30746,ALCIVAR GOMEZ JAKSON ARIEL,Limitada economía,PENDIENTE,2026-08-14,2026-09-22,Actualizó datos personales
1,27938,ALCIVAR MACIAS JENNIFER MELISSA,Limitada economía,PENDIENTE,2026-07-31,2026-09-10,Actualizó datos personales
2,27938,ALCIVAR MACIAS JENNIFER MELISSA,Limitada economía,PENDIENTE,2026-07-31,2026-09-10,Actualizó datos personales
3,27938,ALCIVAR MACIAS JENNIFER MELISSA,Limitada economía,VALIDADO,2026-07-31,2026-09-30,
1,27391,ALCIVAR MORAN NATIVIDAD LILIBETH,Limitada economía,PENDIENTE,2026-07-29,2026-09-22,Actualizó datos personales
2,27391,ALCIVAR MORAN NATIVIDAD LILIBETH,Limitada economía,VALIDADO,2026-07-29,2026-10-02,
2,30381,ALCIVAR PARRAGA JOSE MANUEL,Limitada economía,PENDIENTE,2026-08-13,2026-09-06,Actualizó datos personales
1,30381,ALCIVAR PARRAGA JOSE MANUEL,Limitada economía,PENDIENTE,2026-08-13,2026-09-06,Actualizó datos personales
3,30381,ALCIVAR PARRAGA JOSE MANUEL,Limitada economía,OBSERVADO,2026-08-13,2026-09-30,"BUEN DIA ESTIMADO ESTUDIANTE POR FAVOR SUBIR COPIA DE CEDULA LEGIBLE, DE PREFERENCIA SUBIR LA CEDULA DE LA APP GOB.ECNota: Subir nuevamente Acta de Compromiso firmada"
4,30381,ALCIVAR PARRAGA JOSE MANUEL,Limitada economía,PENDIENTE,2026-08-13,2026-10-01,Actualizó datos personales
1,28954,ALCIVAR SABANDO JENIFFER JAMILETH,Limitada economía,PENDIENTE,2026-08-05,2026-09-13,Actualizó datos personales
2,28954,ALCIVAR SABANDO JENIFFER JAMILETH,Limitada economía,VALIDADO,2026-08-05,2026-09-30,
1,29888,ALCIVAR VILLIGUA MIKE STWARD,Limitada economía,PENDIENTE,2026-08-11,2026-09-16,Actualizó datos personales
1,29942,ALDAZ MUÑOZ JENNY MARICELA,Limitada economía,PENDIENTE,2026-08-12,2026-09-22,Actualizó datos personales
2,29942,ALDAZ MUÑOZ JENNY MARICELA,Limitada economía,VALIDADO,2026-08-12,2026-09-30,
1,30345,ALMACHI YUGCHA YADIRA NATALY,Limitada economía,PENDIENTE,2026-08-13,2026-09-16,Actualizó datos personales
1,30398,ALMEIDA BONE LUIS MARIO,Limitada economía,PENDIENTE,2026-08-13,2026-09-16,Actualizó datos personales
2,30398,ALMEIDA BONE LUIS MARIO,Limitada economía,VALIDADO,2026-08-13,2026-10-02,
2,30071,ALMEIDA DIAZ NICOLE ESPERANZA,Limitada economía,PENDIENTE,2026-08-12,2026-09-10,Actualizó datos personales
1,30071,ALMEIDA DIAZ NICOLE ESPERANZA,Limitada economía,PENDIENTE,2026-08-12,2026-09-10,Actualizó datos personales
3,30071,ALMEIDA DIAZ NICOLE ESPERANZA,Limitada economía,OBSERVADO,2026-08-12,2026-09-30,"SALUDOS SRTA. ALMEIDA, POR FAVOR FIRMAR EL ACTA IGUAL QUE SU CÉDULA Y VOLVER A SUBIRLA EN EL MODULO DE AYUDAS ECONOMICAS DEL SGANota: Subir nuevamente Acta de Compromiso firmada"
4,30071,ALMEIDA DIAZ NICOLE ESPERANZA,Limitada economía,VALIDADO,2026-08-12,2026-10-01,
5,30071,ALMEIDA DIAZ NICOLE ESPERANZA,Limitada economía,PENDIENTE,2026-08-12,2026-10-01,El estudiante actualizó el acta de compromiso y reenvió la solicitud a revisión financiera.
1,30913,ALMEIDA JARA MAHOLY LISSETH,Limitada economía,PENDIENTE,2026-08-21,2026-09-22,Actualizó datos personales
1,28816,ALMEIDA MACIAS ANGYE KARINA,Limitada economía,PENDIENTE,2026-08-04,2026-09-14,Actualizó datos personales
1,30177,ALMEIDA MARTINEZ CARLOS ANTONIO,Limitada economía,PENDIENTE,2026-08-13,2026-09-15,Actualizó datos personales
1,29863,ALMEIDA MURILLO JESUS MARIA,Limitada economía,PENDIENTE,2026-08-11,2026-09-17,Actualizó datos personales
1,30584,ALMEIDA ROSS ROGER SEBASTIAN,Limitada economía,PENDIENTE,2026-08-14,2026-09-23,Actualizó datos personales
1,29466,ALMEIDA VINCES ANGEL FRANCISCO,Limitada economía,PENDIENTE,2026-08-07,2026-09-15,Actualizó datos personales
2,29466,ALMEIDA VINCES ANGEL FRANCISCO,Limitada economía,OBSERVADO,2026-08-07,2026-10-02,"ESTIMADO SR. ALMEIDA BUEN DIA: TENGA LA BONDAD, DEBE SUBIR EL CERTIFICADO BANCARIO CON FECHA ACTUALNota: Subir nuevamente Acta de Compromiso firmada"
3,29466,ALMEIDA VINCES ANGEL FRANCISCO,Limitada economía,PENDIENTE,2026-08-07,2026-10-04,El estudiante actualizó el acta de compromiso y reenvió la solicitud a revisión financiera.
1,29669,ALVARADO ALVARADO ANGIE NICOLE,Limitada economía,PENDIENTE,2026-08-10,2026-09-15,Actualizó datos personales
2,29669,ALVARADO ALVARADO ANGIE NICOLE,Limitada economía,VALIDADO,2026-08-10,2026-09-30,
1,28288,ALVARADO ALVARADO EMILIO FERNANDO,Limitada economía,PENDIENTE,2026-08-01,2026-09-15,Actualizó datos personales
2,28288,ALVARADO ALVARADO EMILIO FERNANDO,Limitada economía,VALIDADO,2026-08-01,2026-10-02,
1,29030,ALVARADO ARTEAGA JULEYDI NAHOMY,Limitada economía,PENDIENTE,2026-08-05,2026-09-15,Actualizó datos personales
1,28300,ALVARADO CEDEÑO LUIS EDUARDO,Limitada economía,PENDIENTE,2026-08-01,2026-09-14,Actualizó datos personales
2,28300,ALVARADO CEDEÑO LUIS EDUARDO,Limitada economía,VALIDADO,2026-08-01,2026-10-02,
1,28297,ALVARADO MACIAS CARLOS DAVID,Limitada economía,PENDIENTE,2026-08-01,2026-09-18,Actualizó datos personales
2,28297,ALVARADO MACIAS CARLOS DAVID,Limitada economía,VALIDADO,2026-08-01,2026-10-02,
2,30227,ALVARADO MESTANZA ROSAURA NICOLL,Limitada economía,PENDIENTE,2026-08-13,2026-09-12,Actualizó datos personales
1,30227,ALVARADO MESTANZA ROSAURA NICOLL,Limitada economía,PENDIENTE,2026-08-13,2026-09-12,Actualizó datos personales
3,30227,ALVARADO MESTANZA ROSAURA NICOLL,Limitada economía,VALIDADO,2026-08-13,2026-10-02,
1,28989,ALVAREZ ARCE JOSTIN MAURICIO,Limitada economía,PENDIENTE,2026-08-05,2026-09-17,Actualizó datos personales
1,28982,ALVAREZ BIBAS ELKIN ANDRES,Limitada economía,PENDIENTE,2026-08-05,2026-09-09,Actualizó datos personales
2,28982,ALVAREZ BIBAS ELKIN ANDRES,Limitada economía,PENDIENTE,2026-08-05,2026-09-09,Actualizó datos personales
1,30786,ALVAREZ CEREZO MAYRA ALEJANDRA,Limitada economía,PENDIENTE,2026-08-14,2026-09-18,Actualizó datos personales
2,27843,ALVAREZ CEVALLOS GABRIELA ROSARIO,Limitada economía,PENDIENTE,2026-07-30,2026-09-08,Actualizó datos personales
1,27843,ALVAREZ CEVALLOS GABRIELA ROSARIO,Limitada economía,PENDIENTE,2026-07-30,2026-09-08,Actualizó datos personales
2,28188,ALVAREZ DOMINGUEZ KARINA JOMAIRA,Limitada economía,PENDIENTE,2026-08-01,2026-09-09,Actualizó datos personales
1,28188,ALVAREZ DOMINGUEZ KARINA JOMAIRA,Limitada economía,PENDIENTE,2026-08-01,2026-09-09,Actualizó datos personales
1,30086,ALVAREZ JIMENEZ NAYELY TAHILY,Limitada economía,PENDIENTE,2026-08-12,2026-09-23,Actualizó datos personales
1,30368,ALVAREZ LARA JESLY ELAIZA,Limitada economía,PENDIENTE,2026-08-13,2026-09-15,Actualizó datos personales
1,29755,ALVAREZ MONTES XIOMARA LILIBETH,Limitada economía,PENDIENTE,2026-08-10,2026-09-14,Actualizó datos personales
1,27793,ALVAREZ RODRIGUEZ LUIS ALFREDO,Limitada economía,PENDIENTE,2026-07-30,2026-09-15,Actualizó datos personales
2,28973,ALVIA GARCIA JORLEE JOHAN,Limitada economía,PENDIENTE,2026-08-05,2026-09-09,Actualizó datos personales
1,28973,ALVIA GARCIA JORLEE JOHAN,Limitada economía,PENDIENTE,2026-08-05,2026-09-09,Actualizó datos personales
1,27787,ALVIA PULUA JAMILETH YOMIRA,Limitada economía,PENDIENTE,2026-07-30,2026-09-23,Actualizó datos personales
1,29799,ALVIA VILLEGAS AXEL ALEXANDER,Limitada economía,PENDIENTE,2026-08-11,2026-09-14,Actualizó datos personales
1,30742,AMAGUA SACON ROBYN WILLIAN,Limitada economía,PENDIENTE,2026-08-14,2026-09-21,Actualizó datos personales
1,30616,ANALUISA ALCIVAR RUBY SALOME,Limitada economía,PENDIENTE,2026-08-14,2026-09-09,Actualizó datos personales
2,30616,ANALUISA ALCIVAR RUBY SALOME,Limitada economía,PENDIENTE,2026-08-14,2026-09-09,Actualizó datos personales
3,30616,ANALUISA ALCIVAR RUBY SALOME,Limitada economía,OBSERVADO,2026-08-14,2026-09-30,"BUEN DIA ESTIMADA ESTUDIANTE POR FAVOR SUBIR COPIA DE CEDULA, CERTIFICADO DE BANCARIO ACTUAL Y ACTA DE COMPROMISO ESCANEADOS EN FORMATO PDF LEGIBLE (NO FOTO) DE PREFERENCIA SUBIR LA CEDULA DE LA APP GOB.ECNota: Subir nuevamente Acta de Compromiso firmada"
4,30616,ANALUISA ALCIVAR RUBY SALOME,Limitada economía,PENDIENTE,2026-08-14,2026-10-01,El estudiante actualizó el acta de compromiso y reenvió la solicitud a revisión financiera.
2,28319,ANALUISA SANCHEZ CARLOS EDUARDO,Limitada economía,PENDIENTE,2026-08-02,2026-09-11,Actualizó datos personales
1,28319,ANALUISA SANCHEZ CARLOS EDUARDO,Limitada economía,PENDIENTE,2026-08-02,2026-09-11,Actualizó datos personales
1,27881,ANCHATUÑA JIMENEZ MORELIA BRIGITTE,Limitada economía,PENDIENTE,2026-07-31,2026-09-17,Actualizó datos personales
2,27881,ANCHATUÑA JIMENEZ MORELIA BRIGITTE,Limitada economía,VALIDADO,2026-07-31,2026-09-30,
1,28635,ANCHUNDIA CEDEÑO JULEIDY NAYELI,Limitada economía,PENDIENTE,2026-08-03,2026-09-15,Actualizó datos personales
2,28635,ANCHUNDIA CEDEÑO JULEIDY NAYELI,Limitada economía,VALIDADO,2026-08-03,2026-10-02,
1,29423,ANCHUNDIA CENTENO GISELLA SHAMARA,Limitada economía,PENDIENTE,2026-08-07,2026-09-16,Actualizó datos personales
2,29423,ANCHUNDIA CENTENO GISELLA SHAMARA,Limitada economía,OBSERVADO,2026-08-07,2026-10-02,"ESTIMADA SRTA ANCHUNDIA BUENAS TARDES: TENGA LA BONDAD LA FECHA DE EXPIRACION DE LA CEDULA ESTÁ CADUCADO, ES DECIR DEBE SUBIR UNA NUEVA CEDULA; EL CERTIFICADO BANCARIO DEBE SER DE FECHA ACTUAL. GRACIASNota: Subir nuevamente Acta de Compromiso firmada"
1,30358,ANCHUNDIA MACIAS INGRID MARIBEL,Limitada economía,PENDIENTE,2026-08-13,2026-09-21,Actualizó datos personales
1,28829,ANCHUNDIA MOREIRA GEISON ALEXI,Limitada economía,PENDIENTE,2026-08-04,2026-09-19,Actualizó datos personales
2,28829,ANCHUNDIA MOREIRA GEISON ALEXI,Limitada economía,VALIDADO,2026-08-04,2026-10-02,
2,29771,ANCHUNDIA SUAREZ FELIX EDUARDO,Limitada economía,PENDIENTE,2026-08-11,2026-09-11,Actualizó datos personales
1,29771,ANCHUNDIA SUAREZ FELIX EDUARDO,Limitada economía,PENDIENTE,2026-08-11,2026-09-11,Actualizó datos personales
1,27575,ANCHUNDIA VELEZ WILSON JOSE,Limitada economía,PENDIENTE,2026-07-30,2026-09-07,Actualizó datos personales
2,27575,ANCHUNDIA VELEZ WILSON JOSE,Limitada economía,PENDIENTE,2026-07-30,2026-09-07,Actualizó datos personales
3,27575,ANCHUNDIA VELEZ WILSON JOSE,Limitada economía,VALIDADO,2026-07-30,2026-09-30,
1,29204,ANDAGANA RUMIGUANO JOHANNA BELEN,Limitada economía,PENDIENTE,2026-08-06,2026-09-11,Actualizó datos personales
2,29204,ANDAGANA RUMIGUANO JOHANNA BELEN,Limitada economía,PENDIENTE,2026-08-06,2026-09-11,Actualizó datos personales
3,29204,ANDAGANA RUMIGUANO JOHANNA BELEN,Limitada economía,VALIDADO,2026-08-06,2026-09-30,
2,30944,ANDAGOYA BURGOS JHAIR MARINO,Limitada economía,PENDIENTE,2026-08-24,2026-09-11,Actualizó datos personales
1,30944,ANDAGOYA BURGOS JHAIR MARINO,Limitada economía,PENDIENTE,2026-08-24,2026-09-11,Actualizó datos personales
1,29614,ANDALUZ VELEZ JULEXY INDELIRA,Limitada economía,PENDIENTE,2026-08-09,2026-09-10,Actualizó datos personales
2,29614,ANDALUZ VELEZ JULEXY INDELIRA,Limitada economía,PENDIENTE,2026-08-09,2026-09-10,Actualizó datos personales
1,29613,ANDALUZ VELEZ JULEYDI NAHOMY,Limitada economía,PENDIENTE,2026-08-09,2026-09-18,Actualizó datos personales
2,29613,ANDALUZ VELEZ JULEYDI NAHOMY,Limitada economía,VALIDADO,2026-08-09,2026-10-02,
1,30841,ANDI LANZA JANINA BEATRIZ,Limitada economía,PENDIENTE,2026-08-15,2026-09-23,Actualizó datos personales
2,30841,ANDI LANZA JANINA BEATRIZ,Limitada economía,VALIDADO,2026-08-15,2026-10-02,
1,30006,ANDRADE ANCHUNDIA GABRIEL STUANY,Limitada economía,PENDIENTE,2026-08-12,2026-09-08,Actualizó datos personales
2,30006,ANDRADE ANCHUNDIA GABRIEL STUANY,Limitada economía,PENDIENTE,2026-08-12,2026-09-08,Actualizó datos personales
3,30006,ANDRADE ANCHUNDIA GABRIEL STUANY,Limitada economía,PENDIENTE,2026-08-12,2026-09-30,El estudiante actualizó el acta de compromiso y reenvió la solicitud a revisión financiera.
4,30006,ANDRADE ANCHUNDIA GABRIEL STUANY,Limitada economía,OBSERVADO,2026-08-12,2026-09-30,BUEN DIA ESTIMADO ESTUDIANTE POR FAVOR SUBIR COPIA DE CEDULA Y ACTA DE COMPROMISO ESCANEADOS EN FORMATO PDF LEGIBLE (NO FOTO) DE PREFERENCIA SUBIR LA CEDULA DE LA APP GOB.ECNota: Subir nuevamente Acta de Compromiso firmada
1,30205,ANDRADE BONES WILSON STIVEN,Limitada economía,PENDIENTE,2026-08-13,2026-08-31,Actualizó datos personales
1,28827,ANDRADE GANCHOZO EVELYN VIVIANA,Limitada economía,PENDIENTE,2026-08-04,2026-09-16,Actualizó datos personales
2,28827,ANDRADE GANCHOZO EVELYN VIVIANA,Limitada economía,PENDIENTE,2026-08-04,2026-10-02,El estudiante actualizó el acta de compromiso y reenvió la solicitud a revisión financiera.
3,28827,ANDRADE GANCHOZO EVELYN VIVIANA,Limitada economía,OBSERVADO,2026-08-04,2026-10-02,ESTIMADA SRTA ANDRADE BUENAS TARDES: TENGA LA BONDAD LA FIRMA DEL ACTA NO COINCIDE CON LA CEDULA. REPETIR FIRMA Y VOLVER A SUBIR EL ACTA. GRACIASNota: Subir nuevamente Acta de Compromiso firmada
1,29858,ANDRADE MERO JOSTIN RONALD,Limitada economía,PENDIENTE,2026-08-11,2026-09-23,Actualizó datos personales
1,30237,ANDRADE SUAREZ SCARLETH JAMILET,Limitada economía,PENDIENTE,2026-08-13,2026-09-15,Actualizó datos personales
1,29868,ANGULO VARELA MELANIE THALIA,Limitada economía,PENDIENTE,2026-08-11,2026-09-16,Actualizó datos personales
2,29868,ANGULO VARELA MELANIE THALIA,Limitada economía,VALIDADO,2026-08-11,2026-10-02,
1,30739,ANZULES OÑA JOHAURY ALBERTO,Limitada economía,PENDIENTE,2026-08-14,2026-09-21,Actualizó datos personales
2,30739,ANZULES OÑA JOHAURY ALBERTO,Limitada economía,VALIDADO,2026-08-14,2026-09-30,
2,30335,ANZULES VERA MELANIE GABRIELA,Limitada economía,PENDIENTE,2026-08-13,2026-09-08,Actualizó datos personales
1,30335,ANZULES VERA MELANIE GABRIELA,Limitada economía,PENDIENTE,2026-08-13,2026-09-08,Actualizó datos personales
1,28806,ARAGUNDI SABANDO LAURA GISELLA,Limitada economía,PENDIENTE,2026-08-04,2026-09-23,Actualizó datos personales
2,28806,ARAGUNDI SABANDO LAURA GISELLA,Limitada economía,VALIDADO,2026-08-04,2026-09-30,
1,29690,ARANA ALAVA BRITHANY FRANSHESKA,Limitada economía,PENDIENTE,2026-08-10,2026-09-25,Actualizó datos personales
1,29739,ARANA ALAVA VIELKA YULISSA,Limitada economía,PENDIENTE,2026-08-10,2026-09-18,Actualizó datos personales
2,29739,ARANA ALAVA VIELKA YULISSA,Limitada economía,VALIDADO,2026-08-10,2026-10-02,
1,30453,ARANA MENDOZA LUISA FERNANDA,Limitada economía,PENDIENTE,2026-08-13,2026-09-17,Actualizó datos personales
2,30164,ARANA VELIZ YILLY YARITHA,Limitada economía,PENDIENTE,2026-08-13,2026-09-07,Actualizó datos personales
1,30164,ARANA VELIZ YILLY YARITHA,Limitada economía,PENDIENTE,2026-08-13,2026-09-07,Actualizó datos personales
4,30164,ARANA VELIZ YILLY YARITHA,Limitada economía,PENDIENTE,2026-08-13,2026-09-30,El estudiante actualizó el acta de compromiso y reenvió la solicitud a revisión financiera.
3,30164,ARANA VELIZ YILLY YARITHA,Limitada economía,OBSERVADO,2026-08-13,2026-09-30,"BUEN DIA ESTIMADA ESTUDIANTE POR FAVOR SUBIR COPIA DE CEDULA, CERTIFICADO BANCARIO Y ACTA DE COMPROMISO EN LOS RESPECTIVOS MODULOS, GRACIAS (CEDULA Y CERTIFICADO BANCARIO SE SUBEN EN EL MODULO DE HOJA DE VIDA Y EL ACTA DE OTORGAMIENTO EN EL MODULO DE AYUDAS ECONOMICAS)Nota: Subir nuevamente Acta de Compromiso firmada"
1,29122,ARANA VERGARA DARLIN KEVIN,Limitada economía,PENDIENTE,2026-08-06,2026-09-18,Actualizó datos personales
1,29123,ARANA VERGARA NELLY MAGALY,Limitada economía,PENDIENTE,2026-08-06,2026-09-18,Actualizó datos personales
3,29123,ARANA VERGARA NELLY MAGALY,Limitada economía,PENDIENTE,2026-08-06,2026-10-02,Actualizó datos personales
2,29123,ARANA VERGARA NELLY MAGALY,Limitada economía,OBSERVADO,2026-08-06,2026-10-02,"ESTIMADA SRTA ARANA, BUENAS TARDES: TENGA LA BONDAD EL CERTIFICADO BANCARIO DEBE SER CON FECHA ACTUAL. GRACIASNota: Subir nuevamente Acta de Compromiso firmada"
1,30752,ARANA ZURITA MAYERLI ARIANNA,Limitada economía,PENDIENTE,2026-08-14,2026-09-16,Actualizó datos personales
2,30752,ARANA ZURITA MAYERLI ARIANNA,Limitada economía,VALIDADO,2026-08-14,2026-10-02,
1,28324,ARANDA SALTOS SCARLETT ANGELINA,Limitada economía,PENDIENTE,2026-08-02,2026-08-31,Actualizó datos personales
1,27298,ARAUZ FELIX ALFREDO ALEXANDER,Limitada economía,PENDIENTE,2026-07-29,2026-09-22,Actualizó datos personales
1,30883,ARAUZ FELIX ANDY CHRISTIAN,Limitada economía,PENDIENTE,2026-08-18,2026-09-22,Actualizó datos personales
1,28968,ARCE CARRANZA MELISSA MERCEDES,Limitada economía,PENDIENTE,2026-08-05,2026-09-22,Actualizó datos personales
1,30201,ARCE PACHECO NAHOMI NAYERLI,Limitada economía,PENDIENTE,2026-08-13,2026-09-22,Actualizó datos personales
2,30201,ARCE PACHECO NAHOMI NAYERLI,Limitada economía,OBSERVADO,2026-08-13,2026-10-02,"ESTIMADA SRTA ARCE, BUENAS TARDES: TENGA LA BONDAD EL CERTIFICADO BANCARIO DEBE SER CON FECHA ACTUAL. GRACIASNota: Subir nuevamente Acta de Compromiso firmada"
3,30201,ARCE PACHECO NAHOMI NAYERLI,Limitada economía,PENDIENTE,2026-08-13,2026-10-03,El estudiante actualizó el acta de compromiso y reenvió la solicitud a revisión financiera.
1,29532,ARCOS NARANJO ANTHONY ALEJANDRO,Limitada economía,PENDIENTE,2026-08-08,2026-09-14,Actualizó datos personales
1,27417,ARELLANO MENDOZA DENISSE PAULINA,Limitada economía,PENDIENTE,2026-07-29,2026-09-16,Actualizó datos personales
3,27417,ARELLANO MENDOZA DENISSE PAULINA,Limitada economía,PENDIENTE,2026-07-29,2026-10-02,El estudiante actualizó el acta de compromiso y reenvió la solicitud a revisión financiera.
2,27417,ARELLANO MENDOZA DENISSE PAULINA,Limitada economía,OBSERVADO,2026-07-29,2026-10-02,"ESTIMADA SRTA. ARELLANO, BUENAS TARDES: TENGA LA BONDAD LA FIRMA EN EL ACTA NO COINCIDE CON LA FIRMA DE LA CEDULA. GRACIASNota: Subir nuevamente Acta de Compromiso firmada"
1,27738,AREVALO BETANCOURT CARLOS LENIN,Limitada economía,PENDIENTE,2026-07-30,2026-09-01,Actualizó datos personales
2,27738,AREVALO BETANCOURT CARLOS LENIN,Limitada economía,PENDIENTE,2026-07-30,2026-09-01,Actualizó datos personales
3,27738,AREVALO BETANCOURT CARLOS LENIN,Limitada economía,VALIDADO,2026-07-30,2026-09-30,
1,27731,AREVALO BETANCOURT EVELYN VANESSA,Limitada economía,PENDIENTE,2026-07-30,2026-09-22,Actualizó datos personales
2,27731,AREVALO BETANCOURT EVELYN VANESSA,Limitada economía,VALIDADO,2026-07-30,2026-09-30,
1,30037,AREVALO BRAVO JENNIFER DAYLI,Limitada economía,PENDIENTE,2026-08-12,2026-09-16,Actualizó datos personales
2,29861,AREVALO REYES RONNY ABEL,Limitada economía,PENDIENTE,2026-08-11,2026-09-12,Actualizó datos personales
1,29861,AREVALO REYES RONNY ABEL,Limitada economía,PENDIENTE,2026-08-11,2026-09-12,Actualizó datos personales
3,29861,AREVALO REYES RONNY ABEL,Limitada economía,VALIDADO,2026-08-11,2026-10-02,
1,29721,AREVALO VARGAS JHON WILLIAM,Limitada economía,PENDIENTE,2026-08-10,2026-09-17,Actualizó datos personales
2,29721,AREVALO VARGAS JHON WILLIAM,Limitada economía,VALIDADO,2026-08-10,2026-09-30,
1,30768,AREVALO VILELA SKARLET PAMELA,Limitada economía,PENDIENTE,2026-08-14,2026-09-18,Actualizó datos personales
1,28292,ARGUELLO ZAMBRANO JENNYFER ANDREA,Limitada economía,PENDIENTE,2026-08-01,2026-09-15,Actualizó datos personales
1,30332,ARIAS SOLORZANO NICOLE MELISSA,Limitada economía,PENDIENTE,2026-08-13,2026-09-18,Actualizó datos personales
2,30332,ARIAS SOLORZANO NICOLE MELISSA,Limitada economía,VALIDADO,2026-08-13,2026-10-02,
1,28833,ARIAS VERA JENNIFFER PAMELA,Limitada economía,PENDIENTE,2026-08-04,2026-09-20,Actualizó datos personales
1,30400,ARMIJO ALARCON NICOLE ANDREINA,Limitada economía,PENDIENTE,2026-08-13,2026-09-12,Actualizó datos personales
2,30400,ARMIJO ALARCON NICOLE ANDREINA,Limitada economía,PENDIENTE,2026-08-13,2026-09-12,Actualizó datos personales
1,27852,ARMIJO SABANDO ASHLY PAMELA,Limitada economía,PENDIENTE,2026-07-30,2026-09-21,Actualizó datos personales
2,27852,ARMIJO SABANDO ASHLY PAMELA,Limitada economía,VALIDADO,2026-07-30,2026-10-02,
2,28390,ARMIJO VERA ARIEL ADRIAN,Limitada economía,PENDIENTE,2026-08-02,2026-09-09,Actualizó datos personales
1,28390,ARMIJO VERA ARIEL ADRIAN,Limitada economía,PENDIENTE,2026-08-02,2026-09-09,Actualizó datos personales
4,28390,ARMIJO VERA ARIEL ADRIAN,Limitada economía,PENDIENTE,2026-08-02,2026-09-30,El estudiante actualizó el acta de compromiso y reenvió la solicitud a revisión financiera.
3,28390,ARMIJO VERA ARIEL ADRIAN,Limitada economía,OBSERVADO,2026-08-02,2026-09-30,"BUEN DIA ESTIMADO ESTUDIANTE POR FAVOR SUBIR CERTIFICADO BANCARIO ACTUALIZADO, GRACIASNota: Subir nuevamente Acta de Compromiso firmada"
1,29432,ARMIJO ZAMBRANO LIZETH MALLERLY,Limitada economía,PENDIENTE,2026-08-07,2026-09-16,Actualizó datos personales
2,29432,ARMIJO ZAMBRANO LIZETH MALLERLY,Limitada economía,VALIDADO,2026-08-07,2026-10-02,
2,29608,AROCA MINDIOLA JHON LUIS,Limitada economía,PENDIENTE,2026-08-09,2026-09-10,Actualizó datos personales
1,29608,AROCA MINDIOLA JHON LUIS,Limitada economía,PENDIENTE,2026-08-09,2026-09-10,Actualizó datos personales
3,29608,AROCA MINDIOLA JHON LUIS,Limitada economía,OBSERVADO,2026-08-09,2026-09-30,"BUEN DIA ESTIMADO ESTUDIANTE POR FAVOR SUBIR COPIA DE CEDULA ACTUALIZADA DE MAYOR DE EDAD Y LA FIRMA EN EL ACTA DE COMPROMISO DEBE SER IGUAL A LA FIRMA DE LA CEDULA, GRACIASNota: Subir nuevamente Acta de Compromiso firmada"
4,29608,AROCA MINDIOLA JHON LUIS,Limitada economía,PENDIENTE,2026-08-09,2026-10-02,El estudiante actualizó el acta de compromiso y reenvió la solicitud a revisión financiera.
1,28946,ARREAGA CORREA PABLO ISAAC,Limitada economía,PENDIENTE,2026-08-05,2026-09-19,Actualizó datos personales
2,27574,ARRICIAGA COBEÑA CARLOS ANDRES,Limitada economía,PENDIENTE,2026-07-30,2026-09-07,Actualizó datos personales
1,27574,ARRICIAGA COBEÑA CARLOS ANDRES,Limitada economía,PENDIENTE,2026-07-30,2026-09-07,Actualizó datos personales
3,27574,ARRICIAGA COBEÑA CARLOS ANDRES,Limitada economía,VALIDADO,2026-07-30,2026-09-30,
1,28988,ARROYO SANTILLAN SOFIA ELIZABETH,Limitada economía,PENDIENTE,2026-08-05,2026-09-14,Actualizó datos personales
2,28988,ARROYO SANTILLAN SOFIA ELIZABETH,Limitada economía,VALIDADO,2026-08-05,2026-10-02,
1,30541,ARTEAGA ALAVA DANELA DAYANA,Limitada economía,PENDIENTE,2026-08-14,2026-09-23,Actualizó datos personales
2,27340,ARTEAGA GARCIA KEVIN JAVIER,Limitada economía,PENDIENTE,2026-07-29,2026-09-02,Actualizó datos personales
1,27340,ARTEAGA GARCIA KEVIN JAVIER,Limitada economía,PENDIENTE,2026-07-29,2026-09-02,Actualizó datos personales
1,29413,ARTEAGA LOOR ASLHEY MARIEL,Limitada economía,PENDIENTE,2026-08-07,2026-09-13,Actualizó datos personales
2,29415,ARTEAGA LOOR ELIAN MATEO,Limitada economía,PENDIENTE,2026-08-07,2026-09-11,Actualizó datos personales
1,29415,ARTEAGA LOOR ELIAN MATEO,Limitada economía,PENDIENTE,2026-08-07,2026-09-11,Actualizó datos personales
3,29415,ARTEAGA LOOR ELIAN MATEO,Limitada economía,VALIDADO,2026-08-07,2026-09-30,
1,28027,ARTURO MACIAS DAMARIS ISABELA,Limitada economía,PENDIENTE,2026-07-31,2026-09-24,Actualizó datos personales
1,27706,ASENCIO MARTINEZ BRYAN DAVID,Limitada economía,PENDIENTE,2026-07-30,2026-08-30,Actualizó datos personales
4,27706,ASENCIO MARTINEZ BRYAN DAVID,Limitada economía,PENDIENTE,2026-07-30,2026-09-30,El estudiante actualizó el acta de compromiso y reenvió la solicitud a revisión financiera.
2,27706,ASENCIO MARTINEZ BRYAN DAVID,Limitada economía,OBSERVADO,2026-07-30,2026-09-30,"SALUDOS SR. ASENCIO, POR FAVOR ACTUALIZAR SU CÉDULA POR UN DOCUMENTO LEGIBLE Y EL CERTIFICADO BANCARIO DEL 2026 EN EL MODULO HOJA DE VIDA  DEL SGA.Nota: Subir nuevamente Acta de Compromiso firmada"
3,27706,ASENCIO MARTINEZ BRYAN DAVID,Limitada economía,OBSERVADO,2026-07-30,2026-09-30,"GRACIAS POR SU GESTIÓN, PERO NO ACTUALIZÓ LOS DOCUMENTOS INDICADOS, EL PDF DE SU CÉDULA ACTUALMENTE NO ES LEGIBLE Y EL CERTIFICADO ES DEL AÑO 2025, POR FAVOR ACTUALIZAR AMBOS DOCUMENTOS EN EL MÓDULO HOJA DE VIDA DEL SGA, SE SUGIERE QUE PRIMERO ELIMINE LOS ARCHIVOS ANTIGUOS Y LUEGO CARGUE LOS NUEVOS.Nota: Subir nuevamente Acta de Compromiso firmada"
5,27706,ASENCIO MARTINEZ BRYAN DAVID,Limitada economía,VALIDADO,2026-07-30,2026-10-02,
2,29331,ASPIAZU CHEVEZ EMELY MADELINE,Limitada economía,PENDIENTE,2026-08-06,2026-09-08,Actualizó datos personales
1,29331,ASPIAZU CHEVEZ EMELY MADELINE,Limitada economía,PENDIENTE,2026-08-06,2026-09-08,Actualizó datos personales
2,30735,AUHING SANCHEZ YANDER KALEB,Limitada economía,PENDIENTE,2026-08-14,2026-09-12,Actualizó datos personales
1,30735,AUHING SANCHEZ YANDER KALEB,Limitada economía,PENDIENTE,2026-08-14,2026-09-12,Actualizó datos personales
1,29035,AVELLAN CRUZ LUIS DANIEL,Limitada economía,PENDIENTE,2026-08-05,2026-09-19,Actualizó datos personales
1,29396,AVILA INTRIAGO MIRLEY ANAHI,Limitada economía,PENDIENTE,2026-08-07,2026-09-19,Actualizó datos personales
2,29396,AVILA INTRIAGO MIRLEY ANAHI,Limitada economía,VALIDADO,2026-08-07,2026-10-02,
2,30173,AVILA MASAPANTA JASON JAZMANY,Limitada economía,PENDIENTE,2026-08-13,2026-09-11,Actualizó datos personales
1,30173,AVILA MASAPANTA JASON JAZMANY,Limitada economía,PENDIENTE,2026-08-13,2026-09-11,Actualizó datos personales
1,30531,AVILA PARRAGA JORDAN SHANDE,Limitada economía,PENDIENTE,2026-08-13,2026-09-09,Actualizó datos personales
2,30531,AVILA PARRAGA JORDAN SHANDE,Limitada economía,PENDIENTE,2026-08-13,2026-09-09,Actualizó datos personales
1,29457,AVILA PERALTA KERLY YADIRA,Limitada economía,PENDIENTE,2026-08-07,2026-09-22,Actualizó datos personales
2,29457,AVILA PERALTA KERLY YADIRA,Limitada economía,VALIDADO,2026-08-07,2026-10-02,
1,30101,AVILA SUAREZ NICOLE ANGELINA,Limitada economía,PENDIENTE,2026-08-12,2026-09-22,Actualizó datos personales
1,30467,AVILA VERA DAYLA MALENA,Limitada economía,PENDIENTE,2026-08-13,2026-09-17,Actualizó datos personales
1,30277,AVILES CEDEÑO PAULINA ESTEFANIA,Limitada economía,PENDIENTE,2026-08-13,2026-09-04,Actualizó datos personales
2,30277,AVILES CEDEÑO PAULINA ESTEFANIA,Limitada economía,PENDIENTE,2026-08-13,2026-09-04,Actualizó datos personales
1,30523,AYALA LARA BRIGGITTE ODALIS,Limitada economía,PENDIENTE,2026-08-13,2026-09-14,Actualizó datos personales
1,30836,AYALA MEDINA ANTHONY ALEXANDER,Limitada economía,PENDIENTE,2026-08-15,2026-09-18,Actualizó datos personales
2,30836,AYALA MEDINA ANTHONY ALEXANDER,Limitada economía,PENDIENTE,2026-08-15,2026-09-30,El estudiante actualizó el acta de compromiso y reenvió la solicitud a revisión financiera.
4,30836,AYALA MEDINA ANTHONY ALEXANDER,Limitada economía,VALIDADO,2026-08-15,2026-09-30,
3,30836,AYALA MEDINA ANTHONY ALEXANDER,Limitada economía,OBSERVADO,2026-08-15,2026-09-30,"SALUDOS SR. AYALA, POR FAVOR SUBIR SU CEDULA LEGIBLE Y COMPLETA (AMBOS LADOS) EN EL MODULO HOJA DE VIDA DEL SGANota: Subir nuevamente Acta de Compromiso firmada"
1,30051,AYALA MUÑOZ DAVID ALEJANDRO,Limitada economía,PENDIENTE,2026-08-12,2026-09-17,Actualizó datos personales
1,27259,AYALA SANTILLAN GABRIELA SELENA,Limitada economía,PENDIENTE,2026-07-29,2026-09-18,Actualizó datos personales
2,27259,AYALA SANTILLAN GABRIELA SELENA,Limitada economía,OBSERVADO,2026-07-29,2026-09-30,"BUEN DIA ESTIMADA ESTUDIANTE POR FAVOR SUBIR CERTIFICADO BANCARIO ACTUALIZADO, GRACIASNota: Subir nuevamente Acta de Compromiso firmada"
3,27259,AYALA SANTILLAN GABRIELA SELENA,Limitada economía,PENDIENTE,2026-07-29,2026-09-30,El estudiante actualizó el acta de compromiso y reenvió la solicitud a revisión financiera.
2,30656,AYOSA TAPIA MEYBER THAIS,Limitada economía,PENDIENTE,2026-08-14,2026-09-07,Actualizó datos personales
1,30656,AYOSA TAPIA MEYBER THAIS,Limitada economía,PENDIENTE,2026-08-14,2026-09-07,Actualizó datos personales
4,30656,AYOSA TAPIA MEYBER THAIS,Limitada economía,OBSERVADO,2026-08-14,2026-09-30,"BUEN DIA ESTIMADA ESTUDIANTE POR FAVOR SUBIR COPIA DE CEDULA ACTUALIZADA DE MAYOR DE EDAD DE PREFERENCIA DE LA APP GOB.EC Y LA FIRMA EN EL ACTA DE COMPROMISO DEBE SER IGUAL A LA FIRMA DE LA CEDULA, ADEMAS DEBE ACTUALIZAR EL CERTIFICADO BANCARIO GRACIASNota: Subir nuevamente Acta de Compromiso firmada"
3,30656,AYOSA TAPIA MEYBER THAIS,Limitada economía,PENDIENTE,2026-08-14,2026-09-30,El estudiante actualizó el acta de compromiso y reenvió la solicitud a revisión financiera.
1,27814,BAIDAL CHANCAY ERIKA JOSELYN,Limitada economía,PENDIENTE,2026-07-30,2026-09-08,Actualizó datos personales
2,27814,BAIDAL CHANCAY ERIKA JOSELYN,Limitada economía,PENDIENTE,2026-07-30,2026-09-08,Actualizó datos personales
3,27814,BAIDAL CHANCAY ERIKA JOSELYN,Limitada economía,PENDIENTE,2026-07-30,2026-09-30,El estudiante actualizó el acta de compromiso y reenvió la solicitud a revisión financiera.
4,27814,BAIDAL CHANCAY ERIKA JOSELYN,Limitada economía,OBSERVADO,2026-07-30,2026-09-30,BUEN DIA ESTIMADA ESTUDIANTE POR FAVOR SUBIR COPIA DE CEDULA Y ACTA DE COMPROMISO ESCANEADOS EN FORMATO PDF LEGIBLE (NO FOTO) DE PREFERENCIA SUBIR LA CEDULA DE LA APP GOB.ECNota: Subir nuevamente Acta de Compromiso firmada
1,28317,BAILON ROMERO JEAMPIERE ALEXANDER,Limitada economía,PENDIENTE,2026-08-02,2026-09-03,Actualizó datos personales
2,28317,BAILON ROMERO JEAMPIERE ALEXANDER,Limitada economía,PENDIENTE,2026-08-02,2026-09-03,Actualizó datos personales
1,27535,BAJAÑA DUME NAYELY ELIZABETH,Limitada economía,PENDIENTE,2026-07-30,2026-09-14,Actualizó datos personales
1,29991,BAJAÑA LUNA FERNANDA ANGELY,Limitada economía,PENDIENTE,2026-08-12,2026-09-16,Actualizó datos personales
1,30445,BAJAÑA PUNIN KENLLY ZULEYKA,Limitada economía,PENDIENTE,2026-08-13,2026-09-15,Actualizó datos personales
1,28139,BAJAÑA RICAURTE ADANELLY BRIGIT,Limitada economía,PENDIENTE,2026-07-31,2026-09-16,Actualizó datos personales
3,28139,BAJAÑA RICAURTE ADANELLY BRIGIT,Limitada economía,PENDIENTE,2026-07-31,2026-10-02,Actualizó datos personales
2,28139,BAJAÑA RICAURTE ADANELLY BRIGIT,Limitada economía,OBSERVADO,2026-07-31,2026-10-02,"ESTIMADA SRTA BAJAÑA, BUENAS TARDES: TENGA LA BONDAD LA FIRMA EN EL ACTA NO COINCIDE CON LA FIRMA DE LA CEDULA, CORREGIR. GRACIASNota: Subir nuevamente Acta de Compromiso firmada"
1,28037,BAJAÑA ZAMBRANO SKARLETH LISETH,Limitada economía,PENDIENTE,2026-07-31,2026-09-04,Actualizó datos personales
2,28037,BAJAÑA ZAMBRANO SKARLETH LISETH,Limitada economía,PENDIENTE,2026-07-31,2026-09-04,Actualizó datos personales
4,28037,BAJAÑA ZAMBRANO SKARLETH LISETH,Limitada economía,PENDIENTE,2026-07-31,2026-09-30,El estudiante actualizó el acta de compromiso y reenvió la solicitud a revisión financiera.
3,28037,BAJAÑA ZAMBRANO SKARLETH LISETH,Limitada economía,OBSERVADO,2026-07-31,2026-09-30,"BUEN DIA ESTIMADA ESTUDIANTE POR FAVOR SUBIR COPIA DE CEDULA, CERTIFICADO BANCARIO Y ACTA DE COMPROMISO EN LOS RESPECTIVOS MODULOS, GRACIAS (CEDULA Y CERTIFICADO BANCARIO SE SUBEN EN EL MODULO DE HOJA DE VIDA Y EL ACTA DE OTORGAMIENTO EN EL MODULO DE AYUDAS ECONOMICAS)Nota: Subir nuevamente Acta de Compromiso firmada"
1,28908,BALDEON CEREZO LEONARDO ALEXIS,Limitada economía,PENDIENTE,2026-08-04,2026-09-22,Actualizó datos personales
1,28767,BALTAN HOLGUIN KEVIN JOEL,Limitada economía,PENDIENTE,2026-08-04,2026-09-09,Actualizó datos personales
2,28767,BALTAN HOLGUIN KEVIN JOEL,Limitada economía,PENDIENTE,2026-08-04,2026-09-09,Actualizó datos personales
1,28386,BANCHEN CHICHANDE DAYANARA ELAINE,Limitada economía,PENDIENTE,2026-08-02,2026-09-18,Actualizó datos personales
1,30747,BAQUE CASTILLO ERICK BRANDON,Limitada economía,PENDIENTE,2026-08-14,2026-09-17,Actualizó datos personales
1,29519,BAQUE CHIFLA JONATHAN JAVIER,Limitada economía,PENDIENTE,2026-08-08,2026-09-22,Actualizó datos personales
2,28029,BAQUE GUERRA CRISTEL ARIANA,Limitada economía,PENDIENTE,2026-07-31,2026-09-11,Actualizó datos personales
1,28029,BAQUE GUERRA CRISTEL ARIANA,Limitada economía,PENDIENTE,2026-07-31,2026-09-11,Actualizó datos personales
3,28029,BAQUE GUERRA CRISTEL ARIANA,Limitada economía,PENDIENTE,2026-07-31,2026-10-02,Actualizó datos personales
4,28029,BAQUE GUERRA CRISTEL ARIANA,Limitada economía,OBSERVADO,2026-07-31,2026-10-02,"ESTIMADA SRTA.BAQUE, BUENAS TARDES: TENGA LA BONDAD LA FIRMA EN EL ACTA NO COINCIDE CON LA FIRMA DE LA CEDULA, CORREGIR. GRACIASNota: Subir nuevamente Acta de Compromiso firmada"
1,30097,BAQUE JACHO MIRLEY ADAMARIS,Limitada economía,PENDIENTE,2026-08-12,2026-09-15,Actualizó datos personales
1,27218,BAQUERIZO CONTRERAS ANTONIA JUANA,Limitada economía,PENDIENTE,2026-07-29,2026-09-14,Actualizó datos personales
1,29751,BAQUERO GONGORA TAHIS DAYANA,Limitada economía,PENDIENTE,2026-08-10,2026-09-23,Actualizó datos personales
1,29542,BARBOTO MACIAS DANNY ADALBERTO,Limitada economía,PENDIENTE,2026-08-08,2026-09-14,Actualizó datos personales
1,28793,BARCIA VILLA JESSENIA BEATRIZ,Limitada economía,PENDIENTE,2026-08-04,2026-09-01,Actualizó datos personales
2,28793,BARCIA VILLA JESSENIA BEATRIZ,Limitada economía,PENDIENTE,2026-08-04,2026-09-01,Actualizó datos personales
1,30796,BAREN SALTOS TIFFANY VALERIA,Limitada economía,PENDIENTE,2026-08-14,2026-09-10,Actualizó datos personales
2,30796,BAREN SALTOS TIFFANY VALERIA,Limitada economía,PENDIENTE,2026-08-14,2026-09-10,Actualizó datos personales
1,29178,BARRAGAN MAIGUA WASHINGTON ROBERTO,Limitada economía,PENDIENTE,2026-08-06,2026-09-18,Actualizó datos personales
2,29178,BARRAGAN MAIGUA WASHINGTON ROBERTO,Limitada economía,VALIDADO,2026-08-06,2026-09-30,
1,28589,BARRAGAN RIZZO ANGEL JAZMANI,Limitada economía,PENDIENTE,2026-08-03,2026-09-14,Actualizó datos personales
2,30513,BARRAGAN SEGURA WILLIAN VINICIO,Limitada economía,PENDIENTE,2026-08-13,2026-09-11,Actualizó datos personales
1,30513,BARRAGAN SEGURA WILLIAN VINICIO,Limitada economía,PENDIENTE,2026-08-13,2026-09-11,Actualizó datos personales
1,27624,BARRE LUZARRAGA JEYKO RUSWEL,Limitada economía,PENDIENTE,2026-07-30,2026-08-28,Actualizó datos personales
2,27624,BARRE LUZARRAGA JEYKO RUSWEL,Limitada economía,VALIDADO,2026-07-30,2026-09-30,
1,27702,BARRE LUZARRAGA NORKA SOFIA,Limitada economía,PENDIENTE,2026-07-30,2026-09-16,Actualizó datos personales
2,27702,BARRE LUZARRAGA NORKA SOFIA,Limitada economía,VALIDADO,2026-07-30,2026-10-02,
1,29970,BARRIONUEVO GONZALEZ DAMARIS ASHLEY,Limitada economía,PENDIENTE,2026-08-12,2026-09-18,Actualizó datos personales
1,27379,BARRIONUEVO MORANTE ALEXIS JOAO,Limitada economía,PENDIENTE,2026-07-29,2026-09-22,Actualizó datos personales
1,30921,BARRIOS PIO JACQUELINE FABIOLA,Limitada economía,PENDIENTE,2026-08-23,2026-09-09,Actualizó datos personales
2,30921,BARRIOS PIO JACQUELINE FABIOLA,Limitada economía,PENDIENTE,2026-08-23,2026-09-09,Actualizó datos personales
1,29616,BARROS PONCE JHON LEIVER,Limitada economía,PENDIENTE,2026-08-09,2026-09-17,Actualizó datos personales
1,28304,BARROZO SABANDO DAMARIS ANGELINA,Limitada economía,PENDIENTE,2026-08-01,2026-09-15,Actualizó datos personales
2,28304,BARROZO SABANDO DAMARIS ANGELINA,Limitada economía,VALIDADO,2026-08-01,2026-10-02,
2,27927,BASURTO BRAVO JEFFERSON VICENTE,Limitada economía,PENDIENTE,2026-07-31,2026-09-10,Actualizó datos personales
1,27927,BASURTO BRAVO JEFFERSON VICENTE,Limitada economía,PENDIENTE,2026-07-31,2026-09-10,Actualizó datos personales
2,28400,BASURTO GUTIERREZ DENIS JAMILETH,Limitada economía,PENDIENTE,2026-08-02,2026-09-11,Actualizó datos personales
1,28400,BASURTO GUTIERREZ DENIS JAMILETH,Limitada economía,PENDIENTE,2026-08-02,2026-09-11,Actualizó datos personales
2,29156,BASURTO MOREIRA ANGIE SULAY,Limitada economía,PENDIENTE,2026-08-06,2026-09-11,Actualizó datos personales
1,29156,BASURTO MOREIRA ANGIE SULAY,Limitada economía,PENDIENTE,2026-08-06,2026-09-11,Actualizó datos personales
3,29156,BASURTO MOREIRA ANGIE SULAY,Limitada economía,VALIDADO,2026-08-06,2026-10-02,
1,28085,BASURTO VERA JOSEFA ANNABELLE,Limitada economía,PENDIENTE,2026-07-31,2026-09-23,Actualizó datos personales
1,30692,BAUTISTA GANCHOZO JAMILETH JULEYDI,Limitada economía,PENDIENTE,2026-08-14,2026-09-10,Actualizó datos personales
2,30692,BAUTISTA GANCHOZO JAMILETH JULEYDI,Limitada economía,PENDIENTE,2026-08-14,2026-09-10,Actualizó datos personales
3,30692,BAUTISTA GANCHOZO JAMILETH JULEYDI,Limitada economía,VALIDADO,2026-08-14,2026-09-30,
1,29578,BAYAS GARCIA JIPSON JAIR,Limitada economía,PENDIENTE,2026-08-08,2026-09-18,Actualizó datos personales
2,29578,BAYAS GARCIA JIPSON JAIR,Limitada economía,VALIDADO,2026-08-08,2026-09-30,
1,28166,BAZURTO DIAZ CARLOS LEONEL,Limitada economía,PENDIENTE,2026-08-01,2026-09-21,Actualizó datos personales
1,28323,BENAVIDES DE LA CRUZ GRACIELA MARISOL,Limitada economía,PENDIENTE,2026-08-02,2026-09-09,Actualizó datos personales
2,28323,BENAVIDES DE LA CRUZ GRACIELA MARISOL,Limitada economía,PENDIENTE,2026-08-02,2026-09-09,Actualizó datos personales
3,28323,BENAVIDES DE LA CRUZ GRACIELA MARISOL,Limitada economía,VALIDADO,2026-08-02,2026-09-30,
1,30622,BENAVIDES VERDUGO DYLAN EDUARDO,Limitada economía,PENDIENTE,2026-08-14,2026-09-18,Actualizó datos personales
1,27883,BENITEZ ESCOBAR JOSUE DAVID,Limitada economía,PENDIENTE,2026-07-31,2026-09-16,Actualizó datos personales
1,27785,BERMELLO ALCIVAR PEDRO DAMIAN,Limitada economía,PENDIENTE,2026-07-30,2026-09-21,Actualizó datos personales
2,27785,BERMELLO ALCIVAR PEDRO DAMIAN,Limitada economía,VALIDADO,2026-07-30,2026-09-30,
1,29854,BERMELLO ARCE ARELIS NICOLE,Limitada economía,PENDIENTE,2026-08-11,2026-09-22,Actualizó datos personales
2,29854,BERMELLO ARCE ARELIS NICOLE,Limitada economía,VALIDADO,2026-08-11,2026-09-30,
1,28339,BERMELLO GARCIA LUIS ERICK,Limitada economía,PENDIENTE,2026-08-02,2026-09-18,Actualizó datos personales
1,30395,BERMUDEZ CEVALLOS JESSICA ANDREA,Limitada economía,PENDIENTE,2026-08-13,2026-09-23,Actualizó datos personales
2,30395,BERMUDEZ CEVALLOS JESSICA ANDREA,Limitada economía,VALIDADO,2026-08-13,2026-10-02,
1,29348,BERMÙDEZ MEZA JONATHAN STALIN,Limitada economía,PENDIENTE,2026-08-07,2026-09-11,Actualizó datos personales
2,29348,BERMÙDEZ MEZA JONATHAN STALIN,Limitada economía,PENDIENTE,2026-08-07,2026-09-11,Actualizó datos personales
3,29348,BERMÙDEZ MEZA JONATHAN STALIN,Limitada economía,VALIDADO,2026-08-07,2026-10-02,
1,30471,BERMUDEZ MORENO GENESIS DEL ROSARIO,Limitada economía,PENDIENTE,2026-08-13,2026-09-14,Actualizó datos personales
1,28813,BERNITA CEDEÑO JANAHI JALESKA,Limitada economía,PENDIENTE,2026-08-04,2026-09-15,Actualizó datos personales
2,28813,BERNITA CEDEÑO JANAHI JALESKA,Limitada economía,VALIDADO,2026-08-04,2026-10-02,
1,30834,BERNITA MACIAS JEFFERSON PABLO,Limitada economía,PENDIENTE,2026-08-15,2026-09-26,Actualizó datos personales
1,27989,BODERO SOLIS JORGE ENRIQUE,Limitada economía,PENDIENTE,2026-07-31,2026-09-19,Actualizó datos personales
2,27989,BODERO SOLIS JORGE ENRIQUE,Limitada economía,VALIDADO,2026-07-31,2026-09-30,
1,29249,BONE MOSQUERA ISAAC ALEXANDER,Limitada economía,PENDIENTE,2026-08-06,2026-09-17,Actualizó datos personales
3,29249,BONE MOSQUERA ISAAC ALEXANDER,Limitada economía,OBSERVADO,2026-08-06,2026-09-30,BUEN DIA ESTIMADO ESTUDIANTE POR FAVOR SUBIR COPIA DE CEDULA Y ACTA DE COMPROMISO ESCANEADOS EN FORMATO PDF LEGIBLE (NO FOTO) DE PREFERENCIA SUBIR LA CEDULA DE LA APP GOB.ECNota: Subir nuevamente Acta de Compromiso firmada
2,29249,BONE MOSQUERA ISAAC ALEXANDER,Limitada economía,PENDIENTE,2026-08-06,2026-09-30,Actualizó datos personales
1,27610,BONE YAGUAL VALERIA ANTONIA,Limitada economía,PENDIENTE,2026-07-30,2026-09-18,Actualizó datos personales
2,30193,BONES ESPINOZA MABELYN MAYLIN,Limitada economía,PENDIENTE,2026-08-13,2026-09-02,Actualizó datos personales
1,30193,BONES ESPINOZA MABELYN MAYLIN,Limitada economía,PENDIENTE,2026-08-13,2026-09-02,Actualizó datos personales
1,29965,BONILLA ALCIVAR LISSETTE DAYANARA,Limitada economía,PENDIENTE,2026-08-12,2026-09-15,Actualizó datos personales
1,29187,BONILLA BURGOS MELANNY GRACE,Limitada economía,PENDIENTE,2026-08-06,2026-09-10,Actualizó datos personales
2,29187,BONILLA BURGOS MELANNY GRACE,Limitada economía,PENDIENTE,2026-08-06,2026-09-10,Actualizó datos personales
4,29187,BONILLA BURGOS MELANNY GRACE,Limitada economía,PENDIENTE,2026-08-06,2026-09-30,El estudiante actualizó el acta de compromiso y reenvió la solicitud a revisión financiera.
3,29187,BONILLA BURGOS MELANNY GRACE,Limitada economía,OBSERVADO,2026-08-06,2026-09-30,"SALUDOS SRTA. BONILLA, LA FIRMA DEL ACTA ES DIFERENTE A LA DE SU CEDULA, SE LE RECOMIENDA VERIFICAR QUE SU DOCUMENTO DE IDENTIDAD SE ENCUENTRE ACTUALIZADO EN EL MODULO HOJA DE VIDA Y VOLVER A SUBIR EL ACTA CON LA FIRMA MANUSCRITA IGUAL A LA DE SU CEDULA VIGENTE.Nota: Subir nuevamente Acta de Compromiso firmada"
5,29187,BONILLA BURGOS MELANNY GRACE,Limitada economía,VALIDADO,2026-08-06,2026-10-01,
2,29936,BRAVO ALCIVAR MARCOS ALFREDO,Limitada economía,PENDIENTE,2026-08-11,2026-09-10,Actualizó datos personales
1,29936,BRAVO ALCIVAR MARCOS ALFREDO,Limitada economía,PENDIENTE,2026-08-11,2026-09-10,Actualizó datos personales
1,29513,BRAVO ANCHUNDIA KAYNA YAMILEXI,Limitada economía,PENDIENTE,2026-08-08,2026-09-17,Actualizó datos personales
3,29513,BRAVO ANCHUNDIA KAYNA YAMILEXI,Limitada economía,OBSERVADO,2026-08-08,2026-09-30,BUEN DIA ESTIMADA ESTUDIANTE POR FAVOR SUBIR COPIA DE CEDULA Y ACTA DE COMPROMISO ESCANEADOS EN FORMATO PDF LEGIBLE (NO FOTO) DE PREFERENCIA SUBIR LA CEDULA DIGITAL DE LA APP GOB.EC. PD. LA CEDULA ESTA MUY BORROSA. Nota: Subir nuevamente Acta de Compromiso firmada
2,29513,BRAVO ANCHUNDIA KAYNA YAMILEXI,Limitada economía,PENDIENTE,2026-08-08,2026-09-30,Actualizó datos personales
2,30422,BRAVO BRAVO EVELYN JANINA,Limitada economía,PENDIENTE,2026-08-13,2026-09-10,Actualizó datos personales
1,30422,BRAVO BRAVO EVELYN JANINA,Limitada economía,PENDIENTE,2026-08-13,2026-09-10,Actualizó datos personales
1,30833,BRAVO BRAVO STEVEN SAMUELL,Limitada economía,PENDIENTE,2026-08-15,2026-09-17,Actualizó datos personales
2,30763,BRAVO CHERE DIANA CAROLINA,Limitada economía,PENDIENTE,2026-08-14,2026-09-10,Actualizó datos personales
1,30763,BRAVO CHERE DIANA CAROLINA,Limitada economía,PENDIENTE,2026-08-14,2026-09-10,Actualizó datos personales
1,28737,BRAVO CHOEZ JOAN ALEXANDRE,Limitada economía,PENDIENTE,2026-08-04,2026-09-14,Actualizó datos personales
1,28570,BRAVO MENDIETA MARIA ALEJANDRA,Limitada economía,PENDIENTE,2026-08-03,2026-09-11,Actualizó datos personales
2,28570,BRAVO MENDIETA MARIA ALEJANDRA,Limitada economía,PENDIENTE,2026-08-03,2026-09-11,Actualizó datos personales
3,28570,BRAVO MENDIETA MARIA ALEJANDRA,Limitada economía,VALIDADO,2026-08-03,2026-10-02,
1,28901,BRAVO MERA LEONELA CECIBEL,Limitada economía,PENDIENTE,2026-08-04,2026-09-20,Actualizó datos personales
2,30436,BRAVO NAVIA JOSE FRANCISCO,Limitada economía,PENDIENTE,2026-08-13,2026-09-11,Actualizó datos personales
1,30436,BRAVO NAVIA JOSE FRANCISCO,Limitada economía,PENDIENTE,2026-08-13,2026-09-11,Actualizó datos personales
2,29070,BRAVO ROSADO LUIS FERNANDO,Limitada economía,PENDIENTE,2026-08-05,2026-09-07,Actualizó datos personales
1,29070,BRAVO ROSADO LUIS FERNANDO,Limitada economía,PENDIENTE,2026-08-05,2026-09-07,Actualizó datos personales
3,29070,BRAVO ROSADO LUIS FERNANDO,Limitada economía,VALIDADO,2026-08-05,2026-09-30,
1,28808,BRAVO SALAZAR MARCO ANTONIO,Limitada economía,PENDIENTE,2026-08-04,2026-09-20,Actualizó datos personales
1,29111,BRAVO VALENZUELA JAIME EMILIO,Limitada economía,PENDIENTE,2026-08-05,2026-09-15,Actualizó datos personales
1,28313,BRAVO ZAMBRANO JANNER ALEXIS,Limitada economía,PENDIENTE,2026-08-02,2026-09-14,Actualizó datos personales
1,30559,BRIONES FERNANDEZ JOSE MANUEL,Limitada economía,PENDIENTE,2026-08-14,2026-09-18,Actualizó datos personales
2,30559,BRIONES FERNANDEZ JOSE MANUEL,Limitada economía,OBSERVADO,2026-08-14,2026-09-30,BUEN DIA ESTIMADO ESTUDIANTE POR FAVOR SUBIR COPIA DE CEDULA Y ACTA DE COMPROMISO ESCANEADOS EN FORMATO PDF LEGIBLE (NO FOTO) DE PREFERENCIA SUBIR LA CEDULA DIGITAL DE LA APP GOB.ECNota: Subir nuevamente Acta de Compromiso firmada
1,28748,BRIONES HOLGUIN NELSON SEBASTIAN,Limitada economía,PENDIENTE,2026-08-04,2026-09-19,Actualizó datos personales
1,29317,BRIONES IBARRA TOMAS BOLIVAR,Limitada economía,PENDIENTE,2026-08-06,2026-09-22,Actualizó datos personales
2,30669,BRIONES JIMENEZ KRISTHEL VALESKA,Limitada economía,PENDIENTE,2026-08-14,2026-09-11,Actualizó datos personales
1,30669,BRIONES JIMENEZ KRISTHEL VALESKA,Limitada economía,PENDIENTE,2026-08-14,2026-09-11,Actualizó datos personales
1,29829,BRIONES RIVERA CINDY SARAY,Limitada economía,PENDIENTE,2026-08-11,2026-08-28,Actualizó datos personales
2,29829,BRIONES RIVERA CINDY SARAY,Limitada economía,OBSERVADO,2026-08-11,2026-09-30,"BUEN DIA ESTIMADA ESTUDIANTE POR FAVOR SUBIR COPIA DE CEDULA, CERTIFICADO DE VOTAVION ACTUAL Y ACTA DE COMPROMISO ESCANEADOS EN FORMATO PDF LEGIBLE (NO FOTO) DE PREFERENCIA SUBIR LA CEDULA DIGITAL DE LA APP GOB.ECNota: Subir nuevamente Acta de Compromiso firmada"
3,29829,BRIONES RIVERA CINDY SARAY,Limitada economía,PENDIENTE,2026-08-11,2026-10-01,El estudiante actualizó el acta de compromiso y reenvió la solicitud a revisión financiera.
2,28945,BRIONES VELEZ BRIGGITTE ELIZABETH,Limitada economía,PENDIENTE,2026-08-05,2026-09-08,Actualizó datos personales
1,28945,BRIONES VELEZ BRIGGITTE ELIZABETH,Limitada economía,PENDIENTE,2026-08-05,2026-09-08,Actualizó datos personales
1,30790,BUENAÑO ARIAS VANESSA ZAYURI,Limitada economía,PENDIENTE,2026-08-14,2026-09-21,Actualizó datos personales
2,30790,BUENAÑO ARIAS VANESSA ZAYURI,Limitada economía,VALIDADO,2026-08-14,2026-09-30,
1,28787,BUENO TROYA ERWIN DANIEL,Limitada economía,PENDIENTE,2026-08-04,2026-09-21,Actualizó datos personales
2,28763,BUÑAY BONILLA JIMMY EDUARDO,Limitada economía,PENDIENTE,2026-08-04,2026-09-10,Actualizó datos personales
1,28763,BUÑAY BONILLA JIMMY EDUARDO,Limitada economía,PENDIENTE,2026-08-04,2026-09-10,Actualizó datos personales
1,30783,BUÑAY DAQUILEMA JIMMY ALEXANDER,Limitada economía,PENDIENTE,2026-08-14,2026-09-18,Actualizó datos personales
1,27446,BURGOS ARCOS JUAN CARLOS,Limitada economía,PENDIENTE,2026-07-29,2026-09-21,Actualizó datos personales
2,27446,BURGOS ARCOS JUAN CARLOS,Limitada economía,VALIDADO,2026-07-29,2026-09-30,
1,30216,BURGOS GARCIA LISBETH ROCIO,Limitada economía,PENDIENTE,2026-08-13,2026-09-16,Actualizó datos personales
2,30216,BURGOS GARCIA LISBETH ROCIO,Limitada economía,VALIDADO,2026-08-13,2026-09-30,
1,28754,BURGOS MERA GENESIS MAYERLI,Limitada economía,PENDIENTE,2026-08-04,2026-09-08,Actualizó datos personales
2,28754,BURGOS MERA GENESIS MAYERLI,Limitada economía,PENDIENTE,2026-08-04,2026-09-08,Actualizó datos personales
3,28754,BURGOS MERA GENESIS MAYERLI,Limitada economía,OBSERVADO,2026-08-04,2026-09-30,BUEN DIA ESTIMADA ESTUDIANTE POR FAVOR SUBIR ACTA DE COMPROMISO CON FIRMA IDENTICA A SU CEDULA. DE PREFERENCIA SUBIR CEDULA DIGITAL DE  GRACIASNota: Subir nuevamente Acta de Compromiso firmada
4,28754,BURGOS MERA GENESIS MAYERLI,Limitada economía,PENDIENTE,2026-08-04,2026-10-01,El estudiante actualizó el acta de compromiso y reenvió la solicitud a revisión financiera.
1,28092,BURGOS ROSADO CARLOS ALBERTO,Limitada economía,PENDIENTE,2026-07-31,2026-09-09,Actualizó datos personales
2,28092,BURGOS ROSADO CARLOS ALBERTO,Limitada economía,PENDIENTE,2026-07-31,2026-09-09,Actualizó datos personales
1,29068,BURGOS ZAMBRANO DIXON DANIEL,Limitada economía,PENDIENTE,2026-08-05,2026-09-23,Actualizó datos personales
2,29068,BURGOS ZAMBRANO DIXON DANIEL,Limitada economía,VALIDADO,2026-08-05,2026-09-30,
1,29355,BURGOS ZAMBRANO KAREN JULIANA,Limitada economía,PENDIENTE,2026-08-07,2026-09-12,Actualizó datos personales
2,29355,BURGOS ZAMBRANO KAREN JULIANA,Limitada economía,PENDIENTE,2026-08-07,2026-09-12,Actualizó datos personales
3,29355,BURGOS ZAMBRANO KAREN JULIANA,Limitada economía,VALIDADO,2026-08-07,2026-09-30,
1,30215,BUSTAMANTE ALVARADO ALLYSON MERCEDES,Limitada economía,PENDIENTE,2026-08-13,2026-09-17,Actualizó datos personales
1,28711,BUSTAMANTE HOYOS ISRAEL REYNALDO,Limitada economía,PENDIENTE,2026-08-04,2026-09-19,Actualizó datos personales
2,28711,BUSTAMANTE HOYOS ISRAEL REYNALDO,Limitada economía,VALIDADO,2026-08-04,2026-09-30,
1,29419,BUSTAMANTE SUAREZ TANIA ISABEL,Limitada economía,PENDIENTE,2026-08-07,2026-09-22,Actualizó datos personales
1,29195,BUSTE CHICA DONALD RAUL,Limitada economía,PENDIENTE,2026-08-06,2026-09-15,Actualizó datos personales
1,30900,CABELLO CASTILLO ANDREINA ABIGAIL,Limitada economía,PENDIENTE,2026-08-20,2026-09-21,Actualizó datos personales
1,28648,CABEZAS AGUIAR MARIA FERNANDA,Limitada economía,PENDIENTE,2026-08-03,2026-09-16,Actualizó datos personales
1,28769,CABEZAS NAPA NATHALY SILVANA,Limitada economía,PENDIENTE,2026-08-04,2026-09-19,Actualizó datos personales
1,28119,CABEZAS SEVILLANO YILDA ESTEFANIA,Limitada economía,PENDIENTE,2026-07-31,2026-09-22,Actualizó datos personales
2,28119,CABEZAS SEVILLANO YILDA ESTEFANIA,Limitada economía,VALIDADO,2026-07-31,2026-09-30,
1,29399,CABRERA ALCIVAR KEYLA WALESKA,Limitada economía,PENDIENTE,2026-08-07,2026-09-21,Actualizó datos personales
2,29399,CABRERA ALCIVAR KEYLA WALESKA,Limitada economía,VALIDADO,2026-08-07,2026-09-30,
1,30280,CABRERA BRAVO JOSSELYN ESTEFANIA,Limitada economía,PENDIENTE,2026-08-13,2026-09-15,Actualizó datos personales
1,29950,CABRERA CHANGO ARELYS ANGELINE,Limitada economía,PENDIENTE,2026-08-12,2026-09-14,Actualizó datos personales
1,30882,CABRERA GIL DENISSE SULEYM,Limitada economía,PENDIENTE,2026-08-18,2026-09-22,Actualizó datos personales
2,30502,CABRERA MOREIRA KRISTEL SALOME,Limitada economía,PENDIENTE,2026-08-13,2026-09-10,Actualizó datos personales
1,30502,CABRERA MOREIRA KRISTEL SALOME,Limitada economía,PENDIENTE,2026-08-13,2026-09-10,Actualizó datos personales
1,29979,CABRERA SALAS MAIA DANIELA,Limitada economía,PENDIENTE,2026-08-12,2026-09-14,Actualizó datos personales
1,28811,CADENA CHANG ZULLY SHAYENKA,Limitada economía,PENDIENTE,2026-08-04,2026-09-24,Actualizó datos personales
1,28325,CAGUA LOOR MELANNY JULEYDI,Limitada economía,PENDIENTE,2026-08-02,2026-09-14,Actualizó datos personales
1,29736,CAICE ALVAREZ GIPSON JOAO,Limitada economía,PENDIENTE,2026-08-10,2026-09-20,Actualizó datos personales
2,29736,CAICE ALVAREZ GIPSON JOAO,Limitada economía,OBSERVADO,2026-08-10,2026-09-30,"SALUDOS SR. CAICE, POR FAVOR ACTUALIZAR SU CEDULA POR UN DOCUMENTO LEGIBLE Y EL CERTIFICADO BANCARIO POR UNO DEL AÑO 2026, AMBOS DOCUMENTOS DEBE ACTUALIZARLOS EN EL MODULO HOJA DE VIDA DEL SGA, SE LE SUGIERE BORRAR LOS ANTIGUOS Y LUEGO SUBIR LOS NUEVOS ARCHIVOS.Nota: Subir nuevamente Acta de Compromiso firmada"
3,29736,CAICE ALVAREZ GIPSON JOAO,Limitada economía,PENDIENTE,2026-08-10,2026-10-02,El estudiante actualizó el acta de compromiso y reenvió la solicitud a revisión financiera.
1,28066,CAICEDO CARMIGNIANI EDWARD JAVIER,Limitada economía,PENDIENTE,2026-07-31,2026-09-08,Actualizó datos personales
2,28066,CAICEDO CARMIGNIANI EDWARD JAVIER,Limitada economía,PENDIENTE,2026-07-31,2026-09-08,Actualizó datos personales
1,29454,CAICEDO CORTEZ KIMBERLY ALANIS,Limitada economía,PENDIENTE,2026-08-07,2026-09-14,Actualizó datos personales
1,29175,CAICEDO MUÑOZ BYRON ANTONIO,Limitada economía,PENDIENTE,2026-08-06,2026-09-16,Actualizó datos personales
2,29175,CAICEDO MUÑOZ BYRON ANTONIO,Limitada economía,VALIDADO,2026-08-06,2026-09-30,
1,28614,CAISALUISA CAISAPASTO MELANY BRIGITTE,Limitada economía,PENDIENTE,2026-08-03,2026-09-22,Actualizó datos personales
1,30524,CAISE ROMERO MILENA LISSETH,Limitada economía,PENDIENTE,2026-08-13,2026-09-21,Actualizó datos personales
1,30781,CAIZA ORTEGA LUIS GABRIEL,Limitada economía,PENDIENTE,2026-08-14,2026-09-23,Actualizó datos personales
1,30320,CAJAS HINOJOSA NELSON ALEJANDRO,Limitada economía,PENDIENTE,2026-08-13,2026-09-16,Actualizó datos personales
2,30284,CAJAS TAPIA MONICA GABRIELA,Limitada economía,PENDIENTE,2026-08-13,2026-09-08,Actualizó datos personales
1,30284,CAJAS TAPIA MONICA GABRIELA,Limitada economía,PENDIENTE,2026-08-13,2026-09-08,Actualizó datos personales
1,29230,CALBA ARIAS DENNISE DAYERLY,Limitada economía,PENDIENTE,2026-08-06,2026-09-14,Actualizó datos personales
2,27411,CALDERON BAEZ MICHELLE PAOLA,Limitada economía,PENDIENTE,2026-07-29,2026-09-03,Actualizó datos personales
1,27411,CALDERON BAEZ MICHELLE PAOLA,Limitada economía,PENDIENTE,2026-07-29,2026-09-03,Actualizó datos personales
1,28884,CALDERON MUÑOZ JERSON ELIAS,Limitada economía,PENDIENTE,2026-08-04,2026-09-18,Actualizó datos personales
1,28797,CALDERON SALTOS JOSEPH ALEXANDER,Limitada economía,PENDIENTE,2026-08-04,2026-09-21,Actualizó datos personales
2,29324,CALDERON VASQUEZ LESLIE AILEEN,Limitada economía,PENDIENTE,2026-08-06,2026-09-02,Actualizó datos personales
1,29324,CALDERON VASQUEZ LESLIE AILEEN,Limitada economía,PENDIENTE,2026-08-06,2026-09-02,Actualizó datos personales
1,30764,CALERO ORTIZ DAMARYS SAMANTHA,Limitada economía,PENDIENTE,2026-08-14,2026-09-15,Actualizó datos personales
1,27409,CALLE CASTILLO HENRY SCHNEIDER,Limitada economía,PENDIENTE,2026-07-29,2026-09-10,Actualizó datos personales
2,27409,CALLE CASTILLO HENRY SCHNEIDER,Limitada economía,PENDIENTE,2026-07-29,2026-09-10,Actualizó datos personales
1,30309,CALLE DELGADO KAMILA ANNABELLA,Limitada economía,PENDIENTE,2026-08-13,2026-09-21,Actualizó datos personales
1,27260,CALVA CEPEDA CRISTIAN EDUARDO,Limitada economía,PENDIENTE,2026-07-29,2026-09-13,Actualizó datos personales
2,27260,CALVA CEPEDA CRISTIAN EDUARDO,Limitada economía,VALIDADO,2026-07-29,2026-09-30,
1,30446,CALVA ROSERO ADRIANA TERESA,Limitada economía,PENDIENTE,2026-08-13,2026-09-16,Actualizó datos personales
1,28695,CALVACHE BURGOS VALENTINA ISABEL,Limitada economía,PENDIENTE,2026-08-04,2026-09-11,Actualizó datos personales
2,28695,CALVACHE BURGOS VALENTINA ISABEL,Limitada economía,PENDIENTE,2026-08-04,2026-09-11,Actualizó datos personales
1,29827,CALVACHE MURILLO MYKEL ALEXANDER,Limitada economía,PENDIENTE,2026-08-11,2026-09-15,Actualizó datos personales
1,28284,CAMACHO CHAGUAY MARILIN DAYANA,Limitada economía,PENDIENTE,2026-08-01,2026-09-10,Actualizó datos personales
2,28284,CAMACHO CHAGUAY MARILIN DAYANA,Limitada economía,PENDIENTE,2026-08-01,2026-09-10,Actualizó datos personales
4,28284,CAMACHO CHAGUAY MARILIN DAYANA,Limitada economía,OBSERVADO,2026-08-01,2026-09-30,"BUEN DIA ESTIMADA ESTUDIANTE POR FAVOR SUBIR  ACTA DE COMPROMISO CON LA FIRMA IGUAL A LA CEDULA, DE PREFERENCIA SUBIR CEDULA DIGITAL GRACIASNota: Subir nuevamente Acta de Compromiso firmada"
3,28284,CAMACHO CHAGUAY MARILIN DAYANA,Limitada economía,PENDIENTE,2026-08-01,2026-09-30,Actualizó datos personales
2,28764,CAMBO GREFA JELLY JOMAYRA,Limitada economía,PENDIENTE,2026-08-04,2026-09-07,Actualizó datos personales
1,28764,CAMBO GREFA JELLY JOMAYRA,Limitada economía,PENDIENTE,2026-08-04,2026-09-07,Actualizó datos personales
3,28764,CAMBO GREFA JELLY JOMAYRA,Limitada economía,OBSERVADO,2026-08-04,2026-09-30,"BUEN DIA ESTIMADA ESTUDIANTE POR FAVOR SUBIR CERTIFICADO BANCARIO ACTUALIZADO Y SUBIR CEDULA DIGITAL DE LA APP GOB.EC, GRACIASNota: Subir nuevamente Acta de Compromiso firmada"
1,28082,CAMPAÑA FRANCO DIGNA JAMILETH,Limitada economía,PENDIENTE,2026-07-31,2026-09-21,Actualizó datos personales
1,30787,CAMPAÑA MAYORGA EMILY BRITHNEY,Limitada economía,PENDIENTE,2026-08-14,2026-09-24,Actualizó datos personales
1,28224,CAMPOS MORA STIVEN EMERSON,Limitada economía,PENDIENTE,2026-08-01,2026-09-22,Actualizó datos personales
3,28224,CAMPOS MORA STIVEN EMERSON,Limitada economía,OBSERVADO,2026-08-01,2026-09-30,"SALUDOS SR. CAMPOS, POR FAVOR ACTUALIZAR EL CERTIFICADO BANCARIO POR UNO DEL AÑO 2026 EN EL MODULO HOJA DE VIDA DEL SGA, SE LE SUGIERE BORRAR EL DOCUMENTO ANTIGUO Y LUEGO CARGAR EL NUEVO.Nota: Subir nuevamente Acta de Compromiso firmada"
2,28224,CAMPOS MORA STIVEN EMERSON,Limitada economía,PENDIENTE,2026-08-01,2026-09-30,Actualizó datos personales
4,28224,CAMPOS MORA STIVEN EMERSON,Limitada economía,VALIDADO,2026-08-01,2026-10-01,
1,29517,CAMPOVERDE CHELE JERSON ALEJANDRO,Limitada economía,PENDIENTE,2026-08-08,2026-09-10,Actualizó datos personales
2,29517,CAMPOVERDE CHELE JERSON ALEJANDRO,Limitada economía,PENDIENTE,2026-08-08,2026-09-10,Actualizó datos personales
3,29517,CAMPOVERDE CHELE JERSON ALEJANDRO,Limitada economía,OBSERVADO,2026-08-08,2026-09-30,"BUEN DIA ESTIMADO ESTUDIANTE POR FAVOR SUBIR COPIA DE CEDULA DE PREFERENCIA CEDULA DIGITAL DE LA APP GOB.EC, GRACIASNota: Subir nuevamente Acta de Compromiso firmada"
4,29517,CAMPOVERDE CHELE JERSON ALEJANDRO,Limitada economía,PENDIENTE,2026-08-08,2026-10-01,El estudiante actualizó el acta de compromiso y reenvió la solicitud a revisión financiera.
2,29621,CAMPOVERDE CHELE SANTOS NATANAEL,Limitada economía,PENDIENTE,2026-08-09,2026-09-09,Actualizó datos personales
1,29621,CAMPOVERDE CHELE SANTOS NATANAEL,Limitada economía,PENDIENTE,2026-08-09,2026-09-09,Actualizó datos personales
1,29648,CAMPUES GUZMAN EDISON GERMAN,Limitada economía,PENDIENTE,2026-08-09,2026-09-17,Actualizó datos personales
1,29288,CAMPUZANO ALVARADO SUYING XIOMARA,Limitada economía,PENDIENTE,2026-08-06,2026-09-25,Actualizó datos personales
2,29288,CAMPUZANO ALVARADO SUYING XIOMARA,Limitada economía,OBSERVADO,2026-08-06,2026-09-30,"BUEN DIA ESTIMADA ESTUDIANTE POR FAVOR SUBIR CEDULA ESCANEADA EN FORMATO PDF, DE PREFERENCIA SUBIR CEDULA DIGITAL DE LA APP GOB.EC, GRACIASNota: Subir nuevamente Acta de Compromiso firmada"
3,29288,CAMPUZANO ALVARADO SUYING XIOMARA,Limitada economía,PENDIENTE,2026-08-06,2026-10-01,El estudiante actualizó el acta de compromiso y reenvió la solicitud a revisión financiera.
1,29161,CAÑAR CHARIGUAMAN VIVIANA MARICELA,Limitada economía,PENDIENTE,2026-08-06,2026-09-15,Actualizó datos personales
1,29125,CANDO FRANCO XAVIER ALEJANDRO,Limitada economía,PENDIENTE,2026-08-06,2026-09-15,Actualizó datos personales
2,29507,CANGA GALARZA EDISON ENRIQUE,Limitada economía,PENDIENTE,2026-08-08,2026-09-11,Actualizó datos personales
1,29507,CANGA GALARZA EDISON ENRIQUE,Limitada economía,PENDIENTE,2026-08-08,2026-09-11,Actualizó datos personales
1,28888,CANO RUILOVA JOSE FRANCISCO,Limitada economía,PENDIENTE,2026-08-04,2026-09-21,Actualizó datos personales
1,29278,CAÑOLA CAMPOS DANELY ALEJANDRA,Limitada economía,PENDIENTE,2026-08-06,2026-09-10,Actualizó datos personales
2,29278,CAÑOLA CAMPOS DANELY ALEJANDRA,Limitada economía,PENDIENTE,2026-08-06,2026-09-10,Actualizó datos personales
1,29903,CANTOS AYALA ALLISON DAMARYS,Limitada economía,PENDIENTE,2026-08-11,2026-09-17,Actualizó datos personales
3,29903,CANTOS AYALA ALLISON DAMARYS,Limitada economía,OBSERVADO,2026-08-11,2026-09-30,"BUEN DIA ESTIMADA ESTUDIANTE POR FAVOR SUBIR CEDULA ESCANEADA EN FORMATO PDF, DE PREFERENCIA SUBIR CEDULA DIGITAL DE LA APP GOB.EC, GRACIASNota: Subir nuevamente Acta de Compromiso firmada"
2,29903,CANTOS AYALA ALLISON DAMARYS,Limitada economía,PENDIENTE,2026-08-11,2026-09-30,El estudiante actualizó el acta de compromiso y reenvió la solicitud a revisión financiera.
1,28403,CANTOS MONTIEL DEYAN JARIB,Limitada economía,PENDIENTE,2026-08-03,2026-09-13,Actualizó datos personales
2,29209,CAPUZ QUINCHA KERLY ALEXANDRA,Limitada economía,PENDIENTE,2026-08-06,2026-09-11,Actualizó datos personales
1,29209,CAPUZ QUINCHA KERLY ALEXANDRA,Limitada economía,PENDIENTE,2026-08-06,2026-09-11,Actualizó datos personales
2,29883,CARBO CASTRO DAMARIS STEFFANY,Limitada economía,PENDIENTE,2026-08-11,2026-09-10,Actualizó datos personales
1,29883,CARBO CASTRO DAMARIS STEFFANY,Limitada economía,PENDIENTE,2026-08-11,2026-09-10,Actualizó datos personales
4,29883,CARBO CASTRO DAMARIS STEFFANY,Limitada economía,OBSERVADO,2026-08-11,2026-09-30,"SALUDOS SRTA. CARBO, POR FAVOR VOLVER A SUBIR EL ACTA DE OTORGAMIENTO DE BECA CON LA FIRMA MANUSCRITA IGUAL A LA DE SU CEDULA,Nota: Subir nuevamente Acta de Compromiso firmada"
3,29883,CARBO CASTRO DAMARIS STEFFANY,Limitada economía,PENDIENTE,2026-08-11,2026-09-30,El estudiante actualizó el acta de compromiso y reenvió la solicitud a revisión financiera.
5,29883,CARBO CASTRO DAMARIS STEFFANY,Limitada economía,VALIDADO,2026-08-11,2026-10-01,
2,30291,CARDENAS POSLIGUA EMELY JAMILET,Limitada economía,PENDIENTE,2026-08-13,2026-09-11,Actualizó datos personales
1,30291,CARDENAS POSLIGUA EMELY JAMILET,Limitada economía,PENDIENTE,2026-08-13,2026-09-11,Actualizó datos personales
1,27722,CARDENAS VERNAZA RUTH JOHANNA,Limitada economía,PENDIENTE,2026-07-30,2026-09-14,Actualizó datos personales
1,28546,CARPIO MORAN KEVIN GABRIEL,Limitada economía,PENDIENTE,2026-08-03,2026-09-18,Actualizó datos personales
1,29816,CARRANZA CARRANZA PAMELA ANDREINA,Limitada economía,PENDIENTE,2026-08-11,2026-09-11,Actualizó datos personales
2,29816,CARRANZA CARRANZA PAMELA ANDREINA,Limitada economía,PENDIENTE,2026-08-11,2026-09-11,Actualizó datos personales
3,29816,CARRANZA CARRANZA PAMELA ANDREINA,Limitada economía,VALIDADO,2026-08-11,2026-09-30,SE LE SUGIERE ACTUALIZAR EL ARCHIVO DE SU CÉDULA POR UNO MÁS LEGIBLE EN EL MÓDULO HOJA DE VIDA DEL SGA.
1,28282,CARRANZA IBARBO ERICK ELIAN,Limitada economía,PENDIENTE,2026-08-01,2026-09-22,Actualizó datos personales
1,30454,CARRANZA MENDOZA EVELYN MARLLELY,Limitada economía,PENDIENTE,2026-08-13,2026-09-19,Actualizó datos personales
1,30259,CARRANZA PLUA FREDDY VLADIMIR,Limitada economía,PENDIENTE,2026-08-13,2026-09-19,Actualizó datos personales
1,30208,CARRANZA VERA KRISTHEL ALEJANDRA,Limitada economía,PENDIENTE,2026-08-13,2026-09-16,Actualizó datos personales
1,30354,CARRANZA ZAMBRANO LAURA ANAHIS,Limitada economía,PENDIENTE,2026-08-13,2026-09-10,Actualizó datos personales
2,30354,CARRANZA ZAMBRANO LAURA ANAHIS,Limitada economía,PENDIENTE,2026-08-13,2026-09-10,Actualizó datos personales
3,30354,CARRANZA ZAMBRANO LAURA ANAHIS,Limitada economía,OBSERVADO,2026-08-13,2026-09-30,"BUEN DIA ESTIMADA ESTUDIANTE POR FAVOR SUBIR CEDULA Y ACTA DE OTORGAMIENTO ESCANEADA EN FORMATO PDF, DE PREFERENCIA SUBIR CEDULA DIGITAL DE LA APP GOB.EC, GRACIASNota: Subir nuevamente Acta de Compromiso firmada"
1,27577,CARRASCO HERRERA LESLIE LORETT,Limitada economía,PENDIENTE,2026-07-30,2026-09-10,Actualizó datos personales
2,27577,CARRASCO HERRERA LESLIE LORETT,Limitada economía,PENDIENTE,2026-07-30,2026-09-10,Actualizó datos personales
1,29910,CARREÑO CUBERO EMILY DAYANA,Limitada economía,PENDIENTE,2026-08-11,2026-09-04,Actualizó datos personales
2,29910,CARREÑO CUBERO EMILY DAYANA,Limitada economía,PENDIENTE,2026-08-11,2026-09-04,Actualizó datos personales
2,29393,CARREÑO FORTUN CRISTIAN DANIEL,Limitada economía,PENDIENTE,2026-08-07,2026-09-11,Actualizó datos personales
1,29393,CARREÑO FORTUN CRISTIAN DANIEL,Limitada economía,PENDIENTE,2026-08-07,2026-09-11,Actualizó datos personales
1,28688,CARRERA CHICA SAMIRA BRIGITTE,Limitada economía,PENDIENTE,2026-08-04,2026-09-23,Actualizó datos personales
1,28261,CARRERA CONTRERAS ANDERSON STALIN,Limitada economía,PENDIENTE,2026-08-01,2026-09-22,Actualizó datos personales
2,28261,CARRERA CONTRERAS ANDERSON STALIN,Limitada economía,VALIDADO,2026-08-01,2026-09-30,
1,30307,CARRIEL ARREDONDO GHENIBERK MAYERLY,Limitada economía,PENDIENTE,2026-08-13,2026-09-14,Actualizó datos personales
1,29918,CARRIEL LAAZ RICARDO MISAEL,Limitada economía,PENDIENTE,2026-08-11,2026-09-18,Actualizó datos personales
2,29918,CARRIEL LAAZ RICARDO MISAEL,Limitada economía,VALIDADO,2026-08-11,2026-09-30,
1,28102,CARRIEL MAQUILON ANDREA ROCIO,Limitada economía,PENDIENTE,2026-07-31,2026-09-16,Actualizó datos personales
1,28177,CARRIEL MOREIRA DARLING RULLET,Limitada economía,PENDIENTE,2026-08-01,2026-09-11,Actualizó datos personales
2,28177,CARRIEL MOREIRA DARLING RULLET,Limitada economía,PENDIENTE,2026-08-01,2026-09-11,Actualizó datos personales
1,29040,CARRIEL ROMERO VALESKA FERNANDA,Limitada economía,PENDIENTE,2026-08-05,2026-09-16,Actualizó datos personales
2,30049,CARRIEL VELEZ NIURKA ALEJANDRA,Limitada economía,PENDIENTE,2026-08-12,2026-09-08,Actualizó datos personales
1,30049,CARRIEL VELEZ NIURKA ALEJANDRA,Limitada economía,PENDIENTE,2026-08-12,2026-09-08,Actualizó datos personales
1,29890,CARRIEL VINZA ERICKA YULIANA,Limitada economía,PENDIENTE,2026-08-11,2026-09-18,Actualizó datos personales
2,27416,CARRILLO ORTIZ JORDY JAVIER,Limitada economía,PENDIENTE,2026-07-29,2026-09-11,Actualizó datos personales
1,27416,CARRILLO ORTIZ JORDY JAVIER,Limitada economía,PENDIENTE,2026-07-29,2026-09-11,Actualizó datos personales
1,27694,CARRION ANZULES GENESIS MAGDALENA,Limitada economía,PENDIENTE,2026-07-30,2026-09-21,Actualizó datos personales
2,27694,CARRION ANZULES GENESIS MAGDALENA,Limitada economía,VALIDADO,2026-07-30,2026-10-01,
2,28871,CARVAJAL ESPINOZA ARELYS CRISTEL,Limitada economía,PENDIENTE,2026-08-04,2026-09-10,Actualizó datos personales
1,28871,CARVAJAL ESPINOZA ARELYS CRISTEL,Limitada economía,PENDIENTE,2026-08-04,2026-09-10,Actualizó datos personales
2,29381,CASADO VELASQUEZ ELKIN DAVID,Limitada economía,PENDIENTE,2026-08-07,2026-09-04,Actualizó datos personales
1,29381,CASADO VELASQUEZ ELKIN DAVID,Limitada economía,PENDIENTE,2026-08-07,2026-09-04,Actualizó datos personales
1,29646,CASALOMBO LOOR ALEXY ANTHONY,Limitada economía,PENDIENTE,2026-08-09,2026-09-16,Actualizó datos personales
1,29505,CASQUETE MONCADA LISETH KATIUSKA,Limitada economía,PENDIENTE,2026-08-08,2026-09-16,Actualizó datos personales
1,29301,CASQUETE NAZARENO JONATHAN CRISTHIAN,Limitada economía,PENDIENTE,2026-08-06,2026-09-21,Actualizó datos personales
2,29301,CASQUETE NAZARENO JONATHAN CRISTHIAN,Limitada economía,VALIDADO,2026-08-06,2026-09-30,
1,30458,CASQUETE PEÑAFIEL MEIVY SALED,Limitada economía,PENDIENTE,2026-08-13,2026-09-18,Actualizó datos personales
3,30458,CASQUETE PEÑAFIEL MEIVY SALED,Limitada economía,OBSERVADO,2026-08-13,2026-09-30,"SALUDOS SRTA. CASQUETE, POR FAVOR ACTUALIZAR EL CERTIFICADO BANCARIO DEL AÑO 2026 EN EL MODULO HOJA DE VIDA DEL SGA.Nota: Subir nuevamente Acta de Compromiso firmada"
2,30458,CASQUETE PEÑAFIEL MEIVY SALED,Limitada economía,PENDIENTE,2026-08-13,2026-09-30,El estudiante actualizó el acta de compromiso y reenvió la solicitud a revisión financiera.
4,30458,CASQUETE PEÑAFIEL MEIVY SALED,Limitada economía,VALIDADO,2026-08-13,2026-10-01,
1,30178,CASQUETE TUBAY MIRIAM GRACIELA,Limitada economía,PENDIENTE,2026-08-13,2026-09-07,Actualizó datos personales
2,30178,CASQUETE TUBAY MIRIAM GRACIELA,Limitada economía,PENDIENTE,2026-08-13,2026-09-07,Actualizó datos personales
3,30178,CASQUETE TUBAY MIRIAM GRACIELA,Limitada economía,OBSERVADO,2026-08-13,2026-09-30,"BUEN DIA ESTIMADA ESTUDIANTE POR FAVOR SUBIR CEDULA Y ACTA DE OTORGAMIENTO ESCANEADA EN FORMATO PDF, DE PREFERENCIA SUBIR CEDULA DIGITAL DE LA APP GOB.EC, GRACIASNota: Subir nuevamente Acta de Compromiso firmada"
1,27955,CASTILLO GARAY KATHLEEN ZHARICK,Limitada economía,PENDIENTE,2026-07-31,2026-09-10,Actualizó datos personales
2,27955,CASTILLO GARAY KATHLEEN ZHARICK,Limitada economía,PENDIENTE,2026-07-31,2026-09-10,Actualizó datos personales
1,27733,CASTILLO MICOLTA LISSETTE GIRABEL,Limitada economía,PENDIENTE,2026-07-30,2026-09-21,Actualizó datos personales
1,30317,CASTILLO MORAN ALISSON MISHELLE,Limitada economía,PENDIENTE,2026-08-13,2026-09-08,Actualizó datos personales
2,30317,CASTILLO MORAN ALISSON MISHELLE,Limitada economía,PENDIENTE,2026-08-13,2026-09-08,Actualizó datos personales
1,30096,CASTILLO PAZMIÑO EVELYN TATIANA,Limitada economía,PENDIENTE,2026-08-12,2026-09-12,Actualizó datos personales
2,30096,CASTILLO PAZMIÑO EVELYN TATIANA,Limitada economía,PENDIENTE,2026-08-12,2026-09-12,Actualizó datos personales
1,29112,CASTILLO PEÑAFIEL MARITZA BEATRIZ,Limitada economía,PENDIENTE,2026-08-05,2026-09-09,Actualizó datos personales
2,29112,CASTILLO PEÑAFIEL MARITZA BEATRIZ,Limitada economía,PENDIENTE,2026-08-05,2026-09-09,Actualizó datos personales
3,29112,CASTILLO PEÑAFIEL MARITZA BEATRIZ,Limitada economía,VALIDADO,2026-08-05,2026-09-30,
2,29541,CASTILLO SANCHEZ LUIGGI RAFAEL,Limitada economía,PENDIENTE,2026-08-08,2026-09-11,Actualizó datos personales
1,29541,CASTILLO SANCHEZ LUIGGI RAFAEL,Limitada economía,PENDIENTE,2026-08-08,2026-09-11,Actualizó datos personales
1,28427,CASTILLO VERA ANTHONY MICHAEL,Limitada economía,PENDIENTE,2026-08-03,2026-09-15,Actualizó datos personales
1,30233,CASTRO ANALUISA KATHERIN JAMILEX,Limitada economía,PENDIENTE,2026-08-13,2026-09-15,Actualizó datos personales
1,30801,CASTRO ANDINO ALEX OMAR,Limitada economía,PENDIENTE,2026-08-14,2026-09-23,Actualizó datos personales
1,30122,CASTRO BAJAÑA ARIEL OMAR,Limitada economía,PENDIENTE,2026-08-12,2026-09-18,Actualizó datos personales
1,30545,CASTRO BALCAZAR MADELYN NICOLE,Limitada economía,PENDIENTE,2026-08-14,2026-09-22,Actualizó datos personales
1,27462,CASTRO BUSTAMANTE LUIS FERNANDO,Limitada economía,PENDIENTE,2026-07-30,2026-09-18,Actualizó datos personales
1,30350,CASTRO CEDEÑO ADRIAN ALEXANDER,Limitada economía,PENDIENTE,2026-08-13,2026-09-21,Actualizó datos personales
1,29878,CASTRO GARCIA ERWIN GREGORIO,Limitada economía,PENDIENTE,2026-08-11,2026-09-20,Actualizó datos personales
2,29878,CASTRO GARCIA ERWIN GREGORIO,Limitada economía,VALIDADO,2026-08-11,2026-09-30,
1,29474,CASTRO GARCIA VIVIANA JAMILETH,Limitada economía,PENDIENTE,2026-08-07,2026-09-23,Actualizó datos personales
1,30648,CASTRO GILCES LILIAN MAHOLY,Limitada economía,PENDIENTE,2026-08-14,2026-09-21,Actualizó datos personales
1,29482,CASTRO LUNA WALTHER ANDRES,Limitada economía,PENDIENTE,2026-08-07,2026-09-16,Actualizó datos personales
1,29884,CASTRO MIRANDA NAYELY THAILY,Limitada economía,PENDIENTE,2026-08-11,2026-09-22,Actualizó datos personales
2,29884,CASTRO MIRANDA NAYELY THAILY,Limitada economía,VALIDADO,2026-08-11,2026-09-30,
1,28747,CASTRO MONSERRATE ERICK EPIFANIO,Limitada economía,PENDIENTE,2026-08-04,2026-09-18,Actualizó datos personales
2,28747,CASTRO MONSERRATE ERICK EPIFANIO,Limitada economía,OBSERVADO,2026-08-04,2026-09-30,"SALUDOS SR. CASTRO, POR FAVOR ACTUALIZAR EL CERTIFICADO BANCARIO DEL AÑO 2026 EN EL MODULO HOJA DE VIDA DEL SGA. SE SUGIERE BORRAR EL DOCUMENTO ANTIGUO Y LUEGO CARGAR EL NUEVO.Nota: Subir nuevamente Acta de Compromiso firmada"
3,28747,CASTRO MONSERRATE ERICK EPIFANIO,Limitada economía,PENDIENTE,2026-08-04,2026-10-03,El estudiante actualizó el acta de compromiso y reenvió la solicitud a revisión financiera.
2,30144,CASTRO PONCE JENNIFER MELISSA,Limitada economía,PENDIENTE,2026-08-12,2026-09-11,Actualizó datos personales
1,30144,CASTRO PONCE JENNIFER MELISSA,Limitada economía,PENDIENTE,2026-08-12,2026-09-11,Actualizó datos personales
3,30144,CASTRO PONCE JENNIFER MELISSA,Limitada economía,VALIDADO,2026-08-12,2026-09-30,
1,30759,CASTRO PONCE NANCY JEANELLA,Limitada economía,PENDIENTE,2026-08-14,2026-09-03,Actualizó datos personales
2,30759,CASTRO PONCE NANCY JEANELLA,Limitada economía,PENDIENTE,2026-08-14,2026-09-03,Actualizó datos personales
1,29011,CASTRO SANCHEZ YORGIN HERIBERTO,Limitada economía,PENDIENTE,2026-08-05,2026-09-09,Actualizó datos personales
2,29011,CASTRO SANCHEZ YORGIN HERIBERTO,Limitada economía,PENDIENTE,2026-08-05,2026-09-09,Actualizó datos personales
3,29011,CASTRO SANCHEZ YORGIN HERIBERTO,Limitada economía,VALIDADO,2026-08-05,2026-09-30,
1,27758,CASTRO VERA JULEYDI JAMILETH,Limitada economía,PENDIENTE,2026-07-30,2026-09-16,Actualizó datos personales
1,27874,CATOTA PURUNCAJAS ANDERSON JAIR,Limitada economía,PENDIENTE,2026-07-31,2026-09-13,Actualizó datos personales
1,30631,CATUTO REYES JORDAN STALIN,Limitada economía,PENDIENTE,2026-08-14,2026-09-23,Actualizó datos personales
2,30631,CATUTO REYES JORDAN STALIN,Limitada economía,VALIDADO,2026-08-14,2026-09-30,
1,30519,CAVEZAS URETA NAHOMY GABRIELA,Limitada economía,PENDIENTE,2026-08-13,2026-09-16,Actualizó datos personales
1,28726,CAZAREZ LUCAS GABRIELA SULAY,Limitada economía,PENDIENTE,2026-08-04,2026-09-14,Actualizó datos personales
1,30773,CEDEÑO ARREAGA BRITHNEY MAYERLI,Limitada economía,PENDIENTE,2026-08-14,2026-09-14,Actualizó datos personales
1,28214,CEDEÑO BASURTO JOSETH SEBASTIAN,Limitada economía,PENDIENTE,2026-08-01,2026-09-22,Actualizó datos personales
1,28616,CEDEÑO BRAVO STEFANY LISBETH,Limitada economía,PENDIENTE,2026-08-03,2026-09-15,Actualizó datos personales
1,29849,CEDEÑO CASTILLO JOHN KEVIN,Limitada economía,PENDIENTE,2026-08-11,2026-09-19,Actualizó datos personales
2,29849,CEDEÑO CASTILLO JOHN KEVIN,Limitada economía,VALIDADO,2026-08-11,2026-09-30,
1,28653,CEDEÑO CEVALLOS MADELYN NAYELI,Limitada economía,PENDIENTE,2026-08-04,2026-09-23,Actualizó datos personales
1,27386,CEDEÑO CHUQUI ALEXI MAYERLI,Limitada economía,PENDIENTE,2026-07-29,2026-09-09,Actualizó datos personales
2,27386,CEDEÑO CHUQUI ALEXI MAYERLI,Limitada economía,PENDIENTE,2026-07-29,2026-09-09,Actualizó datos personales
1,30222,CEDEÑO CONSTANTINE YULIAN JAHIR,Limitada economía,PENDIENTE,2026-08-13,2026-09-22,Actualizó datos personales
1,27882,CEDEÑO CORTEZ KEYLA MAELA,Limitada economía,PENDIENTE,2026-07-31,2026-09-15,Actualizó datos personales
1,30682,CEDEÑO CUSME MAYLIN JULEXY,Limitada economía,PENDIENTE,2026-08-14,2026-09-23,Actualizó datos personales
2,30109,CEDEÑO GARCIA KATTY ILEANA,Limitada economía,PENDIENTE,2026-08-12,2026-09-12,Actualizó datos personales
1,30109,CEDEÑO GARCIA KATTY ILEANA,Limitada economía,PENDIENTE,2026-08-12,2026-09-12,Actualizó datos personales
2,29819,CEDEÑO GUERRA JIMMY DAMIAN,Limitada economía,PENDIENTE,2026-08-11,2026-09-02,Actualizó datos personales
1,29819,CEDEÑO GUERRA JIMMY DAMIAN,Limitada economía,PENDIENTE,2026-08-11,2026-09-02,Actualizó datos personales
1,28840,CEDEÑO GUILLEN MAHOLI SEXYBEL,Limitada economía,PENDIENTE,2026-08-04,2026-09-17,Actualizó datos personales
1,27975,CEDEÑO HIDALGO JOHAN JOAO,Limitada economía,PENDIENTE,2026-07-31,2026-09-25,Actualizó datos personales
1,29256,CEDEÑO JACHO NALLELY GABRIELA,Limitada economía,PENDIENTE,2026-08-06,2026-09-25,Actualizó datos personales
1,29373,CEDEÑO LAAZ JULEIDY DAYANA,Limitada economía,PENDIENTE,2026-08-07,2026-09-16,Actualizó datos personales
1,30704,CEDEÑO LOOR ANGEL FERNANDO,Limitada economía,PENDIENTE,2026-08-14,2026-09-23,Actualizó datos personales
2,30704,CEDEÑO LOOR ANGEL FERNANDO,Limitada economía,VALIDADO,2026-08-14,2026-09-30,
1,29778,CEDEÑO LOOR SOLANYER BRIYEIDY,Limitada economía,PENDIENTE,2026-08-11,2026-09-14,Actualizó datos personales
1,30186,CEDEÑO MONTOYA DANIEL ANTONIO,Limitada economía,PENDIENTE,2026-08-13,2026-09-24,Actualizó datos personales
1,30429,CEDEÑO MOREIRA ANDREINA MICHELLE,Limitada economía,PENDIENTE,2026-08-13,2026-09-13,Actualizó datos personales
2,30429,CEDEÑO MOREIRA ANDREINA MICHELLE,Limitada economía,OBSERVADO,2026-08-13,2026-09-30,"SALUDOS SRTA. CEDEÑO, POR FAVOR ACTUALIZAR SU CÉDULA POR EL DOCUMENTO LEGIBLE Y COMPLETO (AMBOS LADOS) EN EL MÓDULO HOJA DE VIDA Y FIRMAR EL ACTA IGUAL A LA DE SU CÉDULA Y VOLVERLA A SUBIR AL MÓDULO DE AYUDAS ECONÓMICAS DEL SGA.Nota: Subir nuevamente Acta de Compromiso firmada"
3,30429,CEDEÑO MOREIRA ANDREINA MICHELLE,Limitada economía,PENDIENTE,2026-08-13,2026-09-30,Actualizó datos personales
4,30429,CEDEÑO MOREIRA ANDREINA MICHELLE,Limitada economía,VALIDADO,2026-08-13,2026-10-01,
2,30087,CEDEÑO MURILLO BEL ANAHIS,Limitada economía,PENDIENTE,2026-08-12,2026-09-12,Actualizó datos personales
1,30087,CEDEÑO MURILLO BEL ANAHIS,Limitada economía,PENDIENTE,2026-08-12,2026-09-12,Actualizó datos personales
1,30675,CEDEÑO PAULA GRACE MARILIN,Limitada economía,PENDIENTE,2026-08-14,2026-09-11,Actualizó datos personales
2,30675,CEDEÑO PAULA GRACE MARILIN,Limitada economía,PENDIENTE,2026-08-14,2026-09-11,Actualizó datos personales
1,30115,CEDEÑO PERALTA ALINA SANYI,Limitada economía,PENDIENTE,2026-08-12,2026-09-20,Actualizó datos personales
1,29707,CEDEÑO RUIZ ANA PAULA,Limitada economía,PENDIENTE,2026-08-10,2026-09-22,Actualizó datos personales
2,30809,CEDEÑO SOLORZANO ANDY ALEXANDER,Limitada economía,PENDIENTE,2026-08-14,2026-09-08,Actualizó datos personales
1,30809,CEDEÑO SOLORZANO ANDY ALEXANDER,Limitada economía,PENDIENTE,2026-08-14,2026-09-08,Actualizó datos personales
1,29607,CEDEÑO VASQUEZ JOHAN ALFREDO,Limitada economía,PENDIENTE,2026-08-09,2026-09-14,Actualizó datos personales
1,29418,CEDEÑO VERA KENNETH ARIEL,Limitada economía,PENDIENTE,2026-08-07,2026-09-22,Actualizó datos personales
2,29418,CEDEÑO VERA KENNETH ARIEL,Limitada economía,VALIDADO,2026-08-07,2026-09-30,
1,28740,CEDEÑO VILLAVICENCIO GEOMARA KATHERINE,Limitada economía,PENDIENTE,2026-08-04,2026-09-10,Actualizó datos personales
2,28740,CEDEÑO VILLAVICENCIO GEOMARA KATHERINE,Limitada economía,PENDIENTE,2026-08-04,2026-09-10,Actualizó datos personales
3,28740,CEDEÑO VILLAVICENCIO GEOMARA KATHERINE,Limitada economía,VALIDADO,2026-08-04,2026-09-30,
1,28137,CEDEÑO VILLEGAS CRISTHIAN JOEL,Limitada economía,PENDIENTE,2026-07-31,2026-09-18,Actualizó datos personales
1,29652,CEDEÑO ZAMBRANO MAYERLI AUXILIADORA,Limitada economía,PENDIENTE,2026-08-10,2026-09-10,Actualizó datos personales
2,29652,CEDEÑO ZAMBRANO MAYERLI AUXILIADORA,Limitada economía,PENDIENTE,2026-08-10,2026-09-10,Actualizó datos personales
3,29652,CEDEÑO ZAMBRANO MAYERLI AUXILIADORA,Limitada economía,VALIDADO,2026-08-10,2026-09-30,
2,30281,CEDEÑO ZAMBRANO YADIRA JUMERLY,Limitada economía,PENDIENTE,2026-08-13,2026-09-01,Actualizó datos personales
1,30281,CEDEÑO ZAMBRANO YADIRA JUMERLY,Limitada economía,PENDIENTE,2026-08-13,2026-09-01,Actualizó datos personales
1,30146,CELORIO MACIAS JESSICA BELEN,Limitada economía,PENDIENTE,2026-08-12,2026-09-16,Actualizó datos personales
1,28123,CERCADO ESCOBAR SAMIRA MISHELL,Limitada economía,PENDIENTE,2026-07-31,2026-09-22,Actualizó datos personales
1,27288,CEREZO COELLO GENESIS LILIBETH,Limitada economía,PENDIENTE,2026-07-29,2026-09-19,Actualizó datos personales
1,30392,CEREZO PONCE DAMARIS LISBETH,Limitada economía,PENDIENTE,2026-08-13,2026-09-07,Actualizó datos personales
2,30392,CEREZO PONCE DAMARIS LISBETH,Limitada economía,PENDIENTE,2026-08-13,2026-09-07,Actualizó datos personales
3,30392,CEREZO PONCE DAMARIS LISBETH,Limitada economía,OBSERVADO,2026-08-13,2026-09-30,"BUEN DIA ESTIMADO ESTUDIANTE POR FAVOR SUBIR CERTIFICADO BANCARIO ACTUALIZADO Y ACTA DE COMPROMISO ESCANEADA EN FORMATO PDF, GRACIASNota: Subir nuevamente Acta de Compromiso firmada"
4,30392,CEREZO PONCE DAMARIS LISBETH,Limitada economía,PENDIENTE,2026-08-13,2026-10-02,El estudiante actualizó el acta de compromiso y reenvió la solicitud a revisión financiera.
1,30407,CEREZO VELIZ GABRIEL STEVEN,Limitada economía,PENDIENTE,2026-08-13,2026-09-22,Actualizó datos personales
1,29937,CERNA MACIAS DAMARIS NICOLE,Limitada economía,PENDIENTE,2026-08-11,2026-09-14,Actualizó datos personales
1,28686,CERVANTES CORREA CRISTHIAN JESUS,Limitada economía,PENDIENTE,2026-08-04,2026-09-23,Actualizó datos personales
1,29020,CEVALLOS BAILON VICENTE DARIO,Limitada economía,PENDIENTE,2026-08-05,2026-09-14,Actualizó datos personales
1,27880,CEVALLOS GARCIA HELEN MADELINE,Limitada economía,PENDIENTE,2026-07-31,2026-09-22,Actualizó datos personales
1,27915,CEVALLOS JIMENEZ GRACE JULETSY,Limitada economía,PENDIENTE,2026-07-31,2026-09-11,Actualizó datos personales
2,27915,CEVALLOS JIMENEZ GRACE JULETSY,Limitada economía,PENDIENTE,2026-07-31,2026-09-11,Actualizó datos personales
3,27915,CEVALLOS JIMENEZ GRACE JULETSY,Limitada economía,VALIDADO,2026-07-31,2026-09-30,
1,29699,CEVALLOS MONTECE GENESIS YOLANDA,Limitada economía,PENDIENTE,2026-08-10,2026-08-25,Actualizó datos personales
2,29699,CEVALLOS MONTECE GENESIS YOLANDA,Limitada economía,VALIDADO,2026-08-10,2026-09-30,
1,27356,CEVALLOS NARVAEZ MELANY ESTEFANIA,Limitada economía,PENDIENTE,2026-07-29,2026-09-22,Actualizó datos personales
1,28104,CEVALLOS PARRAGA MILLER JAIR,Limitada economía,PENDIENTE,2026-07-31,2026-09-16,Actualizó datos personales
1,27979,CEVALLOS PEREZ BRYAN EDUARDO,Limitada economía,PENDIENTE,2026-07-31,2026-09-15,Actualizó datos personales
1,28756,CEVALLOS RENGIFO JARITZA XIMENA,Limitada economía,PENDIENTE,2026-08-04,2026-09-09,Actualizó datos personales
2,28756,CEVALLOS RENGIFO JARITZA XIMENA,Limitada economía,PENDIENTE,2026-08-04,2026-09-09,Actualizó datos personales
1,29746,CEVALLOS ROSADO YOMARA LISBETH,Limitada economía,PENDIENTE,2026-08-10,2026-09-11,Actualizó datos personales
2,29746,CEVALLOS ROSADO YOMARA LISBETH,Limitada economía,PENDIENTE,2026-08-10,2026-09-11,Actualizó datos personales
1,29397,CEVALLOS SOSA JENIFFER BELEN,Limitada economía,PENDIENTE,2026-08-07,2026-09-16,Actualizó datos personales
1,29770,CEVALLOS TORRES RICARDO ARIEL,Limitada economía,PENDIENTE,2026-08-11,2026-09-15,Actualizó datos personales
1,29662,CEVALLOS VARELA CRISTOPHER RAUL,Limitada economía,PENDIENTE,2026-08-10,2026-09-23,Actualizó datos personales
1,29424,CHALACAN ZAMBRANO ANDRES FELIPE,Limitada economía,PENDIENTE,2026-08-07,2026-09-16,Actualizó datos personales
1,29130,CHAMBA AREVALO CARLOS FABIAN,Limitada economía,PENDIENTE,2026-08-06,2026-09-13,Actualizó datos personales
1,27842,CHANG LINO PRISCILLA MARILU,Limitada economía,PENDIENTE,2026-07-30,2026-09-16,Actualizó datos personales
1,28785,CHANG MONTENEGRO JEFFERSON ISRAEL,Limitada economía,PENDIENTE,2026-08-04,2026-09-09,Actualizó datos personales
2,28785,CHANG MONTENEGRO JEFFERSON ISRAEL,Limitada economía,PENDIENTE,2026-08-04,2026-09-09,Actualizó datos personales
1,28831,CHARCO ZAMBRANO LISBETH AMABEL,Limitada economía,PENDIENTE,2026-08-04,2026-09-16,Actualizó datos personales
1,27887,CHARCO ZAMBRANO MARIA ELIZABETH,Limitada economía,PENDIENTE,2026-07-31,2026-09-13,Actualizó datos personales
2,28741,CHASI PUNINA DALESKY MIKAELA,Limitada economía,PENDIENTE,2026-08-04,2026-09-10,Actualizó datos personales
1,28741,CHASI PUNINA DALESKY MIKAELA,Limitada economía,PENDIENTE,2026-08-04,2026-09-10,Actualizó datos personales
1,30569,CHASI ZAMBRANO IVAN ANDRES,Limitada economía,PENDIENTE,2026-08-14,2026-08-27,Actualizó datos personales
2,30569,CHASI ZAMBRANO IVAN ANDRES,Limitada economía,OBSERVADO,2026-08-14,2026-09-30,"SALUDOS SR. CHASI, POR FAVOR SUBIR SU CÉDULA LEGIBLE Y COMPLETA (AMBOS LADOS) EN EL MÓDULO HOJA DE VIDA DEL SGA.Nota: Subir nuevamente Acta de Compromiso firmada"
1,29728,CHASIQUIZA TOAQUIZA JULISA ALEXANDRA,Limitada economía,PENDIENTE,2026-08-10,2026-09-24,Actualizó datos personales
1,28338,CHAVARRIA PADILLA DEIVY LEODAN,Limitada economía,PENDIENTE,2026-08-02,2026-09-21,Actualizó datos personales
1,30489,CHAVEZ ALAVA EMELY DAYANA,Limitada economía,PENDIENTE,2026-08-13,2026-09-23,Actualizó datos personales
1,27968,CHAVEZ ARTEAGA GIOVANNA MILENA,Limitada economía,PENDIENTE,2026-07-31,2026-09-14,Actualizó datos personales
1,29999,CHAVEZ GORDILLO MARIA ELENA,Limitada economía,PENDIENTE,2026-08-12,2026-09-09,Actualizó datos personales
2,29999,CHAVEZ GORDILLO MARIA ELENA,Limitada economía,PENDIENTE,2026-08-12,2026-09-09,Actualizó datos personales
2,30602,CHAVEZ MOLINA GABRIEL JARED,Limitada economía,PENDIENTE,2026-08-14,2026-09-09,Actualizó datos personales
1,30602,CHAVEZ MOLINA GABRIEL JARED,Limitada economía,PENDIENTE,2026-08-14,2026-09-09,Actualizó datos personales
2,28713,CHAVEZ SANCHEZ LETICIA ABIGAIL,Limitada economía,PENDIENTE,2026-08-04,2026-09-10,Actualizó datos personales
1,28713,CHAVEZ SANCHEZ LETICIA ABIGAIL,Limitada economía,PENDIENTE,2026-08-04,2026-09-10,Actualizó datos personales
3,28713,CHAVEZ SANCHEZ LETICIA ABIGAIL,Limitada economía,OBSERVADO,2026-08-04,2026-09-30,"SALUDOS SRTA. CHAVEZ, POR FAVOR VOLVER A SUBIR EL ACTA DE OTORGAMIENTO CON LA FIRMA MANUSCRITA IGUAL A LA DE SU CEDULA EN EL MODULO DE AYUDAS ECONOMICAS DEL SGA.Nota: Subir nuevamente Acta de Compromiso firmada"
4,28713,CHAVEZ SANCHEZ LETICIA ABIGAIL,Limitada economía,PENDIENTE,2026-08-04,2026-10-02,Actualizó datos personales
5,28713,CHAVEZ SANCHEZ LETICIA ABIGAIL,Limitada economía,VALIDADO,2026-08-04,2026-10-02,
1,30590,CHENCHE PONCE ALEXANDER DANIEL,Limitada economía,PENDIENTE,2026-08-14,2026-09-23,Actualizó datos personales
1,30265,CHESME VELEZ NEIDER ARIEL,Limitada economía,PENDIENTE,2026-08-13,2026-09-10,Actualizó datos personales
2,30265,CHESME VELEZ NEIDER ARIEL,Limitada economía,PENDIENTE,2026-08-13,2026-09-10,Actualizó datos personales
3,30265,CHESME VELEZ NEIDER ARIEL,Limitada economía,VALIDADO,2026-08-13,2026-09-30,
1,29407,CHEVEZ PIBAQUE ANGIE VANESSA,Limitada economía,PENDIENTE,2026-08-07,2026-09-16,Actualizó datos personales
1,27806,CHICA ESPINEL GABRIEL JOSUE,Limitada economía,PENDIENTE,2026-07-30,2026-09-15,Actualizó datos personales
1,30939,CHICA PEÑA ROMYNA MICHELLE,Limitada economía,PENDIENTE,2026-08-24,2026-09-21,Actualizó datos personales
1,30311,CHICA SANCHEZ CARLOS JOSUE,Limitada economía,PENDIENTE,2026-08-13,2026-09-21,Actualizó datos personales
1,29282,CHICHANDA ALCIVAR JORDAN ALBERTO,Limitada economía,PENDIENTE,2026-08-06,2026-09-15,Actualizó datos personales
1,29800,CHICHANDA SUAREZ DARWIN LEANDRO,Limitada economía,PENDIENTE,2026-08-11,2026-09-22,Actualizó datos personales
1,28129,CHICHANDE DELGADO ANGIE NICOLE,Limitada economía,PENDIENTE,2026-07-31,2026-09-14,Actualizó datos personales
1,30914,CHICO RUBIO JOAN SEBASTIAN,Limitada economía,PENDIENTE,2026-08-21,2026-09-16,Actualizó datos personales
1,29686,CHILAN CAMACHO MARIA MERCEDES,Limitada economía,PENDIENTE,2026-08-10,2026-09-16,Actualizó datos personales
2,29333,CHINGA PLUAS ANGIE LIZETH,Limitada economía,PENDIENTE,2026-08-07,2026-09-09,Actualizó datos personales
1,29333,CHINGA PLUAS ANGIE LIZETH,Limitada economía,PENDIENTE,2026-08-07,2026-09-09,Actualizó datos personales
3,29333,CHINGA PLUAS ANGIE LIZETH,Limitada economía,VALIDADO,2026-08-07,2026-09-30,
1,28644,CHINGUERCELA ESPAÑA GLENDY YANELY,Limitada economía,PENDIENTE,2026-08-03,2026-09-23,Actualizó datos personales
1,29421,CHINGUERCELA ZOLORZANO HEYDI SOLANGE,Limitada economía,PENDIENTE,2026-08-07,2026-09-12,Actualizó datos personales
2,29421,CHINGUERCELA ZOLORZANO HEYDI SOLANGE,Limitada economía,PENDIENTE,2026-08-07,2026-09-12,Actualizó datos personales
1,30879,CHOEZ CABRERA MAYELYN KIARA,Limitada economía,PENDIENTE,2026-08-18,2026-09-14,Actualizó datos personales
1,30601,CHOEZ CANTOS GLORIA STEFANIA,Limitada economía,PENDIENTE,2026-08-14,2026-09-16,Actualizó datos personales
2,27444,CHOEZ HERRERA KEVIN JOSE,Limitada economía,PENDIENTE,2026-07-29,2026-09-08,Actualizó datos personales
1,27444,CHOEZ HERRERA KEVIN JOSE,Limitada economía,PENDIENTE,2026-07-29,2026-09-08,Actualizó datos personales
1,30323,CHOEZ MACIAS LAYLA SHERLYN,Limitada economía,PENDIENTE,2026-08-13,2026-09-18,Actualizó datos personales
1,28244,CHOEZ PONCE GABRIELA MISHEL,Limitada economía,PENDIENTE,2026-08-01,2026-09-25,Actualizó datos personales
2,28244,CHOEZ PONCE GABRIELA MISHEL,Limitada economía,VALIDADO,2026-08-01,2026-10-01,
1,27911,CHUAPANTA FERNANDEZ GONZALO ANDRES,Limitada economía,PENDIENTE,2026-07-31,2026-08-25,Actualizó datos personales
2,29598,CHUSIN GUANOTUÑA CRISTHIAN ALEX,Limitada economía,PENDIENTE,2026-08-09,2026-09-10,Actualizó datos personales
1,29598,CHUSIN GUANOTUÑA CRISTHIAN ALEX,Limitada economía,PENDIENTE,2026-08-09,2026-09-10,Actualizó datos personales
3,29598,CHUSIN GUANOTUÑA CRISTHIAN ALEX,Limitada economía,VALIDADO,2026-08-09,2026-09-30,
1,27849,CHUSIN GUANOTUÑA JEFFERSON OCTAVIO,Limitada economía,PENDIENTE,2026-07-30,2026-08-31,Actualizó datos personales
1,29581,CHUSIN GUANOTUÑA NAHOMY BELINDA,Limitada economía,PENDIENTE,2026-08-08,2026-09-22,Actualizó datos personales
1,27889,CHUSIN GUANOTUÑA TANIA MARISOL,Limitada economía,PENDIENTE,2026-07-31,2026-09-21,Actualizó datos personales
1,27886,CHUSIN HULLCA DAULY ISRAEL,Limitada economía,PENDIENTE,2026-07-31,2026-09-09,Actualizó datos personales
2,27886,CHUSIN HULLCA DAULY ISRAEL,Limitada economía,PENDIENTE,2026-07-31,2026-09-09,Actualizó datos personales
1,30190,CHUSIN PASTUÑA GLORIA SUSANA,Limitada economía,PENDIENTE,2026-08-13,2026-09-16,Actualizó datos personales
1,29611,CIFUENTES ALVARADO JANIO JOHAO,Limitada economía,PENDIENTE,2026-08-09,2026-09-16,Actualizó datos personales
1,28947,CINO TRIANA PAMELA VALERIA,Limitada economía,PENDIENTE,2026-08-05,2026-09-16,Actualizó datos personales
1,30419,CISNEROS ARGUELLO JEREMY JOSUE,Limitada economía,PENDIENTE,2026-08-13,2026-09-18,Actualizó datos personales
1,30459,CLAVON MORA ANDREA JAMILETH,Limitada economía,PENDIENTE,2026-08-13,2026-09-15,Actualizó datos personales
1,29031,COBEÑA ALARCON ODALYS NICOLE,Limitada economía,PENDIENTE,2026-08-05,2026-09-21,Actualizó datos personales
1,30767,COBEÑA COBEÑA LEIDER MACARIO,Limitada economía,PENDIENTE,2026-08-14,2026-09-21,Actualizó datos personales
1,28401,COBEÑA GUAICHA KRISTHY VALERIA,Limitada economía,PENDIENTE,2026-08-03,2026-09-16,Actualizó datos personales
1,27751,COBEÑA VELIZ MIKAELA ISABEL,Limitada economía,PENDIENTE,2026-07-30,2026-09-23,Actualizó datos personales
3,27751,COBEÑA VELIZ MIKAELA ISABEL,Limitada economía,PENDIENTE,2026-07-30,2026-10-01,El estudiante actualizó el acta de compromiso y reenvió la solicitud a revisión financiera.
2,27751,COBEÑA VELIZ MIKAELA ISABEL,Limitada economía,OBSERVADO,2026-07-30,2026-10-01,"BUEN DIA ESTIMADA ESTUDIANTE POR FAVOR SUBIR COPIA DE CEDULA LEGIBLE, DE PREFERENCIA SUBIR LA CEDULA DIGITAL DE LA APP GOB.ECNota: Subir nuevamente Acta de Compromiso firmada"
1,28060,COBO PERALTA ALEX ADRIAN,Limitada economía,PENDIENTE,2026-07-31,2026-09-15,Actualizó datos personales
1,29143,COELLO ADRIAN RAIZA KATHERINE,Limitada economía,PENDIENTE,2026-08-06,2026-09-22,Actualizó datos personales
1,29790,COELLO CASTILLO LUIS MARIO,Limitada economía,PENDIENTE,2026-08-11,2026-09-14,Actualizó datos personales
1,30844,COELLO GARCIA BRITHANY MICHELLE,Limitada economía,PENDIENTE,2026-08-15,2026-09-14,Actualizó datos personales
1,29188,COELLO MIRANDA LUIS ALEJANDRO,Limitada economía,PENDIENTE,2026-08-06,2026-09-15,Actualizó datos personales
1,29797,COELLO PALMA JORDY FABIAN,Limitada economía,PENDIENTE,2026-08-11,2026-09-19,Actualizó datos personales
1,30052,COLORADO LOPEZ SANDER JOSHUE,Limitada economía,PENDIENTE,2026-08-12,2026-09-19,Actualizó datos personales
2,30052,COLORADO LOPEZ SANDER JOSHUE,Limitada economía,VALIDADO,2026-08-12,2026-09-30,
1,30520,CONDOR GARCIA DIANA VALERIA,Limitada economía,PENDIENTE,2026-08-13,2026-09-23,Actualizó datos personales
1,30198,CONFORME VILLACIS JORGE LUIS,Limitada economía,PENDIENTE,2026-08-13,2026-09-24,Actualizó datos personales
1,29869,CONTRERAS CARRIEL ANGEL ISAIAS,Limitada economía,PENDIENTE,2026-08-11,2026-09-16,Actualizó datos personales
1,30549,CONTRERAS CORREA PETER ROOSEVELT,Limitada economía,PENDIENTE,2026-08-14,2026-09-16,Actualizó datos personales
1,29310,CONTRERAS TRIGUERO DANIELA LISMARIS,Limitada economía,PENDIENTE,2026-08-06,2026-09-19,Actualizó datos personales
1,29798,CONTRERAS VILLAMAR LUCY SOLANGE,Limitada economía,PENDIENTE,2026-08-11,2026-09-09,Actualizó datos personales
2,29798,CONTRERAS VILLAMAR LUCY SOLANGE,Limitada economía,PENDIENTE,2026-08-11,2026-09-09,Actualizó datos personales
3,29798,CONTRERAS VILLAMAR LUCY SOLANGE,Limitada economía,VALIDADO,2026-08-11,2026-10-01,
1,28359,CORAL VERA ANGIE GRACE,Limitada economía,PENDIENTE,2026-08-02,2026-09-15,Actualizó datos personales
1,29959,CORDERO PALMA LUIS EDUARDO,Limitada economía,PENDIENTE,2026-08-12,2026-09-18,Actualizó datos personales
1,29247,CORDOVA CORDOVA ALAIN JUSE,Limitada economía,PENDIENTE,2026-08-06,2026-09-22,Actualizó datos personales
3,29247,CORDOVA CORDOVA ALAIN JUSE,Limitada economía,OBSERVADO,2026-08-06,2026-09-30,"ESTIMADO SR. CORDOVA, POR FAVOR ACTUALIZAR EL CERTIFICADO BANCARIO DEL AÑO 2026 EN EL MODULO HOJA DE VIDA DEL SGA.Nota: Subir nuevamente Acta de Compromiso firmada"
2,29247,CORDOVA CORDOVA ALAIN JUSE,Limitada economía,PENDIENTE,2026-08-06,2026-09-30,El estudiante actualizó el acta de compromiso y reenvió la solicitud a revisión financiera.
4,29247,CORDOVA CORDOVA ALAIN JUSE,Limitada economía,VALIDADO,2026-08-06,2026-10-01,
1,30355,CORDOVA VERA MAHOLY NICOLE,Limitada economía,PENDIENTE,2026-08-13,2026-09-10,Actualizó datos personales
2,30355,CORDOVA VERA MAHOLY NICOLE,Limitada economía,PENDIENTE,2026-08-13,2026-09-10,Actualizó datos personales
3,30355,CORDOVA VERA MAHOLY NICOLE,Limitada economía,VALIDADO,2026-08-13,2026-09-30,
1,30234,CORNEJO BRIONES KEYRA NAIROBI,Limitada economía,PENDIENTE,2026-08-13,2026-09-23,Actualizó datos personales
1,29262,CORNEJO FRANCO MELANIE CAMILA,Limitada economía,PENDIENTE,2026-08-06,2026-09-10,Actualizó datos personales
2,29262,CORNEJO FRANCO MELANIE CAMILA,Limitada economía,PENDIENTE,2026-08-06,2026-09-10,Actualizó datos personales
5,29262,CORNEJO FRANCO MELANIE CAMILA,Limitada economía,PENDIENTE,2026-08-06,2026-10-01,El estudiante actualizó el acta de compromiso y reenvió la solicitud a revisión financiera.
3,29262,CORNEJO FRANCO MELANIE CAMILA,Limitada economía,PENDIENTE,2026-08-06,2026-10-01,Actualizó datos personales
4,29262,CORNEJO FRANCO MELANIE CAMILA,Limitada economía,OBSERVADO,2026-08-06,2026-10-01,"GRACIAS POR SU GESTIÓN, FALTÓ ACTUALIZAR EL CERTIFICADO BANCARIO, SIGUE APARECIENDO EL DEL 2025, POR FAVOR ELIMINE LOS ARCHIVOS DEL CERTIFICADO BANCARIO Y VUELVA A SUBIR EL DE ESTE AÑO, ESTO LO DEBE HACER EN EL MÓDULO HOJA DE VIDA DEL SGA.Nota: Subir nuevamente Acta de Compromiso firmada"
6,29262,CORNEJO FRANCO MELANIE CAMILA,Limitada economía,OBSERVADO,2026-08-06,2026-10-01,"SALUDOS SRTA. CORNEJO, POR FAVOR REEMPLAZAR SU CEDULA POR UN DOCUMENTO LEGIBLE (AL IMPRIMIR NO SE APRECIA SUS DATOS), ACTUALIZAR EL CERTIFICADO BANCARIO POR UNO DEL AÑO 2026 Y SUBIR EL ACTA COMPLETA (AMBOS LADOS).Nota: Subir nuevamente Acta de Compromiso firmada"
7,29262,CORNEJO FRANCO MELANIE CAMILA,Limitada economía,VALIDADO,2026-08-06,2026-10-02,
1,30102,CORNEJO MANTUANO JOSTIN ANTONIO,Limitada economía,PENDIENTE,2026-08-12,2026-09-09,Actualizó datos personales
2,30102,CORNEJO MANTUANO JOSTIN ANTONIO,Limitada economía,PENDIENTE,2026-08-12,2026-09-09,Actualizó datos personales
2,29292,CORNEJO PAZMIÑO THALIA JULISSA,Limitada economía,PENDIENTE,2026-08-06,2026-09-08,Actualizó datos personales
1,29292,CORNEJO PAZMIÑO THALIA JULISSA,Limitada economía,PENDIENTE,2026-08-06,2026-09-08,Actualizó datos personales
3,29292,CORNEJO PAZMIÑO THALIA JULISSA,Limitada economía,VALIDADO,2026-08-06,2026-10-01,
1,30591,CORONEL ALAVA LETTY YADIRA,Limitada economía,PENDIENTE,2026-08-14,2026-09-16,Actualizó datos personales
2,30591,CORONEL ALAVA LETTY YADIRA,Limitada economía,OBSERVADO,2026-08-14,2026-10-01,"BUEN DIA ESTIMADA ESTUDIANTE POR FAVOR SUBIR COPIA DE CEDULA LEGIBLE, DE PREFERENCIA SUBIR LA CEDULA DIGITAL DE LA APP GOB.ECNota: Subir nuevamente Acta de Compromiso firmada"
1,30653,CORONEL LUCAS WILMER ALEXANDER,Limitada economía,PENDIENTE,2026-08-14,2026-09-15,Actualizó datos personales
1,30341,CORONEL MACIAS CARLOS JOSTYN,Limitada economía,PENDIENTE,2026-08-13,2026-09-16,Actualizó datos personales
1,29815,CORREA SANCHEZ GILMAR YONAY,Limitada economía,PENDIENTE,2026-08-11,2026-09-23,Actualizó datos personales
1,28552,CORTEZ FORTUN CINDY YULISSA,Limitada economía,PENDIENTE,2026-08-03,2026-09-12,Actualizó datos personales
2,28552,CORTEZ FORTUN CINDY YULISSA,Limitada economía,PENDIENTE,2026-08-03,2026-09-12,Actualizó datos personales
2,28200,CORTEZ GARCIA ROBERT RENE,Limitada economía,PENDIENTE,2026-08-01,2026-09-08,Actualizó datos personales
1,28200,CORTEZ GARCIA ROBERT RENE,Limitada economía,PENDIENTE,2026-08-01,2026-09-08,Actualizó datos personales
3,28200,CORTEZ GARCIA ROBERT RENE,Limitada economía,PENDIENTE,2026-08-01,2026-10-01,El estudiante actualizó el acta de compromiso y reenvió la solicitud a revisión financiera.
4,28200,CORTEZ GARCIA ROBERT RENE,Limitada economía,OBSERVADO,2026-08-01,2026-10-01,"BUEN DIA ESTIMADO ESTUDIANTE POR FAVOR SUBIR COPIA DE CEDULA LEGIBLE, DE PREFERENCIA SUBIR LA CEDULA DIGITAL DE LA APP GOB.ECNota: Subir nuevamente Acta de Compromiso firmada"
1,28639,CORTEZ MARTINEZ EMILY EDITH,Limitada economía,PENDIENTE,2026-08-03,2026-09-02,Actualizó datos personales
2,28639,CORTEZ MARTINEZ EMILY EDITH,Limitada economía,PENDIENTE,2026-08-03,2026-09-02,Actualizó datos personales
1,28278,COX SUAREZ SANYI NALLLELY,Limitada economía,PENDIENTE,2026-08-01,2026-09-14,Actualizó datos personales
1,30287,CRIOLLO CHICAIZA JONATHAN ALEXANDER,Limitada economía,PENDIENTE,2026-08-13,2026-09-10,Actualizó datos personales
2,30287,CRIOLLO CHICAIZA JONATHAN ALEXANDER,Limitada economía,PENDIENTE,2026-08-13,2026-09-10,Actualizó datos personales
1,29136,CRIOLLO CHINCHAY MAYANI YOMAIRA,Limitada economía,PENDIENTE,2026-08-06,2026-09-16,Actualizó datos personales
2,29136,CRIOLLO CHINCHAY MAYANI YOMAIRA,Limitada economía,OBSERVADO,2026-08-06,2026-10-01,"BUEN DIA ESTIMADA ESTUDIANTE POR FAVOR SUBIR COPIA DE CEDULA LEGIBLE ESCANEADA EN FORMATO PDF, DE PREFERENCIA SUBIR LA CEDULA DIGITAL DE LA APP GOB.ECNota: Subir nuevamente Acta de Compromiso firmada"
3,29136,CRIOLLO CHINCHAY MAYANI YOMAIRA,Limitada economía,PENDIENTE,2026-08-06,2026-10-02,El estudiante actualizó el acta de compromiso y reenvió la solicitud a revisión financiera.
1,30649,CRIOLLO TIPAN LUIS ERNESTO,Limitada economía,PENDIENTE,2026-08-14,2026-09-17,Actualizó datos personales
2,30649,CRIOLLO TIPAN LUIS ERNESTO,Limitada economía,VALIDADO,2026-08-14,2026-10-01,
1,28049,CRIOLLO ZOLANO ERICK LENIN,Limitada economía,PENDIENTE,2026-07-31,2026-09-21,Actualizó datos personales
1,27272,CRUZ CALVACHE MILENA DEL ROCIO,Limitada economía,PENDIENTE,2026-07-29,2026-09-23,Actualizó datos personales
2,27272,CRUZ CALVACHE MILENA DEL ROCIO,Limitada economía,VALIDADO,2026-07-29,2026-10-01,
1,29527,CRUZ CEDEÑO ZULING ELIZABETH,Limitada economía,PENDIENTE,2026-08-08,2026-09-14,Actualizó datos personales
1,29913,CRUZ CHUGCHILAN NAYELY ESTEFANIA,Limitada economía,PENDIENTE,2026-08-11,2026-09-22,Actualizó datos personales
2,28342,CRUZ GOMEZ ANGEL ARTURO,Limitada economía,PENDIENTE,2026-08-02,2026-09-10,Actualizó datos personales
1,28342,CRUZ GOMEZ ANGEL ARTURO,Limitada economía,PENDIENTE,2026-08-02,2026-09-10,Actualizó datos personales
3,28342,CRUZ GOMEZ ANGEL ARTURO,Limitada economía,PENDIENTE,2026-08-02,2026-10-01,Actualizó datos personales
4,28342,CRUZ GOMEZ ANGEL ARTURO,Limitada economía,OBSERVADO,2026-08-02,2026-10-01,"BUEN DIA ESTIMADO ESTUDIANTE POR FAVOR SUBIR COPIA DE CEDULA Y ACTA DE OTORGAMIENTO ESCANEADA EN FORMATO PDF LEGIBLE, DE PREFERENCIA SUBIR LA CEDULA DIGITAL DE LA APP GOB.ECNota: Subir nuevamente Acta de Compromiso firmada"
1,30861,CRUZ MENDEZ OSCAR ANDRES,Limitada economía,PENDIENTE,2026-08-16,2026-09-16,Actualizó datos personales
1,30082,CRUZ PETAO LUIS VICENTE,Limitada economía,PENDIENTE,2026-08-12,2026-09-21,Actualizó datos personales
1,30166,CRUZ PONCE WALTER LEANDRO,Limitada economía,PENDIENTE,2026-08-13,2026-09-10,Actualizó datos personales
2,30166,CRUZ PONCE WALTER LEANDRO,Limitada economía,PENDIENTE,2026-08-13,2026-09-10,Actualizó datos personales
1,30050,CRUZ SEGOVIA ELENA MERCEDES,Limitada economía,PENDIENTE,2026-08-12,2026-09-16,Actualizó datos personales
1,29688,CUSME DELGADO ENYER JANDEL,Limitada economía,PENDIENTE,2026-08-10,2026-09-13,Actualizó datos personales
1,27863,CUYABAZO MOREIRA IVANA YAMILETH,Limitada economía,PENDIENTE,2026-07-30,2026-09-14,Actualizó datos personales
1,29650,CUZCO SIFLA JHOSUE PAUL,Limitada economía,PENDIENTE,2026-08-09,2026-09-22,Actualizó datos personales
3,29650,CUZCO SIFLA JHOSUE PAUL,Limitada economía,PENDIENTE,2026-08-09,2026-10-01,El estudiante actualizó el acta de compromiso y reenvió la solicitud a revisión financiera.
2,29650,CUZCO SIFLA JHOSUE PAUL,Limitada economía,OBSERVADO,2026-08-09,2026-10-01,"SALUDOS SR. CUZCO, POR FAVOR FIRMAR EL ACTA IGUAL A SU CEDULA DE FORMA MANUSCRITA Y VOLVER A SUBIR EL ACTA EN EL MODULO DE AYUDAS ECONOMICAS DEL SGA.Nota: Subir nuevamente Acta de Compromiso firmada"
4,29650,CUZCO SIFLA JHOSUE PAUL,Limitada economía,VALIDADO,2026-08-09,2026-10-02,
1,30843,DAVILA VITE CESAR DAVID,Limitada economía,PENDIENTE,2026-08-15,2026-09-17,Actualizó datos personales
1,30772,DAZA SALAZAR MANUEL ELEVIS,Limitada economía,PENDIENTE,2026-08-14,2026-09-25,Actualizó datos personales
2,27837,DE LA CRUZ DE LA CRUZ JAZMIN LIZETH,Limitada economía,PENDIENTE,2026-07-30,2026-09-05,Actualizó datos personales
1,27837,DE LA CRUZ DE LA CRUZ JAZMIN LIZETH,Limitada economía,PENDIENTE,2026-07-30,2026-09-05,Actualizó datos personales
2,30058,DE LA CRUZ DE SANTIS PAMELA MAYERLI,Limitada economía,PENDIENTE,2026-08-12,2026-09-10,Actualizó datos personales
1,30058,DE LA CRUZ DE SANTIS PAMELA MAYERLI,Limitada economía,PENDIENTE,2026-08-12,2026-09-10,Actualizó datos personales
1,30874,DE LOOR AGUILAR JORGE JORDAN,Limitada economía,PENDIENTE,2026-08-17,2026-09-23,Actualizó datos personales
1,30075,DEL CAMPO BAJAÑA JHON JAVIER,Limitada economía,PENDIENTE,2026-08-12,2026-08-28,Actualizó datos personales
2,30075,DEL CAMPO BAJAÑA JHON JAVIER,Limitada economía,OBSERVADO,2026-08-12,2026-10-01,"SALUDOS SR. DEL CAMPO, POR FAVOR REEMPLAZAR EL ARCHIVO DE SU CÉDULA POR UNO LEGIBLE Y ACTUALIZAR EL VERTIFICADO BANCARIO POR UNO DEL AÑO 2026, AMBOS CAMBIOS LOS DEBE REALIZAR EN EL MÓDULO HOJA DE VIDA DEL SGA.Nota: Subir nuevamente Acta de Compromiso firmada"
1,30385,DEL VALLE SKARLETH NAYELY,Limitada economía,PENDIENTE,2026-08-13,2026-09-18,Actualizó datos personales
1,29481,DELGADO ARBOLEDA CATALINA ELOISA,Limitada economía,PENDIENTE,2026-08-07,2026-09-16,Actualizó datos personales
2,29481,DELGADO ARBOLEDA CATALINA ELOISA,Limitada economía,VALIDADO,2026-08-07,2026-10-01,
1,29582,DELGADO ARTEAGA VANESSA JAMILETH,Limitada economía,PENDIENTE,2026-08-08,2026-09-18,Actualizó datos personales
1,30894,DELGADO FRANCO JOMIRA ELIZABETH,Limitada economía,PENDIENTE,2026-08-20,2026-08-21,Actualizó datos personales
1,28839,DELGADO LOOR JESSICA LILIANA,Limitada economía,PENDIENTE,2026-08-04,2026-09-22,Actualizó datos personales
1,29940,DELGADO MERA JIMMY JAVIER,Limitada economía,PENDIENTE,2026-08-12,2026-09-10,Actualizó datos personales
2,29940,DELGADO MERA JIMMY JAVIER,Limitada economía,PENDIENTE,2026-08-12,2026-09-10,Actualizó datos personales
1,30898,DELGADO PINCAY JEAN PAUL,Limitada economía,PENDIENTE,2026-08-20,2026-09-11,Actualizó datos personales
2,30898,DELGADO PINCAY JEAN PAUL,Limitada economía,PENDIENTE,2026-08-20,2026-09-11,Actualizó datos personales
1,30619,DELGADO SABANDO ANDERSSON ADONYS,Limitada economía,PENDIENTE,2026-08-14,2026-09-23,Actualizó datos personales
2,30619,DELGADO SABANDO ANDERSSON ADONYS,Limitada economía,OBSERVADO,2026-08-14,2026-10-01,"SALUDOS SR. DELGADO, POR FAVOR ACTUALIZAR EL CERTIFICADO BANCARIO POR UNO DEL AÑO 2026 EN EL MODULO HOJA DE VIDA DEL SGA Y MARCARLO COMO PRINCIPAL.Nota: Subir nuevamente Acta de Compromiso firmada"
1,28358,DELGADO SOLORZANO FANNY ANGELICA,Limitada economía,PENDIENTE,2026-08-02,2026-09-16,Actualizó datos personales
1,29325,DELGADO SOLORZANO STEFANI ADELAIDA,Limitada economía,PENDIENTE,2026-08-06,2026-08-31,Actualizó datos personales
2,30093,DESIDERIO BAQUE JOSELYN BRITHNEY,Limitada economía,PENDIENTE,2026-08-12,2026-09-11,Actualizó datos personales
1,30093,DESIDERIO BAQUE JOSELYN BRITHNEY,Limitada economía,PENDIENTE,2026-08-12,2026-09-11,Actualizó datos personales
3,30093,DESIDERIO BAQUE JOSELYN BRITHNEY,Limitada economía,VALIDADO,2026-08-12,2026-10-01,"SALUDOS ESTUDIANTE, SE LE SUGIERE REEMPLAZAR SU CÉDULA POR UNA MÁS CLARA EN EL MÓDULO HOJA DE VIDA DEL SGA, LA ACTUAL AL IMPRIMIR SALE OPACA."
1,27278,DIAZ FREIRE ANNIE MELANIE,Limitada economía,PENDIENTE,2026-07-29,2026-09-18,Actualizó datos personales
1,30757,DIAZ TROYA JEAN CARLO,Limitada economía,PENDIENTE,2026-08-14,2026-09-23,Actualizó datos personales
2,30757,DIAZ TROYA JEAN CARLO,Limitada economía,VALIDADO,2026-08-14,2026-10-01,
1,28322,DICADO BUSTAMANTE MAELA ABIGAIL,Limitada economía,PENDIENTE,2026-08-02,2026-09-15,Actualizó datos personales
2,28566,DOMINGUEZ INTRIAGO LIXANIA MADELEINE,Limitada economía,PENDIENTE,2026-08-03,2026-09-11,Actualizó datos personales
1,28566,DOMINGUEZ INTRIAGO LIXANIA MADELEINE,Limitada economía,PENDIENTE,2026-08-03,2026-09-11,Actualizó datos personales
3,28566,DOMINGUEZ INTRIAGO LIXANIA MADELEINE,Limitada economía,VALIDADO,2026-08-03,2026-10-01,
1,28134,DOMINGUEZ VILLA LEIDY KATHERINE,Limitada economía,PENDIENTE,2026-07-31,2026-09-18,Actualizó datos personales
1,30660,DUTAN MENDOZA JOMAYRA SCARLETT,Limitada economía,PENDIENTE,2026-08-14,2026-09-25,Actualizó datos personales
1,28279,ECHERRES CHAGERBEN CARLOS ALFREDO,Limitada economía,PENDIENTE,2026-08-01,2026-09-18,Actualizó datos personales
1,30574,ECHERRES PEREZ JENNIFFER THALIA,Limitada economía,PENDIENTE,2026-08-14,2026-09-15,Actualizó datos personales
1,28236,ECHEVERRIA RECALDE JENNY XIMENA,Limitada economía,PENDIENTE,2026-08-01,2026-09-22,Actualizó datos personales
1,28619,ELIZALDE LOOR CYNTHIA MARIBEL,Limitada economía,PENDIENTE,2026-08-03,2026-09-22,Actualizó datos personales
2,29354,ENDARA AVILA JUAN DAVID,Limitada economía,PENDIENTE,2026-08-07,2026-09-11,Actualizó datos personales
1,29354,ENDARA AVILA JUAN DAVID,Limitada economía,PENDIENTE,2026-08-07,2026-09-11,Actualizó datos personales
2,29014,ENRIQUEZ CHASI RACHAEL EMILCE,Limitada economía,PENDIENTE,2026-08-05,2026-09-07,Actualizó datos personales
1,29014,ENRIQUEZ CHASI RACHAEL EMILCE,Limitada economía,PENDIENTE,2026-08-05,2026-09-07,Actualizó datos personales
1,29405,ESMERALDA SALTOS ANABEL XIMENA,Limitada economía,PENDIENTE,2026-08-07,2026-09-15,Actualizó datos personales
1,29441,ESPAÑA VALERO TATIANA KATHERINE,Limitada economía,PENDIENTE,2026-08-07,2026-09-18,Actualizó datos personales
1,28800,ESPAÑA VERA KENNY ISAIAS,Limitada economía,PENDIENTE,2026-08-04,2026-09-18,Actualizó datos personales
1,28113,ESPIN NIETO DERLYN IZAMAR,Limitada economía,PENDIENTE,2026-07-31,2026-09-03,Actualizó datos personales
2,28113,ESPIN NIETO DERLYN IZAMAR,Limitada economía,PENDIENTE,2026-07-31,2026-09-03,Actualizó datos personales
1,29945,ESPINALES CHIGUANO MARIA DEL ROCIO,Limitada economía,PENDIENTE,2026-08-12,2026-09-17,Actualizó datos personales
1,30724,ESPINALES MACIAS ANTHONY ALEJANDRO,Limitada economía,PENDIENTE,2026-08-14,2026-09-09,Actualizó datos personales
2,30724,ESPINALES MACIAS ANTHONY ALEJANDRO,Limitada economía,PENDIENTE,2026-08-14,2026-09-09,Actualizó datos personales
3,30724,ESPINALES MACIAS ANTHONY ALEJANDRO,Limitada economía,PENDIENTE,2026-08-14,2026-10-01,El estudiante actualizó el acta de compromiso y reenvió la solicitud a revisión financiera.
4,30724,ESPINALES MACIAS ANTHONY ALEJANDRO,Limitada economía,OBSERVADO,2026-08-14,2026-10-01,"BUEN DIA ESTIMADO ESTUDIANTE POR FAVOR SUBIR CERTIFICADO BANCARIO ACTUALIZADO, GRACIASNota: Subir nuevamente Acta de Compromiso firmada"
1,28360,ESPINOZA DOMINGUEZ CAMILO DAVID,Limitada economía,PENDIENTE,2026-08-02,2026-09-04,Actualizó datos personales
2,28360,ESPINOZA DOMINGUEZ CAMILO DAVID,Limitada economía,PENDIENTE,2026-08-02,2026-09-04,Actualizó datos personales
3,28360,ESPINOZA DOMINGUEZ CAMILO DAVID,Limitada economía,VALIDADO,2026-08-02,2026-10-01,
1,29599,ESPINOZA GAMARRA ALAN JOEL,Limitada economía,PENDIENTE,2026-08-09,2026-09-17,Actualizó datos personales
2,28540,ESPINOZA GAMARRA CARLOS ROBERTO,Limitada economía,PENDIENTE,2026-08-03,2026-09-11,Actualizó datos personales
1,28540,ESPINOZA GAMARRA CARLOS ROBERTO,Limitada economía,PENDIENTE,2026-08-03,2026-09-11,Actualizó datos personales
1,29967,ESPINOZA GONZALEZ LADY SHAILYN,Limitada economía,PENDIENTE,2026-08-12,2026-09-21,Actualizó datos personales
1,30104,ESPINOZA MORAN NAHOMI ESTEFANIA,Limitada economía,PENDIENTE,2026-08-12,2026-09-17,Actualizó datos personales
1,28103,ESPINOZA PERALTA ALISSON ANDREA,Limitada economía,PENDIENTE,2026-07-31,2026-09-14,Actualizó datos personales
1,29814,ESPINOZA PIVAQUE ANGELO MAXIMILIANO,Limitada economía,PENDIENTE,2026-08-11,2026-09-18,Actualizó datos personales
1,29299,ESPINOZA SUAREZ VALESKA ZHARICK,Limitada economía,PENDIENTE,2026-08-06,2026-09-19,Actualizó datos personales
1,29656,ESPINOZA TOMALA JHON JEANPIERE,Limitada economía,PENDIENTE,2026-08-10,2026-09-07,Actualizó datos personales
2,29656,ESPINOZA TOMALA JHON JEANPIERE,Limitada economía,PENDIENTE,2026-08-10,2026-09-07,Actualizó datos personales
1,28226,ESPINOZA ZAMBRANO JOHN MANUEL,Limitada economía,PENDIENTE,2026-08-01,2026-09-22,Actualizó datos personales
1,27813,ESTRADA VERDESOTO MARJORIE RAQUEL,Limitada economía,PENDIENTE,2026-07-30,2026-09-15,Actualizó datos personales
1,30171,ESTRELLA INGA JAMIE DENISSE,Limitada economía,PENDIENTE,2026-08-13,2026-09-17,Actualizó datos personales
1,30200,ESTUPIÑAN PLUA HELLEN EDUARDA,Limitada economía,PENDIENTE,2026-08-13,2026-09-18,Actualizó datos personales
1,29025,FAJARDO VERA ZULAY STEFANIA,Limitada economía,PENDIENTE,2026-08-05,2026-09-14,Actualizó datos personales
1,30797,FARINANGO GUANDINANGO FREDDY VLADIMIR,Limitada economía,PENDIENTE,2026-08-14,2026-09-19,Actualizó datos personales
1,30684,FERNANDEZ FERNANDEZ FERNANDO FABRICIO,Limitada economía,PENDIENTE,2026-08-14,2026-09-18,Actualizó datos personales
1,29196,FERNANDEZ JIMENEZ ANGELA MARIA,Limitada economía,PENDIENTE,2026-08-06,2026-09-16,Actualizó datos personales
2,29196,FERNANDEZ JIMENEZ ANGELA MARIA,Limitada economía,OBSERVADO,2026-08-06,2026-10-01,BUEN DIA ESTIMADA ESTUDIANTE POR FAVOR SUBIR COPIA DE CEDULA Y ACTA DE COMPROMISO ESCANEADOS EN FORMATO PDF LEGIBLE (NO FOTO) DE PREFERENCIA SUBIR LA CEDULA DIGITAL DE LA APP GOB.ECNota: Subir nuevamente Acta de Compromiso firmada
3,29196,FERNANDEZ JIMENEZ ANGELA MARIA,Limitada economía,PENDIENTE,2026-08-06,2026-10-02,El estudiante actualizó el acta de compromiso y reenvió la solicitud a revisión financiera.
1,28281,FERNANDEZ LOOR EVELYN XIOMARA,Limitada economía,PENDIENTE,2026-08-01,2026-09-25,Actualizó datos personales
1,29928,FERNANDEZ MORA MIREXY MARIUXI,Limitada economía,PENDIENTE,2026-08-11,2026-09-10,Actualizó datos personales
2,29928,FERNANDEZ MORA MIREXY MARIUXI,Limitada economía,PENDIENTE,2026-08-11,2026-09-10,Actualizó datos personales
1,29450,FERNANDEZ MURILLO YULISSA JESSENIA,Limitada economía,PENDIENTE,2026-08-07,2026-09-18,Actualizó datos personales
2,29450,FERNANDEZ MURILLO YULISSA JESSENIA,Limitada economía,OBSERVADO,2026-08-07,2026-10-01,"SALUDOS SRTA. FERNANDEZ, POR FAVOR ACTUALIZAR SU CEDULA DE MAYOR DE EDAD EN EL MODULO HOJA DE VIDA DEL SGA. LEGIBLE Y EN FORMATO PDF.Nota: Subir nuevamente Acta de Compromiso firmada"
1,30917,FERNANDEZ OLVERA NAYELLY MISHELL,Limitada economía,PENDIENTE,2026-08-22,2026-09-24,Actualizó datos personales
2,30917,FERNANDEZ OLVERA NAYELLY MISHELL,Limitada economía,VALIDADO,2026-08-22,2026-10-01,
2,28822,FIGUEROA CHOEZ DAYANARA PAMELA,Limitada economía,PENDIENTE,2026-08-04,2026-09-10,Actualizó datos personales
1,28822,FIGUEROA CHOEZ DAYANARA PAMELA,Limitada economía,PENDIENTE,2026-08-04,2026-09-10,Actualizó datos personales
1,29592,FIGUEROA INTRIAGO WALESKA GEOVANNA,Limitada economía,PENDIENTE,2026-08-09,2026-09-11,Actualizó datos personales
2,29592,FIGUEROA INTRIAGO WALESKA GEOVANNA,Limitada economía,PENDIENTE,2026-08-09,2026-09-11,Actualizó datos personales
1,28527,FIGUEROA TRIVIÑO EVERSON VICENTE,Limitada economía,PENDIENTE,2026-08-03,2026-09-14,Actualizó datos personales
1,28532,FIGUEROA VERA OVIDIO ALEJANDRO,Limitada economía,PENDIENTE,2026-08-03,2026-09-22,Actualizó datos personales
2,28532,FIGUEROA VERA OVIDIO ALEJANDRO,Limitada economía,VALIDADO,2026-08-03,2026-10-01,
1,29013,FLOREANO SUAREZ NOELIA YELENA,Limitada economía,PENDIENTE,2026-08-05,2026-09-22,Actualizó datos personales
1,28651,FLORES CERVANTES MARIA VERONICA,Limitada economía,PENDIENTE,2026-08-03,2026-08-20,Actualizó datos personales
1,30666,FLORES FERNANDEZ LISSETH LILIANA,Limitada economía,PENDIENTE,2026-08-14,2026-08-28,Actualizó datos personales
3,30666,FLORES FERNANDEZ LISSETH LILIANA,Limitada economía,OBSERVADO,2026-08-14,2026-10-01,"SALUDOS SRTA. FLORES, POR FAVOR REEMPLAZAR SU CÉDULA POR UNA MAS CLARA (NO SE VE SU FIRMA) Y TAMBIEN EL ACTA QUE SEA MAS LEGIBLE.Nota: Subir nuevamente Acta de Compromiso firmada"
2,30666,FLORES FERNANDEZ LISSETH LILIANA,Limitada economía,PENDIENTE,2026-08-14,2026-10-01,El estudiante actualizó el acta de compromiso y reenvió la solicitud a revisión financiera.
4,30666,FLORES FERNANDEZ LISSETH LILIANA,Limitada economía,VALIDADO,2026-08-14,2026-10-02,
1,29446,FLORES GAVILANES HAROLD STEVEEN,Limitada economía,PENDIENTE,2026-08-07,2026-09-20,Actualizó datos personales
1,30728,FLORES MORALES REINALDO DAVID,Limitada economía,PENDIENTE,2026-08-14,2026-09-18,Actualizó datos personales
1,30676,FLORES RIVERA HEIDY DANIELA,Limitada economía,PENDIENTE,2026-08-14,2026-09-11,Actualizó datos personales
2,30676,FLORES RIVERA HEIDY DANIELA,Limitada economía,PENDIENTE,2026-08-14,2026-09-11,Actualizó datos personales
1,30725,FLORES VELEZ MAYERLI JOMAHIRA,Limitada economía,PENDIENTE,2026-08-14,2026-09-22,Actualizó datos personales
1,27773,FONSECA MARIN JOSSELYN MISHELL,Limitada economía,PENDIENTE,2026-07-30,2026-09-22,Actualizó datos personales
1,28597,FONSECA PERALTA HOWARD FERNANDO,Limitada economía,PENDIENTE,2026-08-03,2026-09-21,Actualizó datos personales
1,29460,FORTUN CEDEÑO JOSSELYN YAMILET,Limitada economía,PENDIENTE,2026-08-07,2026-09-17,Actualizó datos personales
1,27729,FRANCO BRAVO JOHAN JAVIER,Limitada economía,PENDIENTE,2026-07-30,2026-09-16,Actualizó datos personales
1,29545,FRANCO BURGOS EVELYN MICKAELA,Limitada economía,PENDIENTE,2026-08-08,2026-09-23,Actualizó datos personales
1,27908,FRANCO DOMINGUEZ EDUARDO NICOLAS,Limitada economía,PENDIENTE,2026-07-31,2026-09-10,Actualizó datos personales
2,27908,FRANCO DOMINGUEZ EDUARDO NICOLAS,Limitada economía,PENDIENTE,2026-07-31,2026-09-10,Actualizó datos personales
1,30401,FRANCO LUCAS ANDERSON MICHAELLE,Limitada economía,PENDIENTE,2026-08-13,2026-09-17,Actualizó datos personales
2,30401,FRANCO LUCAS ANDERSON MICHAELLE,Limitada economía,OBSERVADO,2026-08-13,2026-10-01,"BUEN DIA ESTIMADO ESTUDIANTE POR FAVOR DEBE FIRMAR EL ACTA DE COMPROMISO, LA FIRMA DEBE SER COMO CONSTA EN SU CEDULA, GRACIASNota: Subir nuevamente Acta de Compromiso firmada"
1,29590,FRANCO LUCAS EVELYN JULEXY,Limitada economía,PENDIENTE,2026-08-08,2026-09-18,Actualizó datos personales
1,29503,FRANCO RUIZ BRISNEY MICHELL,Limitada economía,PENDIENTE,2026-08-08,2026-09-22,Actualizó datos personales
1,30214,FRANCO SEGOVIA NIURKA ODALYS,Limitada economía,PENDIENTE,2026-08-13,2026-09-18,Actualizó datos personales
2,30214,FRANCO SEGOVIA NIURKA ODALYS,Limitada economía,OBSERVADO,2026-08-13,2026-10-01,"SALUDOS SRTA. FRANCO, EL DOCUMENTO SOLICITADO PARA EL TRÁMITE ES EL CERTIFICADO BANCARIO DEL AÑO 2026, NO EL ESTADO DE CUENTA, POR FAVOR REEMPLAZAR EL DOCUMENTO INDICADO EN EL MODULO HOJA DE VIDA DEL SGA.Nota: Subir nuevamente Acta de Compromiso firmada"
3,30214,FRANCO SEGOVIA NIURKA ODALYS,Limitada economía,PENDIENTE,2026-08-13,2026-10-02,Actualizó datos personales
4,30214,FRANCO SEGOVIA NIURKA ODALYS,Limitada economía,VALIDADO,2026-08-13,2026-10-02,
2,30615,FRANCO VELEZ LUIS ALBERTO,Limitada economía,PENDIENTE,2026-08-14,2026-09-06,Actualizó datos personales
1,30615,FRANCO VELEZ LUIS ALBERTO,Limitada economía,PENDIENTE,2026-08-14,2026-09-06,Actualizó datos personales
1,30706,FREIRE CAPUZ GORKY ALEXANDER,Limitada economía,PENDIENTE,2026-08-14,2026-09-13,Actualizó datos personales
2,29430,FUENTES ZAMBRANO NAHOMI KAREN,Limitada economía,PENDIENTE,2026-08-07,2026-09-10,Actualizó datos personales
1,29430,FUENTES ZAMBRANO NAHOMI KAREN,Limitada economía,PENDIENTE,2026-08-07,2026-09-10,Actualizó datos personales
3,29430,FUENTES ZAMBRANO NAHOMI KAREN,Limitada economía,VALIDADO,2026-08-07,2026-10-01,
1,30443,FUERTES CALVO LANDY LORENA,Limitada economía,PENDIENTE,2026-08-13,2026-09-21,Actualizó datos personales
1,29443,GABILANES ARIAS DAVIS ELKIN,Limitada economía,PENDIENTE,2026-08-07,2026-09-23,Actualizó datos personales
2,29443,GABILANES ARIAS DAVIS ELKIN,Limitada economía,VALIDADO,2026-08-07,2026-10-01,
1,29447,GAGLAY GAGLAY MARIBEL ELIZABETH,Limitada economía,PENDIENTE,2026-08-07,2026-09-22,Actualizó datos personales
1,30597,GAIBOR DUARTE PEDRO VICENTE,Limitada economía,PENDIENTE,2026-08-14,2026-09-18,Actualizó datos personales
1,30000,GAIBOR RODRIGUEZ JEREMY RUPERTO,Limitada economía,PENDIENTE,2026-08-12,2026-09-22,Actualizó datos personales
2,28221,GALARZA VELIZ NAYDELIN MAHOLY,Limitada economía,PENDIENTE,2026-08-01,2026-09-02,Actualizó datos personales
1,28221,GALARZA VELIZ NAYDELIN MAHOLY,Limitada economía,PENDIENTE,2026-08-01,2026-09-02,Actualizó datos personales
2,29243,GALLEGOS ESPAÑA LISSETTE ELIZABETH,Limitada economía,PENDIENTE,2026-08-06,2026-09-08,Actualizó datos personales
1,29243,GALLEGOS ESPAÑA LISSETTE ELIZABETH,Limitada economía,PENDIENTE,2026-08-06,2026-09-08,Actualizó datos personales
3,29243,GALLEGOS ESPAÑA LISSETTE ELIZABETH,Limitada economía,VALIDADO,2026-08-06,2026-10-01,
1,27641,GALLO DONOSO MARIA ANGEL,Limitada economía,PENDIENTE,2026-07-30,2026-09-22,Actualizó datos personales
1,29882,GAMARRA ARAUJO EDHU XAVIER,Limitada economía,PENDIENTE,2026-08-11,2026-09-18,Actualizó datos personales
1,27823,GAMARRA MANZABA DIANA CAROLINA,Limitada economía,PENDIENTE,2026-07-30,2026-09-15,Actualizó datos personales
1,27873,GAMARRA VERA NORELYS MAYLI,Limitada economía,PENDIENTE,2026-07-31,2026-09-04,Actualizó datos personales
2,27873,GAMARRA VERA NORELYS MAYLI,Limitada economía,PENDIENTE,2026-07-31,2026-09-04,Actualizó datos personales
3,27873,GAMARRA VERA NORELYS MAYLI,Limitada economía,PENDIENTE,2026-07-31,2026-10-01,El estudiante actualizó el acta de compromiso y reenvió la solicitud a revisión financiera.
4,27873,GAMARRA VERA NORELYS MAYLI,Limitada economía,OBSERVADO,2026-07-31,2026-10-01,"BUEN DIA ESTIMADA ESTUDIANTE POR FAVOR SUBIR CERTIFICADO BANCARIO ACTUALIZADO, Y COPIA DE CEDULA LEGIBLE DE PREFERENCIA LA DIGITAL DE LA APP GOB.EC, GRACIASNota: Subir nuevamente Acta de Compromiso firmada"
1,29269,GANCHOZO BURBANO JHARING ISRAEL,Limitada economía,PENDIENTE,2026-08-06,2026-09-09,Actualizó datos personales
2,29269,GANCHOZO BURBANO JHARING ISRAEL,Limitada economía,PENDIENTE,2026-08-06,2026-09-09,Actualizó datos personales
3,29269,GANCHOZO BURBANO JHARING ISRAEL,Limitada economía,PENDIENTE,2026-08-06,2026-10-01,El estudiante actualizó el acta de compromiso y reenvió la solicitud a revisión financiera.
4,29269,GANCHOZO BURBANO JHARING ISRAEL,Limitada economía,OBSERVADO,2026-08-06,2026-10-01,BUEN DIA ESTIMADO ESTUDIANTE POR FAVOR SUBIR COPIA DE CEDULA Y ACTA DE COMPROMISO ESCANEADOS EN FORMATO PDF LEGIBLE (NO FOTO) DE PREFERENCIA SUBIR LA CEDULA DIGITAL DE LA APP GOB.ECNota: Subir nuevamente Acta de Compromiso firmada
1,28910,GANCHOZO ESPINOZA ANDREA MARIYAT,Limitada economía,PENDIENTE,2026-08-04,2026-09-18,Actualizó datos personales
1,28048,GANCHOZO LOPEZ GEOMARA VALENTINA,Limitada economía,PENDIENTE,2026-07-31,2026-09-21,Actualizó datos personales
1,28255,GANCHOZO ROMERO GINGER TATIANA,Limitada economía,PENDIENTE,2026-08-01,2026-09-07,Actualizó datos personales
2,28255,GANCHOZO ROMERO GINGER TATIANA,Limitada economía,PENDIENTE,2026-08-01,2026-09-07,Actualizó datos personales
2,28611,GAONA VILLALTA KARLA KATHERINE,Limitada economía,PENDIENTE,2026-08-03,2026-09-11,Actualizó datos personales
1,28611,GAONA VILLALTA KARLA KATHERINE,Limitada economía,PENDIENTE,2026-08-03,2026-09-11,Actualizó datos personales
1,29975,GARCIA ALVAREZ NAOMI THAIS,Limitada economía,PENDIENTE,2026-08-12,2026-09-18,Actualizó datos personales
2,28896,GARCIA ANDRADE DIANA LISETH,Limitada economía,PENDIENTE,2026-08-04,2026-09-08,Actualizó datos personales
1,28896,GARCIA ANDRADE DIANA LISETH,Limitada economía,PENDIENTE,2026-08-04,2026-09-08,Actualizó datos personales
1,29784,GARCIA ANDRADE KARLA TAMARA,Limitada economía,PENDIENTE,2026-08-11,2026-09-15,Actualizó datos personales
1,29440,GARCIA BAZURTO KEVIN LEONEL,Limitada economía,PENDIENTE,2026-08-07,2026-09-19,Actualizó datos personales
1,30210,GARCIA CEDEÑO RONALD JAIR,Limitada economía,PENDIENTE,2026-08-13,2026-09-17,Actualizó datos personales
1,28915,GARCIA ESPINOZA JULEXY DAYANARA,Limitada economía,PENDIENTE,2026-08-04,2026-09-15,Actualizó datos personales
1,29973,GARCIA FERNANDEZ ANA SARAY,Limitada economía,PENDIENTE,2026-08-12,2026-08-31,Actualizó datos personales
1,29166,GARCIA GARCIA GABRIELA KATHERINE,Limitada economía,PENDIENTE,2026-08-06,2026-08-30,Actualizó datos personales
3,29166,GARCIA GARCIA GABRIELA KATHERINE,Limitada economía,PENDIENTE,2026-08-06,2026-10-01,El estudiante actualizó el acta de compromiso y reenvió la solicitud a revisión financiera.
2,29166,GARCIA GARCIA GABRIELA KATHERINE,Limitada economía,OBSERVADO,2026-08-06,2026-10-01,BUEN DIA ESTIMADA ESTUDIANTE POR FAVOR SUBIR COPIA DE CEDULA Y ACTA DE COMPROMISO ESCANEADOS EN FORMATO PDF LEGIBLE (NO FOTO) DE PREFERENCIA SUBIR LA CEDULA DIGITAL DE LA APP GOB.ECNota: Subir nuevamente Acta de Compromiso firmada
1,30175,GARCIA GONZALEZ KARELYS DAYANA,Limitada economía,PENDIENTE,2026-08-13,2026-09-22,Actualizó datos personales
1,28372,GARCIA GONZALEZ NELLY DANIELA,Limitada economía,PENDIENTE,2026-08-02,2026-09-15,Actualizó datos personales
1,30036,GARCIA GUEVARA JEAN CARLOS,Limitada economía,PENDIENTE,2026-08-12,2026-08-25,Actualizó datos personales
2,30036,GARCIA GUEVARA JEAN CARLOS,Limitada economía,VALIDADO,2026-08-12,2026-10-01,
1,30776,GARCIA LIRIO EMILY LITZY,Limitada economía,PENDIENTE,2026-08-14,2026-09-22,Actualizó datos personales
2,30776,GARCIA LIRIO EMILY LITZY,Limitada economía,VALIDADO,2026-08-14,2026-10-01,
1,29996,GARCIA LUCAS LIDICE LILIBETH,Limitada economía,PENDIENTE,2026-08-12,2026-09-14,Actualizó datos personales
1,30670,GARCIA MENDOZA JAMILEX DEL ROCIO,Limitada economía,PENDIENTE,2026-08-14,2026-09-23,Actualizó datos personales
2,28486,GARCIA MOREIRA MERCY MARIBELLA,Limitada economía,PENDIENTE,2026-08-03,2026-09-02,Actualizó datos personales
1,28486,GARCIA MOREIRA MERCY MARIBELLA,Limitada economía,PENDIENTE,2026-08-03,2026-09-02,Actualizó datos personales
1,29630,GARCIA PEREIRA RONALD JAVIER,Limitada economía,PENDIENTE,2026-08-09,2026-09-16,Actualizó datos personales
1,28219,GARCIA RAMIREZ WILSON MOISES,Limitada economía,PENDIENTE,2026-08-01,2026-09-22,Actualizó datos personales
2,28310,GARCIA REYES NURY JAMILETH,Limitada economía,PENDIENTE,2026-08-02,2026-09-10,Actualizó datos personales
1,28310,GARCIA REYES NURY JAMILETH,Limitada economía,PENDIENTE,2026-08-02,2026-09-10,Actualizó datos personales
1,30614,GARCIA VALENCIA LUIS MARIO,Limitada economía,PENDIENTE,2026-08-14,2026-09-08,Actualizó datos personales
2,30614,GARCIA VALENCIA LUIS MARIO,Limitada economía,PENDIENTE,2026-08-14,2026-09-08,Actualizó datos personales
1,30064,GARCIA VERA CRISTHIAN JAVIER,Limitada economía,PENDIENTE,2026-08-12,2026-09-08,Actualizó datos personales
2,30064,GARCIA VERA CRISTHIAN JAVIER,Limitada economía,PENDIENTE,2026-08-12,2026-09-08,Actualizó datos personales
3,30064,GARCIA VERA CRISTHIAN JAVIER,Limitada economía,VALIDADO,2026-08-12,2026-10-01,
1,28289,GAROFALO CARRERA EDISON AGNELIO,Limitada economía,PENDIENTE,2026-08-01,2026-09-25,Actualizó datos personales
1,30448,GAVIDIA CHERNEZ ILENIA THAYLI,Limitada economía,PENDIENTE,2026-08-13,2026-09-17,Actualizó datos personales
2,30448,GAVIDIA CHERNEZ ILENIA THAYLI,Limitada economía,VALIDADO,2026-08-13,2026-10-01,
1,27497,GAVILANES CALVACHE ANGELO AGUSTIN,Limitada economía,PENDIENTE,2026-07-30,2026-09-21,Actualizó datos personales
2,27497,GAVILANES CALVACHE ANGELO AGUSTIN,Limitada economía,VALIDADO,2026-07-30,2026-10-01,
1,29479,GILCES REYES MAGNO ANDRES,Limitada economía,PENDIENTE,2026-08-07,2026-09-18,Actualizó datos personales
2,29479,GILCES REYES MAGNO ANDRES,Limitada economía,OBSERVADO,2026-08-07,2026-10-01,"SALUDOS SR. GILCES, LA FIRMA DEL ACTA ES DIFERENTE A LA CEDULA QUE CONSTA EN EL SGA, POR FAVOR FIRMAR EL ACTA IGUAL QUE SU CEDULA Y VOLVER A SUBIR EL ACTA O VERIFICAR QUE LA QUE CONSTA EN EL SISTEMA SEA LA ACTUAL.Nota: Subir nuevamente Acta de Compromiso firmada"
3,29479,GILCES REYES MAGNO ANDRES,Limitada economía,PENDIENTE,2026-08-07,2026-10-01,El estudiante actualizó el acta de compromiso y reenvió la solicitud a revisión financiera.
4,29479,GILCES REYES MAGNO ANDRES,Limitada economía,VALIDADO,2026-08-07,2026-10-02,
1,29394,GILER FRANCO RODIX RENNIER,Limitada economía,PENDIENTE,2026-08-07,2026-09-22,Actualizó datos personales
1,29241,GILER SALAZAR XIMENA MAYERLI,Limitada economía,PENDIENTE,2026-08-06,2026-09-10,Actualizó datos personales
2,29241,GILER SALAZAR XIMENA MAYERLI,Limitada economía,PENDIENTE,2026-08-06,2026-09-10,Actualizó datos personales
3,29241,GILER SALAZAR XIMENA MAYERLI,Limitada economía,VALIDADO,2026-08-06,2026-10-01,
1,27632,GILER TRIVIÑO HEILIN NOHELIA,Limitada economía,PENDIENTE,2026-07-30,2026-09-21,Actualizó datos personales
2,27632,GILER TRIVIÑO HEILIN NOHELIA,Limitada economía,VALIDADO,2026-07-30,2026-10-01,
1,30769,GIRALDO TIGUA CRISTHIAN ALEXANDER,Limitada economía,PENDIENTE,2026-08-14,2026-08-27,Actualizó datos personales
2,30769,GIRALDO TIGUA CRISTHIAN ALEXANDER,Limitada economía,VALIDADO,2026-08-14,2026-10-01,
2,28904,GODOY GRACIA ANGELICA GABRIELA,Limitada economía,PENDIENTE,2026-08-04,2026-09-03,Actualizó datos personales
1,28904,GODOY GRACIA ANGELICA GABRIELA,Limitada economía,PENDIENTE,2026-08-04,2026-09-03,Actualizó datos personales
1,29353,GOMEZ BARRIONUEVO HERNAN DARIO,Limitada economía,PENDIENTE,2026-08-07,2026-09-11,Actualizó datos personales
2,29353,GOMEZ BARRIONUEVO HERNAN DARIO,Limitada economía,PENDIENTE,2026-08-07,2026-09-11,Actualizó datos personales
3,29353,GOMEZ BARRIONUEVO HERNAN DARIO,Limitada economía,VALIDADO,2026-08-07,2026-10-01,
1,29436,GOMEZ BARRIONUEVO JANETH MARCELA,Limitada economía,PENDIENTE,2026-08-07,2026-09-16,Actualizó datos personales
1,29092,GOMEZ CERVANTES IVAN DAVID,Limitada economía,PENDIENTE,2026-08-05,2026-09-11,Actualizó datos personales
2,29092,GOMEZ CERVANTES IVAN DAVID,Limitada economía,PENDIENTE,2026-08-05,2026-09-11,Actualizó datos personales
1,30243,GOMEZ ZAMBRANO JAMILTON LEONARDO,Limitada economía,PENDIENTE,2026-08-13,2026-09-16,Actualizó datos personales
1,28353,GONZALES ACOSTA MAYKE JAHIR,Limitada economía,PENDIENTE,2026-08-02,2026-09-21,Actualizó datos personales
2,28353,GONZALES ACOSTA MAYKE JAHIR,Limitada economía,VALIDADO,2026-08-02,2026-10-01,
1,29311,GONZALEZ BENAVIDES DANNY ARIEL,Limitada economía,PENDIENTE,2026-08-06,2026-09-22,Actualizó datos personales
1,28721,GONZALEZ CERVANTES JULY ANGELINA,Limitada economía,PENDIENTE,2026-08-04,2026-09-18,Actualizó datos personales
1,30794,GONZALEZ DUARTE ODALIS KASSANDRA,Limitada economía,PENDIENTE,2026-08-14,2026-09-24,Actualizó datos personales
2,30794,GONZALEZ DUARTE ODALIS KASSANDRA,Limitada economía,VALIDADO,2026-08-14,2026-10-01,
2,29101,GONZALEZ ESPINOZA VICTOR GAMALIEL,Limitada economía,PENDIENTE,2026-08-05,2026-09-09,Actualizó datos personales
1,29101,GONZALEZ ESPINOZA VICTOR GAMALIEL,Limitada economía,PENDIENTE,2026-08-05,2026-09-09,Actualizó datos personales
1,28133,GONZALEZ LOJANO SAMANTHA VALENTINA,Limitada economía,PENDIENTE,2026-07-31,2026-09-03,Actualizó datos personales
2,28133,GONZALEZ LOJANO SAMANTHA VALENTINA,Limitada economía,PENDIENTE,2026-07-31,2026-09-03,Actualizó datos personales
1,30409,GONZALEZ RUEDA CHRISTEL ARIANA,Limitada economía,PENDIENTE,2026-08-13,2026-09-11,Actualizó datos personales
2,30409,GONZALEZ RUEDA CHRISTEL ARIANA,Limitada economía,PENDIENTE,2026-08-13,2026-09-11,Actualizó datos personales
1,28879,GONZALEZ TORRES ANGIE VIVIANA,Limitada economía,PENDIENTE,2026-08-04,2026-09-21,Actualizó datos personales
1,28847,GONZALEZ VARGAS ALLISON GABRIELA,Limitada economía,PENDIENTE,2026-08-04,2026-09-15,Actualizó datos personales
1,28498,GONZALEZ ZAMBRANO DIEGO RODOLFO,Limitada economía,PENDIENTE,2026-08-03,2026-09-23,Actualizó datos personales
1,29862,GORDILLO HIDALGO JORGE ALFONSO,Limitada economía,PENDIENTE,2026-08-11,2026-09-14,Actualizó datos personales
1,29931,GOROZABEL MUÑOZ ANDY ARMANDO,Limitada economía,PENDIENTE,2026-08-11,2026-09-10,Actualizó datos personales
2,29931,GOROZABEL MUÑOZ ANDY ARMANDO,Limitada economía,PENDIENTE,2026-08-11,2026-09-10,Actualizó datos personales
1,28694,GRACIA GUATO HENRY ALEJANDRO,Limitada economía,PENDIENTE,2026-08-04,2026-09-23,Actualizó datos personales
2,28694,GRACIA GUATO HENRY ALEJANDRO,Limitada economía,VALIDADO,2026-08-04,2026-10-01,
1,30078,GRANDA CHANG NATHALY TATIANA,Limitada economía,PENDIENTE,2026-08-12,2026-09-18,Actualizó datos personales
1,29666,GUABIL SABANDO DEVY GILMAR,Limitada economía,PENDIENTE,2026-08-10,2026-09-18,Actualizó datos personales
1,28550,GUADAMUD VERGARA JULEXY MARISOL,Limitada economía,PENDIENTE,2026-08-03,2026-09-23,Actualizó datos personales
1,29395,GUALE ESTRADA WENDY TATIANA,Limitada economía,PENDIENTE,2026-08-07,2026-09-16,Actualizó datos personales
1,29548,GUALE MURILLO DAYANA LISBETH,Limitada economía,PENDIENTE,2026-08-08,2026-09-15,Actualizó datos personales
1,28369,GUAMANGATE AYALA LIZBETH ESTEFANIA,Limitada economía,PENDIENTE,2026-08-02,2026-09-23,Actualizó datos personales
1,30105,GUAMANI DIAZ JOFFRE MAURICIO,Limitada economía,PENDIENTE,2026-08-12,2026-09-18,Actualizó datos personales
1,28450,GUANO BERMELLO JENIFFER CRISTINA,Limitada economía,PENDIENTE,2026-08-03,2026-09-15,Actualizó datos personales
1,30021,GUANOLUISA FRANCO SURI ISABELA,Limitada economía,PENDIENTE,2026-08-12,2026-09-14,Actualizó datos personales
1,29637,GUANOLUISA PONCE CESAR JOAN,Limitada economía,PENDIENTE,2026-08-09,2026-09-15,Actualizó datos personales
1,28965,GUANOTUÑA HERRERA JESSICA ALEXANDRA,Limitada economía,PENDIENTE,2026-08-05,2026-09-17,Actualizó datos personales
1,28851,GUAPI GARCIA BELINDA LISBETH,Limitada economía,PENDIENTE,2026-08-04,2026-09-19,Actualizó datos personales
1,28528,GUARANGO AVILES YANDRI SNAYDER,Limitada economía,PENDIENTE,2026-08-03,2026-09-14,Actualizó datos personales
1,27839,GUERRA MACIAS MARILYN JULIETH,Limitada economía,PENDIENTE,2026-07-30,2026-09-15,Actualizó datos personales
1,29749,GUERRERO FARIÑO ANA GABRIELA,Limitada economía,PENDIENTE,2026-08-10,2026-09-23,Actualizó datos personales
1,29133,GUERRERO SILVA GREYSI NALLELY,Limitada economía,PENDIENTE,2026-08-06,2026-09-14,Actualizó datos personales
1,30324,GUEVARA NAVAS ERICK BOLIVAR,Limitada economía,PENDIENTE,2026-08-13,2026-08-27,Actualizó datos personales
2,30324,GUEVARA NAVAS ERICK BOLIVAR,Limitada economía,OBSERVADO,2026-08-13,2026-10-01,"SALUDOS SR. GUEVARA, POR FAVOR FIRMAR EL ACTA IGUAL A SU CEDULA Y VOLVER A SUBIRLA EN EL MODULO AYUDAS ECONOMICAS DEL SGA.Nota: Subir nuevamente Acta de Compromiso firmada"
3,30324,GUEVARA NAVAS ERICK BOLIVAR,Limitada economía,PENDIENTE,2026-08-13,2026-10-01,Actualizó datos personales
4,30324,GUEVARA NAVAS ERICK BOLIVAR,Limitada economía,VALIDADO,2026-08-13,2026-10-02,
1,30255,GUEVARA TOBAR MARTHA CECILIA,Limitada economía,PENDIENTE,2026-08-13,2026-09-15,Actualizó datos personales
1,28206,GUILLEN CHEVEZ HUGO ISAAC,Limitada economía,PENDIENTE,2026-08-01,2026-09-21,Actualizó datos personales
2,28578,GUILLEN SANCHEZ ADRIANA GUADALUPE,Limitada economía,PENDIENTE,2026-08-03,2026-09-12,Actualizó datos personales
1,28578,GUILLEN SANCHEZ ADRIANA GUADALUPE,Limitada economía,PENDIENTE,2026-08-03,2026-09-12,Actualizó datos personales
1,29722,GUILLEN TACURI ADONIS ALEXANDER,Limitada economía,PENDIENTE,2026-08-10,2026-09-17,Actualizó datos personales
1,30065,GUILLEN URETA LILIANA LISBETH,Limitada economía,PENDIENTE,2026-08-12,2026-09-15,Actualizó datos personales
2,28771,GUILLIN VERA YULEIDI LILIBETH,Limitada economía,PENDIENTE,2026-08-04,2026-09-01,Actualizó datos personales
1,28771,GUILLIN VERA YULEIDI LILIBETH,Limitada economía,PENDIENTE,2026-08-04,2026-09-01,Actualizó datos personales
1,30123,GUIME MURILLO CARLOS ALBERTO,Limitada economía,PENDIENTE,2026-08-12,2026-09-23,Actualizó datos personales
1,28452,GUINGLA NUÑEZ NAYROVI MISHEL,Limitada economía,PENDIENTE,2026-08-03,2026-09-16,Actualizó datos personales
1,28144,GURUMENDI LUNA YARITZA ANYELINE,Limitada economía,PENDIENTE,2026-07-31,2026-09-17,Actualizó datos personales
2,28144,GURUMENDI LUNA YARITZA ANYELINE,Limitada economía,VALIDADO,2026-07-31,2026-10-01,
1,28062,GUTIERREZ DAMACELA CARLOS ROSENDO,Limitada economía,PENDIENTE,2026-07-31,2026-09-19,Actualizó datos personales
2,28062,GUTIERREZ DAMACELA CARLOS ROSENDO,Limitada economía,VALIDADO,2026-07-31,2026-10-01,
1,29075,GUTIERREZ FLORES DORIS DANIELA,Limitada economía,PENDIENTE,2026-08-05,2026-09-24,Actualizó datos personales
1,29074,GUTIERREZ FLORES LEONELA MARIETA,Limitada economía,PENDIENTE,2026-08-05,2026-09-23,Actualizó datos personales
1,30300,GUTIERREZ LUNA EMELY ROSARIO,Limitada economía,PENDIENTE,2026-08-13,2026-09-15,Actualizó datos personales
1,30504,GUTIERREZ MESA JENNYFER ANDREA,Limitada economía,PENDIENTE,2026-08-13,2026-09-15,Actualizó datos personales
1,30594,GUTIERREZ ORTEGA GENESIS ADRIANA,Limitada economía,PENDIENTE,2026-08-14,2026-09-21,Actualizó datos personales
1,29509,GUZMAN ARCE PERLA TANEISHA,Limitada economía,PENDIENTE,2026-08-08,2026-09-08,Actualizó datos personales
2,29509,GUZMAN ARCE PERLA TANEISHA,Limitada economía,PENDIENTE,2026-08-08,2026-09-08,Actualizó datos personales
1,30072,GUZMAN CAMPOS JONATHAN KEVIN,Limitada economía,PENDIENTE,2026-08-12,2026-09-16,Actualizó datos personales
2,30072,GUZMAN CAMPOS JONATHAN KEVIN,Limitada economía,VALIDADO,2026-08-12,2026-10-01,
1,28838,GUZMAN CORTEZ IVAN ANDRES,Limitada economía,PENDIENTE,2026-08-04,2026-09-17,Actualizó datos personales
1,28979,GUZMAN TIPANLUISA KEVIN IVAN,Limitada economía,PENDIENTE,2026-08-05,2026-09-17,Actualizó datos personales
2,28979,GUZMAN TIPANLUISA KEVIN IVAN,Limitada economía,OBSERVADO,2026-08-05,2026-10-01,BUEN DIA ESTIMADO ESTUDIANTE POR FAVOR SUBIR ACTA DE COMPROMISO ESCANEADA EN FORMATO PDF LEGIBLE (NO FOTO) GRACIAS.Nota: Subir nuevamente Acta de Compromiso firmada
1,29315,HERNANDEZ CALERO MARIA BELEN,Limitada economía,PENDIENTE,2026-08-06,2026-09-10,Actualizó datos personales
2,29315,HERNANDEZ CALERO MARIA BELEN,Limitada economía,PENDIENTE,2026-08-06,2026-09-10,Actualizó datos personales
3,29315,HERNANDEZ CALERO MARIA BELEN,Limitada economía,VALIDADO,2026-08-06,2026-10-01,
1,30389,HERNANDEZ CHAPA STEFANY ITAMAR,Limitada economía,PENDIENTE,2026-08-13,2026-09-14,Actualizó datos personales
1,29584,HERNANDEZ LOOR JONATHAN SAMUEL,Limitada economía,PENDIENTE,2026-08-08,2026-09-18,Actualizó datos personales
1,29725,HERNANDEZ LOOR MARIA JENELYT,Limitada economía,PENDIENTE,2026-08-10,2026-09-16,Actualizó datos personales
1,29781,HERNANDEZ MONTOYA DAYANARA MELISSA,Limitada economía,PENDIENTE,2026-08-11,2026-09-13,Actualizó datos personales
1,30012,HERNANDEZ PAZ LIZMAR SHARIK,Limitada economía,PENDIENTE,2026-08-12,2026-09-21,Actualizó datos personales
1,29866,HERRERA CAMACHO JESSICA ANABELA,Limitada economía,PENDIENTE,2026-08-11,2026-09-24,Actualizó datos personales
1,29368,HERRERA CEVALLOS JORGEN ANDRES,Limitada economía,PENDIENTE,2026-08-07,2026-09-13,Actualizó datos personales
1,29047,HERRERA CEVALLOS MARCOS DAMIAN,Limitada economía,PENDIENTE,2026-08-05,2026-09-17,Actualizó datos personales
1,27667,HERRERA GARZON SERVIO GONZALO,Limitada economía,PENDIENTE,2026-07-30,2026-09-18,Actualizó datos personales
2,27667,HERRERA GARZON SERVIO GONZALO,Limitada economía,VALIDADO,2026-07-30,2026-10-01,
1,29100,HERRERA HERRERA LADY JELITZA,Limitada economía,PENDIENTE,2026-08-05,2026-09-18,Actualizó datos personales
1,29606,HERRERA HERRERA NICOLE DAYANA,Limitada economía,PENDIENTE,2026-08-09,2026-09-22,Actualizó datos personales
3,29606,HERRERA HERRERA NICOLE DAYANA,Limitada economía,OBSERVADO,2026-08-09,2026-10-01,"SALUDOS SRTA. HERRERA, POR FAVOR ACTUALIZAR CERTIFICADO BANCARIO DEL AÑO 2026 EN EL MODULO HOJA DE VIDA DEL SGA.Nota: Subir nuevamente Acta de Compromiso firmada"
2,29606,HERRERA HERRERA NICOLE DAYANA,Limitada economía,PENDIENTE,2026-08-09,2026-10-01,El estudiante actualizó el acta de compromiso y reenvió la solicitud a revisión financiera.
4,29606,HERRERA HERRERA NICOLE DAYANA,Limitada economía,VALIDADO,2026-08-09,2026-10-02,
1,29300,HERRERA PARRAGA JOSSELIN JAKCELY,Limitada economía,PENDIENTE,2026-08-06,2026-09-22,Actualizó datos personales
2,29300,HERRERA PARRAGA JOSSELIN JAKCELY,Limitada economía,OBSERVADO,2026-08-06,2026-10-01,"SALUDOS SRTA. HERRREA, POR FAVOR FIRMAR EL ACTA IGUAL A LA DE SU CEDULA Y VOLVER A SIBIRLA EN EL MODULO DE AYUDAS ECONOMICAS DEL SGA.Nota: Subir nuevamente Acta de Compromiso firmada"
4,29300,HERRERA PARRAGA JOSSELIN JAKCELY,Limitada economía,VALIDADO,2026-08-06,2026-10-02,
3,29300,HERRERA PARRAGA JOSSELIN JAKCELY,Limitada economía,PENDIENTE,2026-08-06,2026-10-02,El estudiante actualizó el acta de compromiso y reenvió la solicitud a revisión financiera.
1,30698,HERRERA RAMIREZ ARIEL DAVID,Limitada economía,PENDIENTE,2026-08-14,2026-09-09,Actualizó datos personales
2,30698,HERRERA RAMIREZ ARIEL DAVID,Limitada economía,PENDIENTE,2026-08-14,2026-09-09,Actualizó datos personales
1,28891,HERRERA RAMOS THAIS MELANIE,Limitada economía,PENDIENTE,2026-08-04,2026-09-21,Actualizó datos personales
1,30713,HERRERA RODRIGUEZ NATHALIA JANETH,Limitada economía,PENDIENTE,2026-08-14,2026-09-18,Actualizó datos personales
2,30713,HERRERA RODRIGUEZ NATHALIA JANETH,Limitada economía,VALIDADO,2026-08-14,2026-10-01,
1,28596,HERRERA TAPIA JOSELYN ARIANNA,Limitada economía,PENDIENTE,2026-08-03,2026-09-22,Actualizó datos personales
1,28088,HIDALGO BAJAÑA GEOMAR STEFANIA,Limitada economía,PENDIENTE,2026-07-31,2026-09-20,Actualizó datos personales
2,30403,HIDALGO RODRIGUEZ DAVID FRANCISCO,Limitada economía,PENDIENTE,2026-08-13,2026-09-09,Actualizó datos personales
1,30403,HIDALGO RODRIGUEZ DAVID FRANCISCO,Limitada economía,PENDIENTE,2026-08-13,2026-09-09,Actualizó datos personales
1,30652,HIDALGO ROMERO KAREN STEFANY,Limitada economía,PENDIENTE,2026-08-14,2026-09-17,Actualizó datos personales
1,29464,HIDALGO ROSADO LEONARDO MICHAEL,Limitada economía,PENDIENTE,2026-08-07,2026-09-17,Actualizó datos personales
2,29464,HIDALGO ROSADO LEONARDO MICHAEL,Limitada economía,VALIDADO,2026-08-07,2026-10-01,
2,28567,HIDALGO TANGUILA GENESIS VERONICA,Limitada economía,PENDIENTE,2026-08-03,2026-09-11,Actualizó datos personales
1,28567,HIDALGO TANGUILA GENESIS VERONICA,Limitada economía,PENDIENTE,2026-08-03,2026-09-11,Actualizó datos personales
3,28567,HIDALGO TANGUILA GENESIS VERONICA,Limitada economía,VALIDADO,2026-08-03,2026-10-01,
1,28821,HOLGUIN TOBAR DIEGO LUIS,Limitada economía,PENDIENTE,2026-08-04,2026-09-19,Actualizó datos personales
2,28821,HOLGUIN TOBAR DIEGO LUIS,Limitada economía,VALIDADO,2026-08-04,2026-10-01,
1,28990,HOYOS SANCHEZ JAVIER ENRIQUE,Limitada economía,PENDIENTE,2026-08-05,2026-09-21,Actualizó datos personales
2,28990,HOYOS SANCHEZ JAVIER ENRIQUE,Limitada economía,VALIDADO,2026-08-05,2026-10-01,
1,30540,HUACON LOPEZ ARIELY BETZABETH,Limitada economía,PENDIENTE,2026-08-14,2026-09-02,Actualizó datos personales
2,30540,HUACON LOPEZ ARIELY BETZABETH,Limitada economía,PENDIENTE,2026-08-14,2026-09-02,Actualizó datos personales
1,28293,HUERTA ROSALES EMILY LIZETH,Limitada economía,PENDIENTE,2026-08-01,2026-09-20,Actualizó datos personales
1,30674,HURTADO BRAVO JOSE JAYRON,Limitada economía,PENDIENTE,2026-08-14,2026-09-24,Actualizó datos personales
2,30674,HURTADO BRAVO JOSE JAYRON,Limitada economía,VALIDADO,2026-08-14,2026-10-01,
1,27428,HURTADO GOROZABEL ARIEL MAURICIO,Limitada economía,PENDIENTE,2026-07-29,2026-09-21,Actualizó datos personales
2,27428,HURTADO GOROZABEL ARIEL MAURICIO,Limitada economía,VALIDADO,2026-07-29,2026-10-01,
1,27856,IBAÑEZ MURILLO KATIUSCA DEL PILAR,Limitada economía,PENDIENTE,2026-07-30,2026-09-13,Actualizó datos personales
1,30751,IBARRA LUNA ODALIS ISABEL,Limitada economía,PENDIENTE,2026-08-14,2026-09-21,Actualizó datos personales
1,30760,IBARRA LUNA YACSON GABRIEL,Limitada economía,PENDIENTE,2026-08-14,2026-09-21,Actualizó datos personales
1,30044,INDACOCHEA PACHECO ISAURA MARIANELA,Limitada economía,PENDIENTE,2026-08-12,2026-09-15,Actualizó datos personales
2,29338,INDIO TUBAY KARLA NAYELLY,Limitada economía,PENDIENTE,2026-08-07,2026-09-12,Actualizó datos personales
1,29338,INDIO TUBAY KARLA NAYELLY,Limitada economía,PENDIENTE,2026-08-07,2026-09-12,Actualizó datos personales
1,29026,INGA PEÑAFIEL NAOMI ARIANNA,Limitada economía,PENDIENTE,2026-08-05,2026-09-22,Actualizó datos personales
2,29026,INGA PEÑAFIEL NAOMI ARIANNA,Limitada economía,VALIDADO,2026-08-05,2026-10-01,
1,29032,INTRIAGO ANGULO CINDY GEANELLA,Limitada economía,PENDIENTE,2026-08-05,2026-09-21,Actualizó datos personales
2,28681,INTRIAGO BASURTO TAMMY NICOLE,Limitada economía,PENDIENTE,2026-08-04,2026-09-03,Actualizó datos personales
1,28681,INTRIAGO BASURTO TAMMY NICOLE,Limitada economía,PENDIENTE,2026-08-04,2026-09-03,Actualizó datos personales
1,29619,INTRIAGO CEDEÑO EIMY NOHELIA,Limitada economía,PENDIENTE,2026-08-09,2026-09-16,Actualizó datos personales
1,27551,INTRIAGO COQUE DIEGO ARMANDO,Limitada economía,PENDIENTE,2026-07-30,2026-09-21,Actualizó datos personales
1,27350,INTRIAGO INTRIAGO KATHIUSCA MISHELLE,Limitada economía,PENDIENTE,2026-07-29,2026-09-22,Actualizó datos personales
1,27277,INTRIAGO LARA MAYBELLINE RAQUEL,Limitada economía,PENDIENTE,2026-07-29,2026-09-17,Actualizó datos personales
2,27277,INTRIAGO LARA MAYBELLINE RAQUEL,Limitada economía,PENDIENTE,2026-07-29,2026-10-01,Actualizó datos personales
3,27277,INTRIAGO LARA MAYBELLINE RAQUEL,Limitada economía,OBSERVADO,2026-07-29,2026-10-01,"BUEN DIA ESTIMADA ESTUDIANTE POR FAVOR SUBIR CERTIFICADO BANCARIO ACTUALIZADO, GRACIASNota: Subir nuevamente Acta de Compromiso firmada"
1,30848,INTRIAGO LOOR BRAIAN MATEO,Limitada economía,PENDIENTE,2026-08-15,2026-09-15,Actualizó datos personales
1,28858,INTRIAGO LOOR EDUARDO MOISES,Limitada economía,PENDIENTE,2026-08-04,2026-08-25,Actualizó datos personales
1,28587,INTRIAGO LOOR NAYELHI NOEMI,Limitada economía,PENDIENTE,2026-08-03,2026-09-11,Actualizó datos personales
2,28587,INTRIAGO LOOR NAYELHI NOEMI,Limitada economía,PENDIENTE,2026-08-03,2026-09-11,Actualizó datos personales
1,29213,INTRIAGO MEZA ARIEL ANTONIO,Limitada economía,PENDIENTE,2026-08-06,2026-09-22,Actualizó datos personales
1,28600,INTRIAGO PACHECO JENNIFER FERNANDA,Limitada economía,PENDIENTE,2026-08-03,2026-09-02,Actualizó datos personales
2,28600,INTRIAGO PACHECO JENNIFER FERNANDA,Limitada economía,PENDIENTE,2026-08-03,2026-09-02,Actualizó datos personales
2,29508,INTRIAGO PEÑARRIETA CINTHYA ELIZABETH,Limitada economía,PENDIENTE,2026-08-08,2026-09-11,Actualizó datos personales
1,29508,INTRIAGO PEÑARRIETA CINTHYA ELIZABETH,Limitada economía,PENDIENTE,2026-08-08,2026-09-11,Actualizó datos personales
1,28156,INTRIAGO QUINTERO NATHALY MARILEIXY,Limitada economía,PENDIENTE,2026-07-31,2026-09-23,Actualizó datos personales
2,27415,INTRIAGO SALAVARRIA MELANIE BETZABETH,Limitada economía,PENDIENTE,2026-07-29,2026-09-12,Actualizó datos personales
1,27415,INTRIAGO SALAVARRIA MELANIE BETZABETH,Limitada economía,PENDIENTE,2026-07-29,2026-09-12,Actualizó datos personales
3,27415,INTRIAGO SALAVARRIA MELANIE BETZABETH,Limitada economía,VALIDADO,2026-07-29,2026-10-01,
1,30015,INTRIAGO VELEZ LEONARDO ALEXANDER,Limitada economía,PENDIENTE,2026-08-12,2026-09-15,Actualizó datos personales
1,28650,IZA CHUQUITARCO AYLING MABEL,Limitada economía,PENDIENTE,2026-08-03,2026-09-18,Actualizó datos personales
1,30901,IZQUIERDO CHEVEZ DARIO LUIS,Limitada economía,PENDIENTE,2026-08-20,2026-09-16,Actualizó datos personales
1,29851,JACOME CEVALLOS SULAY YARIBETH,Limitada economía,PENDIENTE,2026-08-11,2026-09-08,Actualizó datos personales
2,29851,JACOME CEVALLOS SULAY YARIBETH,Limitada economía,PENDIENTE,2026-08-11,2026-09-08,Actualizó datos personales
1,30194,JACOME RIQUERO ALEXANDER MATEO,Limitada economía,PENDIENTE,2026-08-13,2026-09-18,Actualizó datos personales
1,29495,JAMA CEDEÑO EVELIN DANIELA,Limitada economía,PENDIENTE,2026-08-08,2026-08-25,Actualizó datos personales
2,29495,JAMA CEDEÑO EVELIN DANIELA,Limitada economía,VALIDADO,2026-08-08,2026-10-01,
2,30273,JAMA CHAVEZ LORENA AUXILIADORA,Limitada economía,PENDIENTE,2026-08-13,2026-09-02,Actualizó datos personales
1,30273,JAMA CHAVEZ LORENA AUXILIADORA,Limitada economía,PENDIENTE,2026-08-13,2026-09-02,Actualizó datos personales
1,30637,JAMA OLVERA LUIS MARIO,Limitada economía,PENDIENTE,2026-08-14,2026-09-16,Actualizó datos personales
1,30612,JAME MONTESE RUTH ASHLYN,Limitada economía,PENDIENTE,2026-08-14,2026-09-04,Actualizó datos personales
2,30612,JAME MONTESE RUTH ASHLYN,Limitada economía,PENDIENTE,2026-08-14,2026-09-04,Actualizó datos personales
1,29216,JARA CABEZAS LADY DANIELA,Limitada economía,PENDIENTE,2026-08-06,2026-09-11,Actualizó datos personales
2,29216,JARA CABEZAS LADY DANIELA,Limitada economía,PENDIENTE,2026-08-06,2026-09-11,Actualizó datos personales
1,30463,JARAMILLO ACOSTA LUIS JEREMY,Limitada economía,PENDIENTE,2026-08-13,2026-09-21,Actualizó datos personales
2,29997,JARAMILLO MUÑOZ GENESIS MISHELL,Limitada economía,PENDIENTE,2026-08-12,2026-09-07,Actualizó datos personales
1,29997,JARAMILLO MUÑOZ GENESIS MISHELL,Limitada economía,PENDIENTE,2026-08-12,2026-09-07,Actualizó datos personales
1,30561,JIJON CEDEÑO BORYS TAHIR,Limitada economía,PENDIENTE,2026-08-14,2026-09-22,Actualizó datos personales
1,28655,JIMENEZ AREQUIPA ISABEL ALEXANDRA,Limitada economía,PENDIENTE,2026-08-04,2026-09-15,Actualizó datos personales
1,29433,JIMENEZ BRAVO GEOVANNA MARILYN,Limitada economía,PENDIENTE,2026-08-07,2026-09-14,Actualizó datos personales
2,29179,JIMENEZ CARCAMO GRESLY MARIA,Limitada economía,PENDIENTE,2026-08-06,2026-09-12,Actualizó datos personales
1,29179,JIMENEZ CARCAMO GRESLY MARIA,Limitada economía,PENDIENTE,2026-08-06,2026-09-12,Actualizó datos personales
1,27264,JIMENEZ CARRIEL MARIA JOSE,Limitada economía,PENDIENTE,2026-07-29,2026-09-15,Actualizó datos personales
1,27215,JIMENEZ CONTRERAS CAMILA XIMENA,Limitada economía,PENDIENTE,2026-07-29,2026-09-14,Actualizó datos personales
2,28706,JIMENEZ ERAZO MARIANGEL,Limitada economía,PENDIENTE,2026-08-04,2026-09-10,Actualizó datos personales
1,28706,JIMENEZ ERAZO MARIANGEL,Limitada economía,PENDIENTE,2026-08-04,2026-09-10,Actualizó datos personales
1,28671,JIMENEZ LLANOS THALIA MERCEDES,Limitada economía,PENDIENTE,2026-08-04,2026-09-24,Actualizó datos personales
1,29202,JIMENEZ TRIANA ARELY CAROLINA,Limitada economía,PENDIENTE,2026-08-06,2026-09-11,Actualizó datos personales
2,29202,JIMENEZ TRIANA ARELY CAROLINA,Limitada economía,PENDIENTE,2026-08-06,2026-09-11,Actualizó datos personales
3,29202,JIMENEZ TRIANA ARELY CAROLINA,Limitada economía,VALIDADO,2026-08-06,2026-10-01,
1,30488,JINES FERNANDEZ ABRAHAM SANTIAGO,Limitada economía,PENDIENTE,2026-08-13,2026-09-24,Actualizó datos personales
2,30488,JINES FERNANDEZ ABRAHAM SANTIAGO,Limitada economía,OBSERVADO,2026-08-13,2026-10-01,"SALUDOS SR. JINES, POR FAVOR ACTUALIZAR EL CERTIFICADO BANCARIO DEL AÑO 2026 EN EL MODULO HOJA DE VIDA DEL SGA.Nota: Subir nuevamente Acta de Compromiso firmada"
4,30488,JINES FERNANDEZ ABRAHAM SANTIAGO,Limitada economía,PENDIENTE,2026-08-13,2026-10-02,El estudiante actualizó el acta de compromiso y reenvió la solicitud a revisión financiera.
3,30488,JINES FERNANDEZ ABRAHAM SANTIAGO,Limitada economía,VALIDADO,2026-08-13,2026-10-02,
1,30859,LAAZ BERMELLO WIDINSON RUBEN,Limitada economía,PENDIENTE,2026-08-16,2026-09-08,Actualizó datos personales
2,30859,LAAZ BERMELLO WIDINSON RUBEN,Limitada economía,PENDIENTE,2026-08-16,2026-09-08,Actualizó datos personales
3,30859,LAAZ BERMELLO WIDINSON RUBEN,Limitada economía,OBSERVADO,2026-08-16,2026-10-01,BUEN DIA ESTIMADO ESTUDIANTE POR FAVOR SUBIR COPIA DE CEDULA Y ACTA DE COMPROMISO ESCANEADOS EN FORMATO PDF LEGIBLE (NO FOTO) DE PREFERENCIA SUBIR LA CEDULA DIGITAL DE LA APP GOB.ECNota: Subir nuevamente Acta de Compromiso firmada
1,27268,LAAZ ESPINOZA YUSTER MAURICIO,Limitada economía,PENDIENTE,2026-07-29,2026-09-18,Actualizó datos personales
1,30636,LAJE CARCAMO MICHELLE ESTEFANIA,Limitada economía,PENDIENTE,2026-08-14,2026-09-10,Actualizó datos personales
2,30636,LAJE CARCAMO MICHELLE ESTEFANIA,Limitada economía,PENDIENTE,2026-08-14,2026-09-10,Actualizó datos personales
2,30045,LAJE PERALTA KERLY CAROLINA,Limitada economía,PENDIENTE,2026-08-12,2026-09-11,Actualizó datos personales
1,30045,LAJE PERALTA KERLY CAROLINA,Limitada economía,PENDIENTE,2026-08-12,2026-09-11,Actualizó datos personales
3,30045,LAJE PERALTA KERLY CAROLINA,Limitada economía,OBSERVADO,2026-08-12,2026-10-01,BUEN DIA ESTIMADA ESTUDIANTE POR FAVOR SUBIR COPIA DE CEDULA Y ACTA DE COMPROMISO ESCANEADOS EN FORMATO PDF LEGIBLE (NO FOTO) DE PREFERENCIA SUBIR LA CEDULA DIGITAL DE LA APP GOB.EC Y CERTIFICADO BANCARIO ACTUALIZADONota: Subir nuevamente Acta de Compromiso firmada
4,30045,LAJE PERALTA KERLY CAROLINA,Limitada economía,PENDIENTE,2026-08-12,2026-10-03,El estudiante actualizó el acta de compromiso y reenvió la solicitud a revisión financiera.
1,30132,LAJE RODRIGUEZ MARCO ALOISI,Limitada economía,PENDIENTE,2026-08-12,2026-09-18,Actualizó datos personales
2,30132,LAJE RODRIGUEZ MARCO ALOISI,Limitada economía,VALIDADO,2026-08-12,2026-10-01,
2,28132,LAMILLA GARCIA ODALYS JAMILETH,Limitada economía,PENDIENTE,2026-07-31,2026-09-10,Actualizó datos personales
1,28132,LAMILLA GARCIA ODALYS JAMILETH,Limitada economía,PENDIENTE,2026-07-31,2026-09-10,Actualizó datos personales
1,29838,LAMILLA LOZANO ISAURA CAROLINA,Limitada economía,PENDIENTE,2026-08-11,2026-09-17,Actualizó datos personales
2,29838,LAMILLA LOZANO ISAURA CAROLINA,Limitada economía,PENDIENTE,2026-08-11,2026-10-01,El estudiante actualizó el acta de compromiso y reenvió la solicitud a revisión financiera.
3,29838,LAMILLA LOZANO ISAURA CAROLINA,Limitada economía,OBSERVADO,2026-08-11,2026-10-01,BUEN DIA ESTIMADA ESTUDIANTE POR FAVOR SUBIR COPIA DE CEDULA Y ACTA DE COMPROMISO ESCANEADOS EN FORMATO PDF LEGIBLE (NO FOTO) DE PREFERENCIA SUBIR LA CEDULA DIGITAL DE LA APP GOB.ECNota: Subir nuevamente Acta de Compromiso firmada
1,30447,LARA CHAVEZ GENESIS LILIBETH,Limitada economía,PENDIENTE,2026-08-13,2026-09-16,Actualizó datos personales
1,27388,LARA MURILLO HECTOR JOHN,Limitada economía,PENDIENTE,2026-07-29,2026-09-11,Actualizó datos personales
2,27388,LARA MURILLO HECTOR JOHN,Limitada economía,PENDIENTE,2026-07-29,2026-09-11,Actualizó datos personales
2,30579,LARA TARIRA JEYCOLL ANDRES,Limitada economía,PENDIENTE,2026-08-14,2026-09-11,Actualizó datos personales
1,30579,LARA TARIRA JEYCOLL ANDRES,Limitada economía,PENDIENTE,2026-08-14,2026-09-11,Actualizó datos personales
1,30586,LARREA LOZADA LUIGGI LIONEL,Limitada economía,PENDIENTE,2026-08-14,2026-09-16,Actualizó datos personales
1,28435,LAYANA MENDOZA KATHERINE JOSEFINA,Limitada economía,PENDIENTE,2026-08-03,2026-09-16,Actualizó datos personales
1,28505,LAZ TRIVIÑO JORGE LUIS,Limitada economía,PENDIENTE,2026-08-03,2026-09-22,Actualizó datos personales
2,28505,LAZ TRIVIÑO JORGE LUIS,Limitada economía,VALIDADO,2026-08-03,2026-10-01,TENER EN CUENTA QUE SU CEDULA EXPIRA EL PROXIMO AÑO PARA FUTUROS TRAMITES.
1,29305,LAZ ZAMBRANO MERLYN CRISTINA,Limitada economía,PENDIENTE,2026-08-06,2026-09-14,Actualizó datos personales
1,29782,LEDESMA ROCA MAITE JACQUELINE,Limitada economía,PENDIENTE,2026-08-11,2026-09-11,Actualizó datos personales
2,29782,LEDESMA ROCA MAITE JACQUELINE,Limitada economía,PENDIENTE,2026-08-11,2026-09-11,Actualizó datos personales
2,27742,LEITON GUANGA ANA JULIA,Limitada economía,PENDIENTE,2026-07-30,2026-09-09,Actualizó datos personales
1,27742,LEITON GUANGA ANA JULIA,Limitada economía,PENDIENTE,2026-07-30,2026-09-09,Actualizó datos personales
1,29174,LEMA PAGUAY ITALO ALEXANDER,Limitada economía,PENDIENTE,2026-08-06,2026-09-18,Actualizó datos personales
1,30149,LEON AJILA RONALDIÑO PAUL,Limitada economía,PENDIENTE,2026-08-12,2026-09-23,Actualizó datos personales
2,30149,LEON AJILA RONALDIÑO PAUL,Limitada economía,VALIDADO,2026-08-12,2026-10-01,
1,30263,LEON BERMELLO ALEXY DAVID,Limitada economía,PENDIENTE,2026-08-13,2026-09-10,Actualizó datos personales
2,30263,LEON BERMELLO ALEXY DAVID,Limitada economía,PENDIENTE,2026-08-13,2026-09-10,Actualizó datos personales
1,29696,LEON MURIEL DARLING LEONARDO,Limitada economía,PENDIENTE,2026-08-10,2026-09-18,Actualizó datos personales
2,29696,LEON MURIEL DARLING LEONARDO,Limitada economía,VALIDADO,2026-08-10,2026-10-01,
1,27253,LEON SOZA EVELYN TATIANA,Limitada economía,PENDIENTE,2026-07-29,2026-09-18,Actualizó datos personales
2,29052,LEON TRONCOZO ALIESKA ADAMARIS,Limitada economía,PENDIENTE,2026-08-05,2026-09-11,Actualizó datos personales
1,29052,LEON TRONCOZO ALIESKA ADAMARIS,Limitada economía,PENDIENTE,2026-08-05,2026-09-11,Actualizó datos personales
3,29052,LEON TRONCOZO ALIESKA ADAMARIS,Limitada economía,VALIDADO,2026-08-05,2026-10-01,
1,29989,LEON VEGA BRITANY CATERINE,Limitada economía,PENDIENTE,2026-08-12,2026-09-16,Actualizó datos personales
1,28237,LIMA LUCERO ANTHONY DAVID,Limitada economía,PENDIENTE,2026-08-01,2026-09-16,Actualizó datos personales
1,28602,LIMONES TORRES TANIA TATIANA,Limitada economía,PENDIENTE,2026-08-03,2026-09-17,Actualizó datos personales
1,29142,LING BUSTOS CARLOS SAMUEL,Limitada economía,PENDIENTE,2026-08-06,2026-09-20,Actualizó datos personales
1,29692,LITARDO CASTRO FRANCISCO EPIFANIO,Limitada economía,PENDIENTE,2026-08-10,2026-09-09,Actualizó datos personales
2,29692,LITARDO CASTRO FRANCISCO EPIFANIO,Limitada economía,PENDIENTE,2026-08-10,2026-09-09,Actualizó datos personales
1,29605,LITARDO CHACON ORLANDO MIGUEL,Limitada economía,PENDIENTE,2026-08-09,2026-09-11,Actualizó datos personales
2,29605,LITARDO CHACON ORLANDO MIGUEL,Limitada economía,PENDIENTE,2026-08-09,2026-09-11,Actualizó datos personales
3,29605,LITARDO CHACON ORLANDO MIGUEL,Limitada economía,VALIDADO,2026-08-09,2026-10-01,
1,28790,LITARDO VELEZ DAYLIN MARIA,Limitada economía,PENDIENTE,2026-08-04,2026-09-15,Actualizó datos personales
2,30308,LIZCANO LARA VIVIAN LUISANA,Limitada economía,PENDIENTE,2026-08-13,2026-09-08,Actualizó datos personales
1,30308,LIZCANO LARA VIVIAN LUISANA,Limitada economía,PENDIENTE,2026-08-13,2026-09-08,Actualizó datos personales
1,30182,LLAMUZCA RUIZ PEDRO JAHIR,Limitada economía,PENDIENTE,2026-08-13,2026-09-24,Actualizó datos personales
1,27847,LLANOS ESPIN MARLENE MARISELA,Limitada economía,PENDIENTE,2026-07-30,2026-09-22,Actualizó datos personales
1,27677,LLANOS ROMERO FRANKLIN EDUARDO,Limitada economía,PENDIENTE,2026-07-30,2026-09-18,Actualizó datos personales
2,27677,LLANOS ROMERO FRANKLIN EDUARDO,Limitada economía,VALIDADO,2026-07-30,2026-10-01,
1,27982,LLERENA CEDEÑO SHASKER JOSUE,Limitada economía,PENDIENTE,2026-07-31,2026-09-18,Actualizó datos personales
1,28712,LLORENTE MUÑOZ KARLA KATALINA,Limitada economía,PENDIENTE,2026-08-04,2026-09-22,Actualizó datos personales
1,29568,LLUMITAXI POMA HERNAN REMIGIO,Limitada economía,PENDIENTE,2026-08-08,2026-09-23,Actualizó datos personales
1,29351,LOAIZA ARIAS EMILYN NAYELI,Limitada economía,PENDIENTE,2026-08-07,2026-09-14,Actualizó datos personales
1,28582,LOGROÑO AVILA ANGEL JORGE,Limitada economía,PENDIENTE,2026-08-03,2026-09-19,Actualizó datos personales
1,30510,LOJA LLANTEN LISBETH JESSENIA,Limitada economía,PENDIENTE,2026-08-13,2026-09-22,Actualizó datos personales
1,30903,LOMBEIDA BAQUE JOHANNA ALEJANDRA,Limitada economía,PENDIENTE,2026-08-20,2026-09-24,Actualizó datos personales
1,28777,LOOR ARBOLEDA MAYLIN ESTEFANIA,Limitada economía,PENDIENTE,2026-08-04,2026-09-15,Actualizó datos personales
2,28777,LOOR ARBOLEDA MAYLIN ESTEFANIA,Limitada economía,VALIDADO,2026-08-04,2026-10-01,
1,29378,LOOR BAQUERIZO LUIS ADONYS,Limitada economía,PENDIENTE,2026-08-07,2026-09-18,Actualizó datos personales
2,29378,LOOR BAQUERIZO LUIS ADONYS,Limitada economía,OBSERVADO,2026-08-07,2026-10-01,BUEN DIA ESTIMADA ESTUDIANTE POR FAVOR SUBIR COPIA DE CEDULA Y ACTA DE COMPROMISO ESCANEADOS EN FORMATO PDF LEGIBLE (NO FOTO) DE PREFERENCIA SUBIR LA CEDULA DIGITAL DE LA APP GOB.ECNota: Subir nuevamente Acta de Compromiso firmada
1,28770,LOOR BARROS JACKSON JOEL,Limitada economía,PENDIENTE,2026-08-04,2026-09-23,Actualizó datos personales
1,28155,LOOR BASURTO JEAM PIERE,Limitada economía,PENDIENTE,2026-07-31,2026-09-21,Actualizó datos personales
1,29555,LOOR BRAVO JENIFFER ELIZABETH,Limitada economía,PENDIENTE,2026-08-08,2026-09-15,Actualizó datos personales
2,27962,LOOR CACAO MERLY ANAIS,Limitada economía,PENDIENTE,2026-07-31,2026-09-03,Actualizó datos personales
1,27962,LOOR CACAO MERLY ANAIS,Limitada economía,PENDIENTE,2026-07-31,2026-09-03,Actualizó datos personales
1,30378,LOOR DE LA CRUZ RICARDO SANTIAGO,Limitada economía,PENDIENTE,2026-08-13,2026-09-23,Actualizó datos personales
1,27572,LOOR INTRIAGO FATIMA NARCISA,Limitada economía,PENDIENTE,2026-07-30,2026-09-16,Actualizó datos personales
1,30766,LOOR LOOR MARIA MONSERRATE,Limitada economía,PENDIENTE,2026-08-14,2026-08-26,Actualizó datos personales
1,30379,LOOR LUCERO FERNANDO AUDYS,Limitada economía,PENDIENTE,2026-08-13,2026-09-17,Actualizó datos personales
2,30379,LOOR LUCERO FERNANDO AUDYS,Limitada economía,VALIDADO,2026-08-13,2026-10-01,
1,28794,LOOR MACIAS JANDRY ELIAN,Limitada economía,PENDIENTE,2026-08-04,2026-09-10,Actualizó datos personales
2,28794,LOOR MACIAS JANDRY ELIAN,Limitada economía,PENDIENTE,2026-08-04,2026-09-10,Actualizó datos personales
3,28794,LOOR MACIAS JANDRY ELIAN,Limitada economía,VALIDADO,2026-08-04,2026-10-01,
1,29727,LOOR MACIAS LUISA NALLELY,Limitada economía,PENDIENTE,2026-08-10,2026-09-15,Actualizó datos personales
1,29856,LOOR MALDONADO LUZ ALEXANDRA,Limitada economía,PENDIENTE,2026-08-11,2026-09-16,Actualizó datos personales
1,28593,LOOR MENDOZA BYRON DANIEL,Limitada economía,PENDIENTE,2026-08-03,2026-09-17,Actualizó datos personales
1,29571,LOOR MOLINA DAMARIS MARIA,Limitada economía,PENDIENTE,2026-08-08,2026-09-17,Actualizó datos personales
1,30881,LOOR MONTIEL SANDY NICOLLE,Limitada economía,PENDIENTE,2026-08-18,2026-09-22,Actualizó datos personales
1,27833,LOOR MORALES INES VIRGINIA,Limitada economía,PENDIENTE,2026-07-30,2026-09-17,Actualizó datos personales
2,27833,LOOR MORALES INES VIRGINIA,Limitada economía,VALIDADO,2026-07-30,2026-10-01,
1,30074,LOOR MOREIRA MERLY JALITZA,Limitada economía,PENDIENTE,2026-08-12,2026-09-24,Actualizó datos personales
1,29088,LOOR MURE NIXON GABRIEL,Limitada economía,PENDIENTE,2026-08-05,2026-09-16,Actualizó datos personales
1,30236,LOOR MURILLO KERLY ALEXANDRA,Limitada economía,PENDIENTE,2026-08-13,2026-09-18,Actualizó datos personales
1,29005,LOOR PERALTA BARBARA VIRGINIA,Limitada economía,PENDIENTE,2026-08-05,2026-09-14,Actualizó datos personales
1,28459,LOOR RIVAS CARLOS ALBERTO,Limitada economía,PENDIENTE,2026-08-03,2026-09-22,Actualizó datos personales
1,30261,LOOR ROLDAN MARIA JOSE,Limitada economía,PENDIENTE,2026-08-13,2026-09-16,Actualizó datos personales
1,29717,LOOR SANTANA JAMILETH ALEJANDRA,Limitada economía,PENDIENTE,2026-08-10,2026-09-15,Actualizó datos personales
1,30305,LOOR SANTILLAN ARTURO FROILAN,Limitada economía,PENDIENTE,2026-08-13,2026-09-22,Actualizó datos personales
1,30632,LOOR SUAREZ PIERINA DEYANEIRA,Limitada economía,PENDIENTE,2026-08-14,2026-09-25,Actualizó datos personales
1,30948,LOOR TORRES VANESSA YAMILETH,Limitada economía,PENDIENTE,2026-08-25,2026-09-14,Actualizó datos personales
1,30371,LOOR VELAÑA GABRIELA NICOLLE,Limitada economía,PENDIENTE,2026-08-13,2026-09-14,Actualizó datos personales
1,30484,LOOR ZAMBRANO MELISSA DANIELA,Limitada economía,PENDIENTE,2026-08-13,2026-09-23,Actualizó datos personales
1,27396,LOOR ZAMBRANO PEDRO LUIS,Limitada economía,PENDIENTE,2026-07-29,2026-09-02,Actualizó datos personales
2,27396,LOOR ZAMBRANO PEDRO LUIS,Limitada economía,PENDIENTE,2026-07-29,2026-09-02,Actualizó datos personales
1,27838,LOPEZ BURGOS KEVIN PATRICIO,Limitada economía,PENDIENTE,2026-07-30,2026-09-08,Actualizó datos personales
2,27838,LOPEZ BURGOS KEVIN PATRICIO,Limitada economía,PENDIENTE,2026-07-30,2026-09-08,Actualizó datos personales
1,29647,LOPEZ CEREZO EDITA JOHANNA,Limitada economía,PENDIENTE,2026-08-09,2026-09-22,Actualizó datos personales
1,28218,LOPEZ ENGRACIA HELEN NICOLE,Limitada economía,PENDIENTE,2026-08-01,2026-09-21,Actualizó datos personales
1,30423,LOPEZ GUAMAN LISBETH KATHERINE,Limitada economía,PENDIENTE,2026-08-13,2026-09-12,Actualizó datos personales
2,30423,LOPEZ GUAMAN LISBETH KATHERINE,Limitada economía,PENDIENTE,2026-08-13,2026-09-12,Actualizó datos personales
1,28143,LOPEZ MACIAS HABACUC ISAI,Limitada economía,PENDIENTE,2026-07-31,2026-09-18,Actualizó datos personales
1,29700,LOPEZ MACIAS ROSA PIEDAD,Limitada economía,PENDIENTE,2026-08-10,2026-09-14,Actualizó datos personales
1,27980,LOPEZ MEDRANDA BRITTANY MILENA,Limitada economía,PENDIENTE,2026-07-31,2026-09-22,Actualizó datos personales
1,28381,LOPEZ MEDRANDA WINSTON ALAN,Limitada economía,PENDIENTE,2026-08-02,2026-09-17,Actualizó datos personales
2,28381,LOPEZ MEDRANDA WINSTON ALAN,Limitada economía,VALIDADO,2026-08-02,2026-10-01,
1,30528,LOPEZ MENDOZA DAYANA MISHEL,Limitada economía,PENDIENTE,2026-08-13,2026-09-15,Actualizó datos personales
1,28396,LOPEZ MIRANDA ISAAC ANDRES,Limitada economía,PENDIENTE,2026-08-02,2026-09-18,Actualizó datos personales
2,28396,LOPEZ MIRANDA ISAAC ANDRES,Limitada economía,VALIDADO,2026-08-02,2026-10-01,
1,28514,LOPEZ REINOSO CHARLES ROY,Limitada economía,PENDIENTE,2026-08-03,2026-09-22,Actualizó datos personales
1,30192,LOPEZ VELEZ KEVIN SAMUEL,Limitada economía,PENDIENTE,2026-08-13,2026-09-18,Actualizó datos personales
2,30192,LOPEZ VELEZ KEVIN SAMUEL,Limitada economía,VALIDADO,2026-08-13,2026-10-01,
1,28153,LOPEZ VILLARRUEL LEONEL ORLANDO,Limitada economía,PENDIENTE,2026-07-31,2026-09-18,Actualizó datos personales
2,29597,LOPEZ ZAMBRANO WIDINSON FERNANDO,Limitada economía,PENDIENTE,2026-08-09,2026-09-12,Actualizó datos personales
1,29597,LOPEZ ZAMBRANO WIDINSON FERNANDO,Limitada economía,PENDIENTE,2026-08-09,2026-09-12,Actualizó datos personales
2,29267,LORENTI ZAMBRANO LIMBER LEONEL,Limitada economía,PENDIENTE,2026-08-06,2026-09-07,Actualizó datos personales
1,29267,LORENTI ZAMBRANO LIMBER LEONEL,Limitada economía,PENDIENTE,2026-08-06,2026-09-07,Actualizó datos personales
3,29267,LORENTI ZAMBRANO LIMBER LEONEL,Limitada economía,OBSERVADO,2026-08-06,2026-10-01,BUEN DIA ESTIMADO ESTUDIANTE POR FAVOR SUBIR COPIA DE CEDULA Y ACTA DE COMPROMISO ESCANEADOS EN FORMATO PDF LEGIBLE (NO FOTO) DE PREFERENCIA SUBIR LA CEDULA DIGITAL DE LA APP GOB.ECNota: Subir nuevamente Acta de Compromiso firmada
4,29267,LORENTI ZAMBRANO LIMBER LEONEL,Limitada economía,PENDIENTE,2026-08-06,2026-10-04,Actualizó datos personales
1,28696,LORENTY GOMEZ ANAHELA MERICE,Limitada economía,PENDIENTE,2026-08-04,2026-09-16,Actualizó datos personales
1,27654,LORENTY ZAMBRANO ARIANA ELIZABETH,Limitada economía,PENDIENTE,2026-07-30,2026-09-03,Actualizó datos personales
2,27654,LORENTY ZAMBRANO ARIANA ELIZABETH,Limitada economía,PENDIENTE,2026-07-30,2026-09-03,Actualizó datos personales
1,29357,LOVATO CAIZA MAYRA NALLELY,Limitada economía,PENDIENTE,2026-08-07,2026-09-16,Actualizó datos personales
1,27691,LUA DOMINGUEZ LUIS HUMBERTO,Limitada economía,PENDIENTE,2026-07-30,2026-09-17,Actualizó datos personales
3,27691,LUA DOMINGUEZ LUIS HUMBERTO,Limitada economía,OBSERVADO,2026-07-30,2026-10-01,"BUEN DIA ESTIMADO ESTUDIANTE POR FAVOR SUBIR CERTIFICADO BANCARIO ACTUALIZADO, GRACIASNota: Subir nuevamente Acta de Compromiso firmada"
2,27691,LUA DOMINGUEZ LUIS HUMBERTO,Limitada economía,PENDIENTE,2026-07-30,2026-10-01,El estudiante actualizó el acta de compromiso y reenvió la solicitud a revisión financiera.
1,29531,LUCAS SALVADOR MICHELLE ALEXANDRA,Limitada economía,PENDIENTE,2026-08-08,2026-08-31,Actualizó datos personales
2,29531,LUCAS SALVADOR MICHELLE ALEXANDRA,Limitada economía,VALIDADO,2026-08-08,2026-10-01,
1,29938,LUCERO TRUJILLO ADRIAN ALEJANDRO,Limitada economía,PENDIENTE,2026-08-11,2026-09-15,Actualizó datos personales
1,27670,LUGO BASURTO LISETH ANDREINA,Limitada economía,PENDIENTE,2026-07-30,2026-08-13,Adicionó nueva acta de compromiso
2,30714,LUNA NIVELA ADRIAN STEVEN,Limitada economía,PENDIENTE,2026-08-14,2026-09-11,Actualizó datos personales
1,30714,LUNA NIVELA ADRIAN STEVEN,Limitada economía,PENDIENTE,2026-08-14,2026-09-11,Actualizó datos personales
3,30714,LUNA NIVELA ADRIAN STEVEN,Limitada economía,OBSERVADO,2026-08-14,2026-10-01,BUEN DIA ESTIMADO ESTUDIANTE POR FAVOR SUBIR COPIA DE CEDULA Y ACTA DE COMPROMISO ESCANEADOS EN FORMATO PDF LEGIBLE (NO FOTO) DE PREFERENCIA SUBIR LA CEDULA DIGITAL DE LA APP GOB.EC Y CERTIFICADO BANCARIO ACTUALIZADONota: Subir nuevamente Acta de Compromiso firmada
4,30714,LUNA NIVELA ADRIAN STEVEN,Limitada economía,PENDIENTE,2026-08-14,2026-10-05,Actualizó datos personales
2,28087,LUNA ROSADO ANDREA VALENTINA,Limitada economía,PENDIENTE,2026-07-31,2026-09-11,Actualizó datos personales
1,28087,LUNA ROSADO ANDREA VALENTINA,Limitada economía,PENDIENTE,2026-07-31,2026-09-11,Actualizó datos personales
1,29834,LUSPA DAVILA MIRELY ANAHI,Limitada economía,PENDIENTE,2026-08-11,2026-09-11,Actualizó datos personales
2,29834,LUSPA DAVILA MIRELY ANAHI,Limitada economía,PENDIENTE,2026-08-11,2026-09-11,Actualizó datos personales
1,29255,MACAS ENRIQUEZ LISSETH CAROLINA,Limitada economía,PENDIENTE,2026-08-06,2026-09-16,Actualizó datos personales
1,29078,MACIAS AGUILERA MARIA CRISTINA,Limitada economía,PENDIENTE,2026-08-05,2026-09-13,Actualizó datos personales
1,29067,MACIAS AGUILERA MARIA ELISA,Limitada economía,PENDIENTE,2026-08-05,2026-09-23,Actualizó datos personales
1,30803,MACIAS ARELLANO YOMAYRA CARICIOLY,Limitada economía,PENDIENTE,2026-08-14,2026-09-17,Actualizó datos personales
1,28673,MACIAS BAQUERIZO NAHOMI DAYANARA,Limitada economía,PENDIENTE,2026-08-04,2026-09-15,Actualizó datos personales
2,29382,MACIAS BENAVIDES BRIANA KRISTHEL,Limitada economía,PENDIENTE,2026-08-07,2026-09-02,Actualizó datos personales
1,29382,MACIAS BENAVIDES BRIANA KRISTHEL,Limitada economía,PENDIENTE,2026-08-07,2026-09-02,Actualizó datos personales
1,30671,MACIAS BRIONES ARIANA CRISTINA,Limitada economía,PENDIENTE,2026-08-14,2026-09-11,Actualizó datos personales
2,30671,MACIAS BRIONES ARIANA CRISTINA,Limitada economía,PENDIENTE,2026-08-14,2026-09-11,Actualizó datos personales
1,28535,MACIAS CABEZAS MAYRA GUADALUPE,Limitada economía,PENDIENTE,2026-08-03,2026-09-22,Actualizó datos personales
1,29246,MACIAS CALDAS ANTHONY ALEXANDER,Limitada economía,PENDIENTE,2026-08-06,2026-09-17,Actualizó datos personales
1,29398,MACIAS CEVALLOS CINDY MIRELLA,Limitada economía,PENDIENTE,2026-08-07,2026-09-22,Actualizó datos personales
2,28604,MACIAS CRUZ ARLEY ANAHI,Limitada economía,PENDIENTE,2026-08-03,2026-09-11,Actualizó datos personales
1,28604,MACIAS CRUZ ARLEY ANAHI,Limitada economía,PENDIENTE,2026-08-03,2026-09-11,Actualizó datos personales
1,28580,MACIAS GALARZA GENESIS SUSELY,Limitada economía,PENDIENTE,2026-08-03,2026-08-25,Actualizó datos personales
3,28580,MACIAS GALARZA GENESIS SUSELY,Limitada economía,PENDIENTE,2026-08-03,2026-10-01,Actualizó datos personales
2,28580,MACIAS GALARZA GENESIS SUSELY,Limitada economía,OBSERVADO,2026-08-03,2026-10-01,BUEN DIA ESTIMADA ESTUDIANTE POR FAVOR SUBIR COPIA DE CEDULA Y ACTA DE COMPROMISO ESCANEADOS EN FORMATO PDF LEGIBLE (NO FOTO) DE PREFERENCIA SUBIR LA CEDULA DIGITAL DE LA APP GOB.ECNota: Subir nuevamente Acta de Compromiso firmada
1,30906,MACIAS GONZALES JENNIFFER JAMILETH,Limitada economía,PENDIENTE,2026-08-21,2026-09-21,Actualizó datos personales
2,27861,MACIAS HERRERA JOSUE DEYTON,Limitada economía,PENDIENTE,2026-07-30,2026-09-10,Actualizó datos personales
1,27861,MACIAS HERRERA JOSUE DEYTON,Limitada economía,PENDIENTE,2026-07-30,2026-09-10,Actualizó datos personales
1,29229,MACIAS HIDALGO LUIS ANGEL,Limitada economía,PENDIENTE,2026-08-06,2026-09-08,Actualizó datos personales
2,29229,MACIAS HIDALGO LUIS ANGEL,Limitada economía,PENDIENTE,2026-08-06,2026-09-08,Actualizó datos personales
1,30629,MACIAS JACOME GEILY VIVIANA,Limitada economía,PENDIENTE,2026-08-14,2026-09-19,Actualizó datos personales
1,28466,MACIAS JIMENEZ WILLIAM ALEXANDER,Limitada economía,PENDIENTE,2026-08-03,2026-09-22,Actualizó datos personales
1,30068,MACIAS LEON MARIA JOSE,Limitada economía,PENDIENTE,2026-08-12,2026-09-17,Actualizó datos personales
3,30068,MACIAS LEON MARIA JOSE,Limitada economía,OBSERVADO,2026-08-12,2026-10-01,BUEN DIA ESTIMADA ESTUDIANTE POR FAVOR SUBIR COPIA DE CEDULA Y ACTA DE COMPROMISO ESCANEADOS EN FORMATO PDF LEGIBLE (NO FOTO) DE PREFERENCIA SUBIR LA CEDULA DIGITAL DE LA APP GOB.ECNota: Subir nuevamente Acta de Compromiso firmada
2,30068,MACIAS LEON MARIA JOSE,Limitada economía,PENDIENTE,2026-08-12,2026-10-01,El estudiante actualizó el acta de compromiso y reenvió la solicitud a revisión financiera.
1,30024,MACIAS MORA DALLELY PRISCILA,Limitada economía,PENDIENTE,2026-08-12,2026-09-16,Actualizó datos personales
1,29271,MACIAS MORA ERIKA NOEMI,Limitada economía,PENDIENTE,2026-08-06,2026-09-14,Actualizó datos personales
1,30135,MACIAS MORAN NEXAR JOAN,Limitada economía,PENDIENTE,2026-08-12,2026-09-16,Actualizó datos personales
1,29318,MACIAS PILALOA ANDERSSON ARIEL,Limitada economía,PENDIENTE,2026-08-06,2026-09-17,Actualizó datos personales
2,29318,MACIAS PILALOA ANDERSSON ARIEL,Limitada economía,VALIDADO,2026-08-06,2026-10-01,
2,30412,MACIAS PINTO WALTER FERNANDO,Limitada economía,PENDIENTE,2026-08-13,2026-09-10,Actualizó datos personales
1,30412,MACIAS PINTO WALTER FERNANDO,Limitada economía,PENDIENTE,2026-08-13,2026-09-10,Actualizó datos personales
1,29660,MACIAS SELLAN MARIA CRISTINA,Limitada economía,PENDIENTE,2026-08-10,2026-09-21,Actualizó datos personales
1,27440,MACIAS SOLORZANO JERIKO ELENIN,Limitada economía,PENDIENTE,2026-07-29,2026-09-20,Actualizó datos personales
2,27926,MACIAS TOBAR ANICIA DARIELA,Limitada economía,PENDIENTE,2026-07-31,2026-09-10,Actualizó datos personales
1,27926,MACIAS TOBAR ANICIA DARIELA,Limitada economía,PENDIENTE,2026-07-31,2026-09-10,Actualizó datos personales
3,27926,MACIAS TOBAR ANICIA DARIELA,Limitada economía,VALIDADO,2026-07-31,2026-10-01,
1,30770,MACIAS VILLAMAR JHON FRANCISCO,Limitada economía,PENDIENTE,2026-08-14,2026-09-18,Actualizó datos personales
1,28666,MACIAS ZAMBRANO INES MARICELA,Limitada economía,PENDIENTE,2026-08-04,2026-09-23,Actualizó datos personales
1,29526,MACKENCIE PEREZ NOELIA MARIANA,Limitada economía,PENDIENTE,2026-08-08,2026-08-27,Actualizó datos personales
2,29526,MACKENCIE PEREZ NOELIA MARIANA,Limitada economía,VALIDADO,2026-08-08,2026-10-01,
1,27999,MACKENCIE RUIZ YIRIBETH ZHARICK,Limitada economía,PENDIENTE,2026-07-31,2026-09-15,Actualizó datos personales
1,28063,MACKENCIE SANCHEZ DAYANNA MISHELLE,Limitada economía,PENDIENTE,2026-07-31,2026-09-18,Actualizó datos personales
1,28492,MAIGUA CRIOLLO HELEN NOEMI,Limitada economía,PENDIENTE,2026-08-03,2026-09-18,Actualizó datos personales
2,28492,MAIGUA CRIOLLO HELEN NOEMI,Limitada economía,VALIDADO,2026-08-03,2026-10-01,
1,30849,MALA SUQUI EMILY MAILY,Limitada economía,PENDIENTE,2026-08-15,2026-09-15,Actualizó datos personales
1,28458,MALDONADO SALAZAR BRITHANY ELIZET,Limitada economía,PENDIENTE,2026-08-03,2026-09-21,Actualizó datos personales
1,29097,MALDONADO TOAPANTA JAER HENNRY,Limitada economía,PENDIENTE,2026-08-05,2026-09-23,Actualizó datos personales
1,29825,MALDONADO WONG NIDIA MAYERLI,Limitada economía,PENDIENTE,2026-08-11,2026-09-16,Actualizó datos personales
1,29711,MALLAGUARI ORELLANA VERONICA ELIZABETH,Limitada economía,PENDIENTE,2026-08-10,2026-09-15,Actualizó datos personales
2,30821,MALLIQUINGA LAAZ EMMY GISELL,Limitada economía,PENDIENTE,2026-08-14,2026-09-08,Actualizó datos personales
1,30821,MALLIQUINGA LAAZ EMMY GISELL,Limitada economía,PENDIENTE,2026-08-14,2026-09-08,Actualizó datos personales
1,28997,MANITIO REBOLLEDO NATALY SILVANA,Limitada economía,PENDIENTE,2026-08-05,2026-09-18,Actualizó datos personales
2,28997,MANITIO REBOLLEDO NATALY SILVANA,Limitada economía,VALIDADO,2026-08-05,2026-10-01,
1,28140,MANOBANDA PARIGUAMAN KATHERINE ESTHER,Limitada economía,PENDIENTE,2026-07-31,2026-09-23,Actualizó datos personales
2,27376,MANOBANDA QUINATOA MARIA CRISTINA,Limitada economía,PENDIENTE,2026-07-29,2026-09-03,Actualizó datos personales
1,27376,MANOBANDA QUINATOA MARIA CRISTINA,Limitada economía,PENDIENTE,2026-07-29,2026-09-03,Actualizó datos personales
1,29741,MANTILLA SANTOS KERLLY DAMARIS,Limitada economía,PENDIENTE,2026-08-10,2026-09-23,Actualizó datos personales
2,29846,MANTUANO FIGUEROA ANTHONY JOSELO,Limitada economía,PENDIENTE,2026-08-11,2026-09-11,Actualizó datos personales
1,29846,MANTUANO FIGUEROA ANTHONY JOSELO,Limitada economía,PENDIENTE,2026-08-11,2026-09-11,Actualizó datos personales
2,30328,MANZABA ORMAZA JOSE ANGEL,Limitada economía,PENDIENTE,2026-08-13,2026-09-11,Actualizó datos personales
1,30328,MANZABA ORMAZA JOSE ANGEL,Limitada economía,PENDIENTE,2026-08-13,2026-09-11,Actualizó datos personales
2,29217,MANZABA ROMERO KAROL MICHELLE,Limitada economía,PENDIENTE,2026-08-06,2026-09-04,Actualizó datos personales
1,29217,MANZABA ROMERO KAROL MICHELLE,Limitada economía,PENDIENTE,2026-08-06,2026-09-04,Actualizó datos personales
1,28273,MARCILLO BAQUE EWIN GREGORIO,Limitada economía,PENDIENTE,2026-08-01,2026-09-04,Actualizó datos personales
2,28273,MARCILLO BAQUE EWIN GREGORIO,Limitada economía,PENDIENTE,2026-08-01,2026-09-04,Actualizó datos personales
1,30826,MARCILLO INTRIAGO DOMENICA NALLELY,Limitada economía,PENDIENTE,2026-08-14,2026-09-18,Actualizó datos personales
1,29238,MARCILLO MARQUEZ DAYANNA CRISTEL,Limitada economía,PENDIENTE,2026-08-06,2026-09-14,Actualizó datos personales
1,29356,MARCILLO RAMIREZ NAYELI YAMILEX,Limitada economía,PENDIENTE,2026-08-07,2026-09-22,Actualizó datos personales
1,29506,MARCILLO SANCHEZ JOSELYN JAMILETH,Limitada economía,PENDIENTE,2026-08-08,2026-09-15,Actualizó datos personales
1,30462,MARQUEZ CORTEZ ROXANA ANAIS,Limitada economía,PENDIENTE,2026-08-13,2026-09-14,Actualizó datos personales
1,28995,MARQUEZ VERA JAYRO ANDRES,Limitada economía,PENDIENTE,2026-08-05,2026-09-14,Actualizó datos personales
1,30245,MARROQUIN LATACUMBA ANGELA KATHERYN,Limitada economía,PENDIENTE,2026-08-13,2026-09-14,Actualizó datos personales
1,30241,MARTILLO TUMBACO NOEMI JEMIMA,Limitada economía,PENDIENTE,2026-08-13,2026-09-18,Actualizó datos personales
1,29176,MARTINEZ CAJAS MEYVILI ZHARIX,Limitada economía,PENDIENTE,2026-08-06,2026-09-15,Actualizó datos personales
1,28316,MARTINEZ FRANCO DANIEL DAVID,Limitada economía,PENDIENTE,2026-08-02,2026-09-21,Actualizó datos personales
1,28575,MARTINEZ MONTESDEOCA VIRGILIO CLEMENTE,Limitada economía,PENDIENTE,2026-08-03,2026-09-11,Actualizó datos personales
2,28575,MARTINEZ MONTESDEOCA VIRGILIO CLEMENTE,Limitada economía,PENDIENTE,2026-08-03,2026-09-11,Actualizó datos personales
2,29889,MARTINEZ VELEZ DAYUMI NICOLE,Limitada economía,PENDIENTE,2026-08-11,2026-09-11,Actualizó datos personales
1,29889,MARTINEZ VELEZ DAYUMI NICOLE,Limitada economía,PENDIENTE,2026-08-11,2026-09-11,Actualizó datos personales
3,29889,MARTINEZ VELEZ DAYUMI NICOLE,Limitada economía,VALIDADO,2026-08-11,2026-10-01,
2,28510,MARURI BRAVO JONATHAN LENIN,Limitada economía,PENDIENTE,2026-08-03,2026-09-10,Actualizó datos personales
1,28510,MARURI BRAVO JONATHAN LENIN,Limitada economía,PENDIENTE,2026-08-03,2026-09-10,Actualizó datos personales
1,28247,MASAPANTA AVILA GABRIEL SANTIAGO,Limitada economía,PENDIENTE,2026-08-01,2026-09-22,Actualizó datos personales
1,29459,MASAPANTA COQUE KARELYS MAYTE,Limitada economía,PENDIENTE,2026-08-07,2026-09-22,Actualizó datos personales
1,30416,MASAPANTA LOZADA MADELEYNE DEYANEYRA,Limitada economía,PENDIENTE,2026-08-13,2026-09-14,Actualizó datos personales
2,29374,MATAMOROS HURTADO ELIAN LENIN,Limitada economía,PENDIENTE,2026-08-07,2026-09-09,Actualizó datos personales
1,29374,MATAMOROS HURTADO ELIAN LENIN,Limitada economía,PENDIENTE,2026-08-07,2026-09-09,Actualizó datos personales
1,30224,MAYEA GONZALEZ LESLY DALIBETH,Limitada economía,PENDIENTE,2026-08-13,2026-09-23,Actualizó datos personales
1,29037,MAYORGA RUIZ SHEYLA THAIS,Limitada economía,PENDIENTE,2026-08-05,2026-09-21,Actualizó datos personales
2,29037,MAYORGA RUIZ SHEYLA THAIS,Limitada economía,OBSERVADO,2026-08-05,2026-10-01,"SALUDOS SRTA. MAYORGA, POR FAVOR SUBIR CEDULA COMPLETA (AMBOS LADOS) Y FIRMAR EL ACTA IGUAL A LA CEDULA Y VOLVER A SUBIRLA.Nota: Subir nuevamente Acta de Compromiso firmada"
3,29037,MAYORGA RUIZ SHEYLA THAIS,Limitada economía,PENDIENTE,2026-08-05,2026-10-02,Actualizó datos personales
4,29037,MAYORGA RUIZ SHEYLA THAIS,Limitada economía,VALIDADO,2026-08-05,2026-10-02,
1,30084,MAZAMBA ROMERO GISSELLA LISETH,Limitada economía,PENDIENTE,2026-08-12,2026-09-14,Actualizó datos personales
2,28162,MEDINA PEÑA DANIEL ADRIAN,Limitada economía,PENDIENTE,2026-08-01,2026-09-11,Actualizó datos personales
1,28162,MEDINA PEÑA DANIEL ADRIAN,Limitada economía,PENDIENTE,2026-08-01,2026-09-11,Actualizó datos personales
1,30145,MEDRANDA ARANA STEVEN GEOVANNY,Limitada economía,PENDIENTE,2026-08-12,2026-09-16,Actualizó datos personales
1,27674,MEDRANDA BAILON GERMAN WLADIMIR,Limitada economía,PENDIENTE,2026-07-30,2026-09-22,Actualizó datos personales
2,27343,MEDRANDA BRIONES SANDY KATHERINE,Limitada economía,PENDIENTE,2026-07-29,2026-09-08,Actualizó datos personales
1,27343,MEDRANDA BRIONES SANDY KATHERINE,Limitada economía,PENDIENTE,2026-07-29,2026-09-08,Actualizó datos personales
2,28974,MEDRANDA JURADO CELESTE DOMENICA,Limitada economía,PENDIENTE,2026-08-05,2026-09-08,Actualizó datos personales
1,28974,MEDRANDA JURADO CELESTE DOMENICA,Limitada economía,PENDIENTE,2026-08-05,2026-09-08,Actualizó datos personales
1,30864,MEDRANDA VELIZ GEORGE STALIN,Limitada economía,PENDIENTE,2026-08-17,2026-09-14,Actualizó datos personales
1,28565,MEJIA ARBOLEDA LIMBER JOSEPH,Limitada economía,PENDIENTE,2026-08-03,2026-09-18,Actualizó datos personales
1,27455,MEJIA CHICHANDE LUIS MIGUEL,Limitada economía,PENDIENTE,2026-07-29,2026-09-15,Actualizó datos personales
1,29601,MEJIA MARCILLO KAREN MAYERLI,Limitada economía,PENDIENTE,2026-08-09,2026-09-10,Actualizó datos personales
2,29601,MEJIA MARCILLO KAREN MAYERLI,Limitada economía,PENDIENTE,2026-08-09,2026-09-10,Actualizó datos personales
1,27635,MENA LOOR KERLY SELENA,Limitada economía,PENDIENTE,2026-07-30,2026-09-17,Actualizó datos personales
1,27825,MENA LOOR OSMAR NAYIB,Limitada economía,PENDIENTE,2026-07-30,2026-09-13,Actualizó datos personales
1,29521,MENDEZ PEÑARRIETA ROSMERY CAROLINA,Limitada economía,PENDIENTE,2026-08-08,2026-09-19,Actualizó datos personales
1,28557,MENDIETA CAÑARTE LEONELA MADELEYN,Limitada economía,PENDIENTE,2026-08-03,2026-09-16,Actualizó datos personales
1,30677,MENDOZA ALAVA ALINA ANAHI,Limitada economía,PENDIENTE,2026-08-14,2026-09-15,Actualizó datos personales
1,29698,MENDOZA ALVAREZ JOHANNA ELIZABETH,Limitada economía,PENDIENTE,2026-08-10,2026-09-22,Actualizó datos personales
1,30695,MENDOZA ANDRADE DAMARYS SARAHI,Limitada economía,PENDIENTE,2026-08-14,2026-09-11,Actualizó datos personales
2,30695,MENDOZA ANDRADE DAMARYS SARAHI,Limitada economía,PENDIENTE,2026-08-14,2026-09-11,Actualizó datos personales
1,28484,MENDOZA BAZURTO GENESIS MABEL,Limitada economía,PENDIENTE,2026-08-03,2026-09-16,Actualizó datos personales
1,28045,MENDOZA BENAVIDES ALEXANDER JAIR,Limitada economía,PENDIENTE,2026-07-31,2026-09-10,Actualizó datos personales
2,28045,MENDOZA BENAVIDES ALEXANDER JAIR,Limitada economía,PENDIENTE,2026-07-31,2026-09-10,Actualizó datos personales
1,30576,MENDOZA CEDEÑO PIERINA ELIZABETH,Limitada economía,PENDIENTE,2026-08-14,2026-09-16,Actualizó datos personales
2,28356,MENDOZA CHICHANDA SORAIDA YOMAYRA,Limitada economía,PENDIENTE,2026-08-02,2026-09-05,Actualizó datos personales
1,28356,MENDOZA CHICHANDA SORAIDA YOMAYRA,Limitada economía,PENDIENTE,2026-08-02,2026-09-05,Actualizó datos personales
3,28356,MENDOZA CHICHANDA SORAIDA YOMAYRA,Limitada economía,PENDIENTE,2026-08-02,2026-10-01,El estudiante actualizó el acta de compromiso y reenvió la solicitud a revisión financiera.
4,28356,MENDOZA CHICHANDA SORAIDA YOMAYRA,Limitada economía,OBSERVADO,2026-08-02,2026-10-01,BUEN DIA ESTIMADA ESTUDIANTE DEBE FIRMAR EL ACTA COMO FIRMA EN SU CEDULA GRACIASNota: Subir nuevamente Acta de Compromiso firmada
2,30498,MENDOZA CORONEL ALLAN LUDOVICO,Limitada economía,PENDIENTE,2026-08-13,2026-09-04,Actualizó datos personales
1,30498,MENDOZA CORONEL ALLAN LUDOVICO,Limitada economía,PENDIENTE,2026-08-13,2026-09-04,Actualizó datos personales
3,30498,MENDOZA CORONEL ALLAN LUDOVICO,Limitada economía,VALIDADO,2026-08-13,2026-10-01,
2,30027,MENDOZA CORONEL MAYTE KARELYS,Limitada economía,PENDIENTE,2026-08-12,2026-09-07,Actualizó datos personales
1,30027,MENDOZA CORONEL MAYTE KARELYS,Limitada economía,PENDIENTE,2026-08-12,2026-09-07,Actualizó datos personales
3,30027,MENDOZA CORONEL MAYTE KARELYS,Limitada economía,VALIDADO,2026-08-12,2026-10-01,
1,30465,MENDOZA GANCHOZO LUISA FERNANDA,Limitada economía,PENDIENTE,2026-08-13,2026-09-10,Actualizó datos personales
2,30465,MENDOZA GANCHOZO LUISA FERNANDA,Limitada economía,PENDIENTE,2026-08-13,2026-09-10,Actualizó datos personales
4,30465,MENDOZA GANCHOZO LUISA FERNANDA,Limitada economía,OBSERVADO,2026-08-13,2026-10-01,"ESTIMADO SRTA. MENDOZA, POR FAVOR ACTUALIZAR CEDULA COMPLETA (AMBOS LADOS), SUBIR CERTIFICADO BANCARIO DEL AÑO 2026. ADEMAS LA FIRMA DEL ACTA ES DIFERENTE A LA DE SU CEDULA, FIRMAR IGUAL A SU CEDULA Y VOLVER A SUBIRLA EN EL MODULO AYUDAS ECONOMICAS.Nota: Subir nuevamente Acta de Compromiso firmada"
3,30465,MENDOZA GANCHOZO LUISA FERNANDA,Limitada economía,PENDIENTE,2026-08-13,2026-10-01,El estudiante actualizó el acta de compromiso y reenvió la solicitud a revisión financiera.
5,30465,MENDOZA GANCHOZO LUISA FERNANDA,Limitada economía,VALIDADO,2026-08-13,2026-10-02,
1,29165,MENDOZA GONZALEZ JENIFFER STEFANIA,Limitada economía,PENDIENTE,2026-08-06,2026-09-22,Actualizó datos personales
2,29165,MENDOZA GONZALEZ JENIFFER STEFANIA,Limitada economía,VALIDADO,2026-08-06,2026-10-01,
1,30703,MENDOZA GRANJA NAOMI PAULINA,Limitada economía,PENDIENTE,2026-08-14,2026-09-13,Actualizó datos personales
1,27920,MENDOZA GUERRA RONALD STEVEN,Limitada economía,PENDIENTE,2026-07-31,2026-08-28,Actualizó datos personales
1,29458,MENDOZA IBARRA ADRIANA VALENTINA,Limitada economía,PENDIENTE,2026-08-07,2026-09-22,Actualizó datos personales
2,27996,MENDOZA LOOR JANDRY GABRIEL,Limitada economía,PENDIENTE,2026-07-31,2026-09-08,Actualizó datos personales
1,27996,MENDOZA LOOR JANDRY GABRIEL,Limitada economía,PENDIENTE,2026-07-31,2026-09-08,Actualizó datos personales
1,28487,MENDOZA MENDOZA CAMILA SALOME,Limitada economía,PENDIENTE,2026-08-03,2026-09-23,Actualizó datos personales
1,29234,MENDOZA MILAN ZAIRA JESSENIA,Limitada economía,PENDIENTE,2026-08-06,2026-09-10,Actualizó datos personales
2,29234,MENDOZA MILAN ZAIRA JESSENIA,Limitada economía,PENDIENTE,2026-08-06,2026-09-10,Actualizó datos personales
1,28750,MENDOZA PINARGOTE BETANIA ANAHIS,Limitada economía,PENDIENTE,2026-08-04,2026-09-14,Actualizó datos personales
2,28354,MENDOZA PINCAY ADRIANA LEONELA,Limitada economía,PENDIENTE,2026-08-02,2026-09-11,Actualizó datos personales
1,28354,MENDOZA PINCAY ADRIANA LEONELA,Limitada economía,PENDIENTE,2026-08-02,2026-09-11,Actualizó datos personales
1,30362,MENDOZA PINCAY CARMEN ELIZABETH,Limitada economía,PENDIENTE,2026-08-13,2026-09-19,Actualizó datos personales
1,27212,MENDOZA ROCA JORGE ANDRES,Limitada economía,PENDIENTE,2026-07-29,2026-08-31,Actualizó datos personales
1,28886,MENDOZA SALTOS MARIA ANGELICA,Limitada economía,PENDIENTE,2026-08-04,2026-09-21,Actualizó datos personales
1,29840,MENDOZA SOLIS MALENA VALESKA,Limitada economía,PENDIENTE,2026-08-11,2026-09-09,Actualizó datos personales
2,29840,MENDOZA SOLIS MALENA VALESKA,Limitada economía,PENDIENTE,2026-08-11,2026-09-09,Actualizó datos personales
2,28229,MENDOZA VEGA XIMENA NICOLL,Limitada economía,PENDIENTE,2026-08-01,2026-09-08,Actualizó datos personales
1,28229,MENDOZA VEGA XIMENA NICOLL,Limitada economía,PENDIENTE,2026-08-01,2026-09-08,Actualizó datos personales
1,28846,MENDOZA VERA LUISA TAMARA,Limitada economía,PENDIENTE,2026-08-04,2026-09-18,Actualizó datos personales
1,28664,MENDOZA ZAMBRANO JUSTIN BRYAN,Limitada economía,PENDIENTE,2026-08-04,2026-09-21,Actualizó datos personales
2,29268,MENDOZA ZAMBRANO MARLY RUBY,Limitada economía,PENDIENTE,2026-08-06,2026-09-11,Actualizó datos personales
1,29268,MENDOZA ZAMBRANO MARLY RUBY,Limitada economía,PENDIENTE,2026-08-06,2026-09-11,Actualizó datos personales
1,30433,MENENDEZ MORALES MADELIN MAYLIN,Limitada economía,PENDIENTE,2026-08-13,2026-09-11,Actualizó datos personales
2,30433,MENENDEZ MORALES MADELIN MAYLIN,Limitada economía,PENDIENTE,2026-08-13,2026-09-11,Actualizó datos personales
1,29502,MENENDEZ MORENO ODALYS JARLETH,Limitada economía,PENDIENTE,2026-08-08,2026-09-14,Actualizó datos personales
1,30039,MENENDEZ VELEZ ROBINSON ISMAEL,Limitada economía,PENDIENTE,2026-08-12,2026-09-16,Actualizó datos personales
1,28630,MERA JUMBO ALLISON MICHELLE,Limitada economía,PENDIENTE,2026-08-03,2026-09-21,Actualizó datos personales
1,28919,MERA MENDOZA LUISA MARIA,Limitada economía,PENDIENTE,2026-08-05,2026-09-22,Actualizó datos personales
1,28488,MERA MORALES EVELYN ROXANA,Limitada economía,PENDIENTE,2026-08-03,2026-09-10,Actualizó datos personales
2,28488,MERA MORALES EVELYN ROXANA,Limitada economía,PENDIENTE,2026-08-03,2026-09-10,Actualizó datos personales
3,28488,MERA MORALES EVELYN ROXANA,Limitada economía,VALIDADO,2026-08-03,2026-10-01,
1,30158,MERA TORRES WENDY ELIZABETH,Limitada economía,PENDIENTE,2026-08-13,2026-09-16,Actualizó datos personales
1,29759,MERA VERA ROGER LEONARDO,Limitada economía,PENDIENTE,2026-08-11,2026-09-18,Actualizó datos personales
1,28605,MERA ZAMBRANO LUPE PAOLA,Limitada economía,PENDIENTE,2026-08-03,2026-08-31,Actualizó datos personales
1,29414,MERA ZAMBRANO MADELEINE MIRIAM,Limitada economía,PENDIENTE,2026-08-07,2026-09-11,Actualizó datos personales
2,29414,MERA ZAMBRANO MADELEINE MIRIAM,Limitada economía,PENDIENTE,2026-08-07,2026-09-11,Actualizó datos personales
3,29414,MERA ZAMBRANO MADELEINE MIRIAM,Limitada economía,VALIDADO,2026-08-07,2026-10-01,
1,28598,MERA ZAMBRANO PEDRO DANIEL,Limitada economía,PENDIENTE,2026-08-03,2026-09-16,Actualizó datos personales
1,29358,MERCHAN MACIAS ZHARICK ANTONELLA,Limitada economía,PENDIENTE,2026-08-07,2026-09-16,Actualizó datos personales
1,29330,MERELLO MORA EVELYN DAYANNA,Limitada economía,PENDIENTE,2026-08-06,2026-09-19,Actualizó datos personales
2,29021,MERELLO YANQUI MILENA FAIRUD,Limitada economía,PENDIENTE,2026-08-05,2026-09-12,Actualizó datos personales
1,29021,MERELLO YANQUI MILENA FAIRUD,Limitada economía,PENDIENTE,2026-08-05,2026-09-12,Actualizó datos personales
1,28939,MERELO DICAO GINGER ODALIS,Limitada economía,PENDIENTE,2026-08-05,2026-09-16,Actualizó datos personales
1,28084,MERELO GARCIA KERLY LILIBETH,Limitada economía,PENDIENTE,2026-07-31,2026-09-18,Actualizó datos personales
1,29036,MERELO GUERRON JOSEMI ALEXANDER,Limitada economía,PENDIENTE,2026-08-05,2026-09-22,Actualizó datos personales
2,29036,MERELO GUERRON JOSEMI ALEXANDER,Limitada economía,OBSERVADO,2026-08-05,2026-10-01,BUENAS TARDES ESTIMADO ESTUDIANTE POR FAVOR FIRMAR EL ACTA COMO FIRMA EN SU CEDULA GRACIASNota: Subir nuevamente Acta de Compromiso firmada
3,29036,MERELO GUERRON JOSEMI ALEXANDER,Limitada economía,PENDIENTE,2026-08-05,2026-10-02,Actualizó datos personales
2,29039,MERO ACOSTA ANDY JOSE,Limitada economía,PENDIENTE,2026-08-05,2026-09-10,Actualizó datos personales
1,29039,MERO ACOSTA ANDY JOSE,Limitada economía,PENDIENTE,2026-08-05,2026-09-10,Actualizó datos personales
3,29039,MERO ACOSTA ANDY JOSE,Limitada economía,VALIDADO,2026-08-05,2026-10-01,
1,28823,MERO ARRIAGA KAREN DANIELA,Limitada economía,PENDIENTE,2026-08-04,2026-09-17,Actualizó datos personales
2,28823,MERO ARRIAGA KAREN DANIELA,Limitada economía,VALIDADO,2026-08-04,2026-10-01,
2,27830,MERO CERCADO ANGELA ROCIO,Limitada economía,PENDIENTE,2026-07-30,2026-09-03,Actualizó datos personales
1,27830,MERO CERCADO ANGELA ROCIO,Limitada economía,PENDIENTE,2026-07-30,2026-09-03,Actualizó datos personales
1,29843,MERO CEVALLOS ERICK JOAN,Limitada economía,PENDIENTE,2026-08-11,2026-09-15,Actualizó datos personales
1,28969,MERO GONZALES RICARDO JAVIER,Limitada economía,PENDIENTE,2026-08-05,2026-08-31,Actualizó datos personales
1,29518,MERO MECIAS MARLON LENIN,Limitada economía,PENDIENTE,2026-08-08,2026-09-11,Actualizó datos personales
2,29518,MERO MECIAS MARLON LENIN,Limitada economía,PENDIENTE,2026-08-08,2026-09-11,Actualizó datos personales
3,29518,MERO MECIAS MARLON LENIN,Limitada economía,VALIDADO,2026-08-08,2026-10-01,
2,29887,MERO RODRIGUEZ ELENA MABEL,Limitada economía,PENDIENTE,2026-08-11,2026-09-11,Actualizó datos personales
1,29887,MERO RODRIGUEZ ELENA MABEL,Limitada economía,PENDIENTE,2026-08-11,2026-09-11,Actualizó datos personales
3,29887,MERO RODRIGUEZ ELENA MABEL,Limitada economía,VALIDADO,2026-08-11,2026-10-01,
1,28715,MERO RODRIGUEZ PRISCILA JAMILE,Limitada economía,PENDIENTE,2026-08-04,2026-09-16,Actualizó datos personales
1,29529,MERO SANCHEZ ARIANNA LILIBETH,Limitada economía,PENDIENTE,2026-08-08,2026-09-07,Actualizó datos personales
2,29529,MERO SANCHEZ ARIANNA LILIBETH,Limitada economía,PENDIENTE,2026-08-08,2026-09-07,Actualizó datos personales
1,29029,MERO SOLORZANO DAMARIS GUADALUPE,Limitada economía,PENDIENTE,2026-08-05,2026-09-22,Actualizó datos personales
1,28708,MERO ZAMORA YURIEKA DEL PILAR,Limitada economía,PENDIENTE,2026-08-04,2026-09-22,Actualizó datos personales
1,30642,MESIAS MORA MAYERLI MISHELL,Limitada economía,PENDIENTE,2026-08-14,2026-09-22,Actualizó datos personales
2,28591,MEZA ALCIVAR JAMILEXY KARINA,Limitada economía,PENDIENTE,2026-08-03,2026-09-08,Actualizó datos personales
1,28591,MEZA ALCIVAR JAMILEXY KARINA,Limitada economía,PENDIENTE,2026-08-03,2026-09-08,Actualizó datos personales
1,28860,MEZA GARCIA JANDRY SMITH,Limitada economía,PENDIENTE,2026-08-04,2026-09-09,Actualizó datos personales
2,28860,MEZA GARCIA JANDRY SMITH,Limitada economía,PENDIENTE,2026-08-04,2026-09-09,Actualizó datos personales
2,28563,MEZA MARTILLO ANGIE NATHALIS,Limitada economía,PENDIENTE,2026-08-03,2026-09-03,Actualizó datos personales
1,28563,MEZA MARTILLO ANGIE NATHALIS,Limitada economía,PENDIENTE,2026-08-03,2026-09-03,Actualizó datos personales
1,29902,MEZA PAUTA JACKSON ANDRES,Limitada economía,PENDIENTE,2026-08-11,2026-09-18,Actualizó datos personales
2,29902,MEZA PAUTA JACKSON ANDRES,Limitada economía,VALIDADO,2026-08-11,2026-10-02,
2,29785,MEZA ZAMORA CINDI SELENE,Limitada economía,PENDIENTE,2026-08-11,2026-09-12,Actualizó datos personales
1,29785,MEZA ZAMORA CINDI SELENE,Limitada economía,PENDIENTE,2026-08-11,2026-09-12,Actualizó datos personales
3,29785,MEZA ZAMORA CINDI SELENE,Limitada economía,VALIDADO,2026-08-11,2026-10-02,
1,28859,MILLINGALLI AYALA ERIKA LUCIA,Limitada economía,PENDIENTE,2026-08-04,2026-09-14,Actualizó datos personales
1,28096,MIÑO ALVARADO ARIANA SOLANGE,Limitada economía,PENDIENTE,2026-07-31,2026-09-18,Actualizó datos personales
2,28096,MIÑO ALVARADO ARIANA SOLANGE,Limitada economía,VALIDADO,2026-07-31,2026-10-02,
1,30066,MIÑO BURGOS MARIA ROSA,Limitada economía,PENDIENTE,2026-08-12,2026-09-15,Actualizó datos personales
1,29833,MIÑO CAGUA MIGUEL ANGEL,Limitada economía,PENDIENTE,2026-08-11,2026-09-10,Actualizó datos personales
2,29833,MIÑO CAGUA MIGUEL ANGEL,Limitada economía,PENDIENTE,2026-08-11,2026-09-10,Actualizó datos personales
3,29833,MIÑO CAGUA MIGUEL ANGEL,Limitada economía,VALIDADO,2026-08-11,2026-10-02,
5,29833,MIÑO CAGUA MIGUEL ANGEL,Limitada economía,PENDIENTE,2026-08-11,2026-10-02,Actualizó datos personales
4,29833,MIÑO CAGUA MIGUEL ANGEL,Limitada economía,OBSERVADO,2026-08-11,2026-10-02,"SALUDOS SR. MIÑO, POR FAVOR REEMPLAZAR EL CERTIFICADO BANCARIO ACTUALIZADO, EL QUE CONSTA EN EL SISTEMA PRESENTA INCONSISTENCIAS QUE PARECIERA HABER SIDO EDITADO, TENGA EN CUENTA QUE LA ADULTERACIÓN DE DOCUMENTO PUBLICO PUEDE ACARREAR TEMAS LEGALES. ADEMÁS, LA FIRMA DEL ACTA ES DIFERENTE A LA DE SU CÉDULA, VUELVA A FIRMAR EL ACTA Y SÚBALA AL SGA.Nota: Subir nuevamente Acta de Compromiso firmada"
1,30915,MIÑO PINTO CARLA NICOLE,Limitada economía,PENDIENTE,2026-08-22,2026-09-15,Actualizó datos personales
1,28856,MIRANDA GARCIA JACKSON HAROL,Limitada economía,PENDIENTE,2026-08-04,2026-09-10,Actualizó datos personales
2,28856,MIRANDA GARCIA JACKSON HAROL,Limitada economía,PENDIENTE,2026-08-04,2026-09-10,Actualizó datos personales
1,29183,MIRANDA GARCIA JOSHUA LISANDRO,Limitada economía,PENDIENTE,2026-08-06,2026-09-20,Actualizó datos personales
2,29183,MIRANDA GARCIA JOSHUA LISANDRO,Limitada economía,VALIDADO,2026-08-06,2026-10-02,"SE LE SUGIERE REEMPLAZAR EL ARCHIVO DE LA CEDULA POR UNO MAS CLARO, AL IMPRIMIR SE DIFICULTA LA LECTURA DE ALGUNOS DATO Y LA FIRMA. SALUDOS."
1,28560,MIRANDA GOROZABEL CLARA SKARLETH,Limitada economía,PENDIENTE,2026-08-03,2026-09-15,Actualizó datos personales
1,30566,MIRANDA GUERRERO MERCY ABIGAIL,Limitada economía,PENDIENTE,2026-08-14,2026-09-19,Actualizó datos personales
1,30292,MIRANDA HUAYAMABE YERLINTHON SHAIT,Limitada economía,PENDIENTE,2026-08-13,2026-09-13,Actualizó datos personales
2,30292,MIRANDA HUAYAMABE YERLINTHON SHAIT,Limitada economía,OBSERVADO,2026-08-13,2026-10-02,"SALUDOS SR. MIRANDA, POR FAVOR ACTUALIZAR EL CERTIFICADO BANCARIO DEL AÑO 2026 EN EL MODULO HOJA DE VIDA DEL SGA.Nota: Subir nuevamente Acta de Compromiso firmada"
3,30292,MIRANDA HUAYAMABE YERLINTHON SHAIT,Limitada economía,PENDIENTE,2026-08-13,2026-10-03,El estudiante actualizó el acta de compromiso y reenvió la solicitud a revisión financiera.
1,29726,MIRANDA LAJE MILKA MILENA,Limitada economía,PENDIENTE,2026-08-10,2026-09-16,Actualizó datos personales
2,29726,MIRANDA LAJE MILKA MILENA,Limitada economía,VALIDADO,2026-08-10,2026-10-01,
1,29730,MIRANDA LOOR ITER IVAN,Limitada economía,PENDIENTE,2026-08-10,2026-09-18,Actualizó datos personales
1,27381,MOCHA BUÑAY JENNIFFER MARISOL,Limitada economía,PENDIENTE,2026-07-29,2026-09-15,Actualizó datos personales
2,29968,MOHINA ALVARADO GENESIS MICHELL,Limitada economía,PENDIENTE,2026-08-12,2026-09-12,Actualizó datos personales
1,29968,MOHINA ALVARADO GENESIS MICHELL,Limitada economía,PENDIENTE,2026-08-12,2026-09-12,Actualizó datos personales
1,30282,MOLINA CISNEROS AXEL SANTIAGO,Limitada economía,PENDIENTE,2026-08-13,2026-09-22,Actualizó datos personales
2,30282,MOLINA CISNEROS AXEL SANTIAGO,Limitada economía,VALIDADO,2026-08-13,2026-10-02,
2,30388,MOLINA GODOY CAMILA PIEDAD,Limitada economía,PENDIENTE,2026-08-13,2026-09-04,Actualizó datos personales
1,30388,MOLINA GODOY CAMILA PIEDAD,Limitada economía,PENDIENTE,2026-08-13,2026-09-04,Actualizó datos personales
3,30388,MOLINA GODOY CAMILA PIEDAD,Limitada economía,OBSERVADO,2026-08-13,2026-10-01,BUEN DIA ESTIMADA ESTUDIANTE POR FAVOR SUBIR COPIA DE CEDULA Y ACTA DE COMPROMISO ESCANEADOS EN FORMATO PDF LEGIBLE (NO FOTO) DE PREFERENCIA SUBIR LA CEDULA DIGITAL DE LA APP GOB.ECNota: Subir nuevamente Acta de Compromiso firmada
4,30388,MOLINA GODOY CAMILA PIEDAD,Limitada economía,PENDIENTE,2026-08-13,2026-10-01,El estudiante actualizó el acta de compromiso y reenvió la solicitud a revisión financiera.
1,29496,MOLINA HOLGUIN THANERY NICOLE,Limitada economía,PENDIENTE,2026-08-08,2026-09-16,Actualizó datos personales
1,28306,MOLINA ORELLANA ALEXANDRA CAROLINA,Limitada economía,PENDIENTE,2026-08-02,2026-09-15,Actualizó datos personales
2,29947,MOLINA VERA DAYANA ELIZABETH,Limitada economía,PENDIENTE,2026-08-12,2026-09-12,Actualizó datos personales
1,29947,MOLINA VERA DAYANA ELIZABETH,Limitada economía,PENDIENTE,2026-08-12,2026-09-12,Actualizó datos personales
1,28685,MONCADA BUSTAMANTE CELIA AZUCENA,Limitada economía,PENDIENTE,2026-08-04,2026-09-18,Actualizó datos personales
2,28296,MONSERRATE CHAVEZ HENRY JOAS,Limitada economía,PENDIENTE,2026-08-01,2026-09-11,Actualizó datos personales
1,28296,MONSERRATE CHAVEZ HENRY JOAS,Limitada economía,PENDIENTE,2026-08-01,2026-09-11,Actualizó datos personales
1,29845,MONTALVAN SUAREZ LESLIE JAMILEX,Limitada economía,PENDIENTE,2026-08-11,2026-09-18,Actualizó datos personales
2,29845,MONTALVAN SUAREZ LESLIE JAMILEX,Limitada economía,VALIDADO,2026-08-11,2026-10-02,
2,29162,MONTE SOLORZANO JANDRY ALBERTO,Limitada economía,PENDIENTE,2026-08-06,2026-09-10,Actualizó datos personales
1,29162,MONTE SOLORZANO JANDRY ALBERTO,Limitada economía,PENDIENTE,2026-08-06,2026-09-10,Actualizó datos personales
3,29162,MONTE SOLORZANO JANDRY ALBERTO,Limitada economía,PENDIENTE,2026-08-06,2026-10-01,El estudiante actualizó el acta de compromiso y reenvió la solicitud a revisión financiera.
4,29162,MONTE SOLORZANO JANDRY ALBERTO,Limitada economía,OBSERVADO,2026-08-06,2026-10-01,"BUEN DIA ESTIMADO ESTUDIANTE POR FAVOR SUBIR COPIA DE CEDULA, CERTIFICADO BANCARIO  Y ACTA DE COMPROMISO ESCANEADOS EN FORMATO PDF LEGIBLE (NO FOTO) DE PREFERENCIA SUBIR LA CEDULA DIGITAL DE LA APP GOB.ECNota: Subir nuevamente Acta de Compromiso firmada"
1,30779,MONTECE TAPIA LOANNY NICOLE,Limitada economía,PENDIENTE,2026-08-14,2026-09-10,Actualizó datos personales
2,30779,MONTECE TAPIA LOANNY NICOLE,Limitada economía,PENDIENTE,2026-08-14,2026-09-10,Actualizó datos personales
2,29837,MONTENEGRO CISNEROS JUAN RAUL,Limitada economía,PENDIENTE,2026-08-11,2026-09-05,Actualizó datos personales
1,29837,MONTENEGRO CISNEROS JUAN RAUL,Limitada economía,PENDIENTE,2026-08-11,2026-09-05,Actualizó datos personales
1,30562,MONTERO FAJARDO KARY VALERIA,Limitada economía,PENDIENTE,2026-08-14,2026-09-15,Actualizó datos personales
1,29839,MONTERO VERA MAILY MAYERLI,Limitada economía,PENDIENTE,2026-08-11,2026-09-21,Actualizó datos personales
4,29839,MONTERO VERA MAILY MAYERLI,Limitada economía,VALIDADO,2026-08-11,2026-10-02,
2,29839,MONTERO VERA MAILY MAYERLI,Limitada economía,PENDIENTE,2026-08-11,2026-10-02,El estudiante actualizó el acta de compromiso y reenvió la solicitud a revisión financiera.
3,29839,MONTERO VERA MAILY MAYERLI,Limitada economía,OBSERVADO,2026-08-11,2026-10-02,"SALUDOS SRTA. MONTERO, POR FAVOR ACTUALIZAR EL CERTIFICADO BANCARIO DEL AÑO 2026 EN EL MODULO HOJA DE VIDA DEL SGA.Nota: Subir nuevamente Acta de Compromiso firmada"
1,27223,MONTES BASURTO ELKIN JAHIR,Limitada economía,PENDIENTE,2026-07-29,2026-09-21,Actualizó datos personales
2,27223,MONTES BASURTO ELKIN JAHIR,Limitada economía,VALIDADO,2026-07-29,2026-10-02,
1,30482,MONTES MIRANDA EMERSON KENNET,Limitada economía,PENDIENTE,2026-08-13,2026-09-23,Actualizó datos personales
2,30482,MONTES MIRANDA EMERSON KENNET,Limitada economía,VALIDADO,2026-08-13,2026-10-02,
1,29417,MONTES VARGAS NIXON ADRIAN,Limitada economía,PENDIENTE,2026-08-07,2026-09-18,Actualizó datos personales
1,28836,MONTESDEOCA CATAGUA CRISTHIAN JOAN,Limitada economía,PENDIENTE,2026-08-04,2026-09-16,Actualizó datos personales
2,28836,MONTESDEOCA CATAGUA CRISTHIAN JOAN,Limitada economía,OBSERVADO,2026-08-04,2026-10-01,BUEN DIA ESTIMADO ESTUDIANTE POR FAVOR SUBIR COPIA DE CEDULA Y ACTA DE COMPROMISO ESCANEADOS EN FORMATO PDF LEGIBLE (NO FOTO) DE PREFERENCIA SUBIR LA CEDULA DIGITAL DE LA APP GOB.ECNota: Subir nuevamente Acta de Compromiso firmada
1,29303,MONTESDEOCA VALLEJO JAVIER SANTIAGO,Limitada economía,PENDIENTE,2026-08-06,2026-09-15,Actualizó datos personales
1,30563,MONTIEL ARANDA CAMILA LISSBETH,Limitada economía,PENDIENTE,2026-08-14,2026-09-16,Actualizó datos personales
1,28478,MONTIEL LOPEZ LUIS ALBERTO,Limitada economía,PENDIENTE,2026-08-03,2026-09-10,Actualizó datos personales
2,28478,MONTIEL LOPEZ LUIS ALBERTO,Limitada economía,PENDIENTE,2026-08-03,2026-09-10,Actualizó datos personales
3,28478,MONTIEL LOPEZ LUIS ALBERTO,Limitada economía,OBSERVADO,2026-08-03,2026-10-02,"SALUDOS SR. MONTIEL, POR FAVOR LA FIRMA DEL ACTA ES DIFERENTE A LA CEDULA QUE CONSTA EN EL SISTEMA, VERIFICAR SI LA CEDULA ESTA DESACTUALIZADA O DEBE CORREGIR LA FIRMA DEL ACTA, PARA QUE HAGA LAS CORRECCIONES DEL CASO.Nota: Subir nuevamente Acta de Compromiso firmada"
4,28478,MONTIEL LOPEZ LUIS ALBERTO,Limitada economía,PENDIENTE,2026-08-03,2026-10-04,El estudiante actualizó el acta de compromiso y reenvió la solicitud a revisión financiera.
1,29141,MONTIEL NARANJO EUNICE ELIZABETH,Limitada economía,PENDIENTE,2026-08-06,2026-09-24,Actualizó datos personales
2,29141,MONTIEL NARANJO EUNICE ELIZABETH,Limitada economía,OBSERVADO,2026-08-06,2026-10-01,BUEN DIA ESTIMADA ESTUDIANTE POR FAVOR SUBIR COPIA DE CEDULA Y ACTA DE COMPROMISO ESCANEADOS EN FORMATO PDF LEGIBLE (NO FOTO) DE PREFERENCIA SUBIR LA CEDULA DIGITAL DE LA APP GOB.ECNota: Subir nuevamente Acta de Compromiso firmada
3,29141,MONTIEL NARANJO EUNICE ELIZABETH,Limitada economía,PENDIENTE,2026-08-06,2026-10-01,El estudiante actualizó el acta de compromiso y reenvió la solicitud a revisión financiera.
1,30853,MONTIEL PACHECO DAYANA NARCISA,Limitada economía,PENDIENTE,2026-08-15,2026-09-23,Actualizó datos personales
1,30347,MONTIEL PERALTA DALTON STEWAR,Limitada economía,PENDIENTE,2026-08-13,2026-09-03,Actualizó datos personales
2,30347,MONTIEL PERALTA DALTON STEWAR,Limitada economía,PENDIENTE,2026-08-13,2026-09-03,Actualizó datos personales
2,27438,MONTOYA BAIDAL DOLORES CECILIA,Limitada economía,PENDIENTE,2026-07-29,2026-09-02,Actualizó datos personales
1,27438,MONTOYA BAIDAL DOLORES CECILIA,Limitada economía,PENDIENTE,2026-07-29,2026-09-02,Actualizó datos personales
1,28572,MONTOYA BAREN BRYAN JAVIER,Limitada economía,PENDIENTE,2026-08-03,2026-09-09,Actualizó datos personales
2,28572,MONTOYA BAREN BRYAN JAVIER,Limitada economía,PENDIENTE,2026-08-03,2026-09-09,Actualizó datos personales
2,28637,MONTOYA INTRIAGO NALLELY MELISSA,Limitada economía,PENDIENTE,2026-08-03,2026-09-07,Actualizó datos personales
1,28637,MONTOYA INTRIAGO NALLELY MELISSA,Limitada economía,PENDIENTE,2026-08-03,2026-09-07,Actualizó datos personales
1,30278,MONTOYA IZQUIERDO JENIFFER TATIANA,Limitada economía,PENDIENTE,2026-08-13,2026-09-22,Actualizó datos personales
1,30383,MONTOYA MACIAS JAMILETH NICOLE,Limitada economía,PENDIENTE,2026-08-13,2026-09-16,Actualizó datos personales
2,30383,MONTOYA MACIAS JAMILETH NICOLE,Limitada economía,OBSERVADO,2026-08-13,2026-10-01,BUEN DIA ESTIMADA ESTUDIANTE POR FAVOR SUBIR COPIA DE CEDULA Y ACTA DE COMPROMISO ESCANEADOS EN FORMATO PDF LEGIBLE (NO FOTO) DE PREFERENCIA SUBIR LA CEDULA DIGITAL DE LA APP GOB.ECNota: Subir nuevamente Acta de Compromiso firmada
1,30375,MONTOYA MONTOYA ROMINA JAMILET,Limitada economía,PENDIENTE,2026-08-13,2026-09-22,Actualizó datos personales
1,29409,MONTOYA PEÑA DANIELA STHEFANIA,Limitada economía,PENDIENTE,2026-08-07,2026-09-16,Actualizó datos personales
1,29941,MONTOYA PERALTA GENESIS JANINA,Limitada economía,PENDIENTE,2026-08-12,2026-09-22,Actualizó datos personales
2,29941,MONTOYA PERALTA GENESIS JANINA,Limitada economía,VALIDADO,2026-08-12,2026-10-02,
1,30310,MONTOYA PINARGOTE NAHELI NEREXY,Limitada economía,PENDIENTE,2026-08-13,2026-09-03,Actualizó datos personales
2,30310,MONTOYA PINARGOTE NAHELI NEREXY,Limitada economía,PENDIENTE,2026-08-13,2026-09-03,Actualizó datos personales
1,28841,MONTOYA RODRIGUEZ JESSICA PAMELA,Limitada economía,PENDIENTE,2026-08-04,2026-09-10,Actualizó datos personales
2,28841,MONTOYA RODRIGUEZ JESSICA PAMELA,Limitada economía,PENDIENTE,2026-08-04,2026-09-10,Actualizó datos personales
3,28841,MONTOYA RODRIGUEZ JESSICA PAMELA,Limitada economía,VALIDADO,2026-08-04,2026-10-05,
2,29192,MORA CEDEÑO JENNIFER JAMILETH,Limitada economía,PENDIENTE,2026-08-06,2026-09-07,Actualizó datos personales
1,29192,MORA CEDEÑO JENNIFER JAMILETH,Limitada economía,PENDIENTE,2026-08-06,2026-09-07,Actualizó datos personales
3,29192,MORA CEDEÑO JENNIFER JAMILETH,Limitada economía,OBSERVADO,2026-08-06,2026-10-05,"BUEN DIA ESTIMADA ESTUDIANTE POR FAVOR SUBIR CERTIFICADO BANCARIO ACTUALIZADO, Y DE PREFERENCIA SUBIR COPIA DE CEDULA DIGITAL DE LA APP GOB.EC GRACIASNota: Subir nuevamente Acta de Compromiso firmada"
2,29715,MORA CUSME EDWIN STEVEN,Limitada economía,PENDIENTE,2026-08-10,2026-09-08,Actualizó datos personales
1,29715,MORA CUSME EDWIN STEVEN,Limitada economía,PENDIENTE,2026-08-10,2026-09-08,Actualizó datos personales
3,29715,MORA CUSME EDWIN STEVEN,Limitada economía,OBSERVADO,2026-08-10,2026-10-05,"BUEN DIA ESTIMADA ESTUDIANTE POR FAVOR SUBIR COPIA DE CEDULA Y ACTA DE COMPROMISO ESCANEADOS EN FORMATO PDF LEGIBLE (NO FOTO) DE PREFERENCIA SUBIR LA CEDULA DIGITAL DE LA APP GOB.EC Y SUBIR CERTIFICADO BANCARIO ACTUALIZADO, GRACIASNota: Subir nuevamente Acta de Compromiso firmada"
1,28173,MORA GOMEZ REBECA ISMARY,Limitada economía,PENDIENTE,2026-08-01,2026-09-18,Actualizó datos personales
2,28173,MORA GOMEZ REBECA ISMARY,Limitada economía,VALIDADO,2026-08-01,2026-10-02,
2,30425,MORA HOLGUIN IVIS DANIELA,Limitada economía,PENDIENTE,2026-08-13,2026-09-10,Actualizó datos personales
1,30425,MORA HOLGUIN IVIS DANIELA,Limitada economía,PENDIENTE,2026-08-13,2026-09-10,Actualizó datos personales
1,28526,MORA MEDINA CARLOS ADRIAN,Limitada economía,PENDIENTE,2026-08-03,2026-09-21,Actualizó datos personales
1,27473,MORA MERINO LUIS AARON,Limitada economía,PENDIENTE,2026-07-30,2026-08-28,Actualizó datos personales
2,27473,MORA MERINO LUIS AARON,Limitada economía,VALIDADO,2026-07-30,2026-10-02,
1,30174,MORA PANTALEON NOELY ALEJANDRA,Limitada economía,PENDIENTE,2026-08-13,2026-09-25,Actualizó datos personales
2,30174,MORA PANTALEON NOELY ALEJANDRA,Limitada economía,VALIDADO,2026-08-13,2026-10-05,
1,28286,MORA RAMIREZ OSCAR ALEJANDRO,Limitada economía,PENDIENTE,2026-08-01,2026-09-22,Actualizó datos personales
1,29864,MORA REYES DAYANA STEFANIA,Limitada economía,PENDIENTE,2026-08-11,2026-09-22,Actualizó datos personales
1,28511,MORA ROLDAN XIOMARA DENISSE,Limitada economía,PENDIENTE,2026-08-03,2026-09-24,Actualizó datos personales
2,28511,MORA ROLDAN XIOMARA DENISSE,Limitada economía,VALIDADO,2026-08-03,2026-10-02,
1,30722,MORA ROMAN JOSE MANUEL,Limitada economía,PENDIENTE,2026-08-14,2026-09-04,Actualizó datos personales
2,30722,MORA ROMAN JOSE MANUEL,Limitada economía,PENDIENTE,2026-08-14,2026-09-04,Actualizó datos personales
1,28744,MORA SABANDO ODALIS YULIANA,Limitada economía,PENDIENTE,2026-08-04,2026-09-18,Actualizó datos personales
2,28744,MORA SABANDO ODALIS YULIANA,Limitada economía,VALIDADO,2026-08-04,2026-10-02,
2,29593,MORA VERA CAMILA ALEXANDRA,Limitada economía,PENDIENTE,2026-08-09,2026-09-05,Actualizó datos personales
1,29593,MORA VERA CAMILA ALEXANDRA,Limitada economía,PENDIENTE,2026-08-09,2026-09-05,Actualizó datos personales
3,29593,MORA VERA CAMILA ALEXANDRA,Limitada economía,OBSERVADO,2026-08-09,2026-10-05,BUEN DIA ESTIMADA ESTUDIANTE POR FAVOR SUBIR COPIA DE CEDULA Y ACTA DE COMPROMISO ESCANEADOS EN FORMATO PDF LEGIBLE (NO FOTO) DE PREFERENCIA SUBIR LA CEDULA DIGITAL DE LA APP GOB.ECNota: Subir nuevamente Acta de Compromiso firmada
2,29930,MORA ZAMORA ROSA ELIZABETH,Limitada economía,PENDIENTE,2026-08-11,2026-09-07,Actualizó datos personales
1,29930,MORA ZAMORA ROSA ELIZABETH,Limitada economía,PENDIENTE,2026-08-11,2026-09-07,Actualizó datos personales
1,28926,MORALES AUCAY DAYELLY NAHOMI,Limitada economía,PENDIENTE,2026-08-05,2026-09-16,Actualizó datos personales
2,30238,MORALES ECHEVERRIA LEYDI MISHELL,Limitada economía,PENDIENTE,2026-08-13,2026-09-04,Actualizó datos personales
1,30238,MORALES ECHEVERRIA LEYDI MISHELL,Limitada economía,PENDIENTE,2026-08-13,2026-09-04,Actualizó datos personales
3,30238,MORALES ECHEVERRIA LEYDI MISHELL,Limitada economía,VALIDADO,2026-08-13,2026-10-05,
1,29586,MORALES GARCIA OSCAR OSWALDO,Limitada economía,PENDIENTE,2026-08-08,2026-09-18,Actualizó datos personales
1,29321,MORALES HAZ JOSTIN IVAN,Limitada economía,PENDIENTE,2026-08-06,2026-09-21,Actualizó datos personales
2,29321,MORALES HAZ JOSTIN IVAN,Limitada economía,VALIDADO,2026-08-06,2026-10-05,
1,29807,MORALES PINCAY ANGELES NICOLE,Limitada economía,PENDIENTE,2026-08-11,2026-09-22,Actualizó datos personales
2,29807,MORALES PINCAY ANGELES NICOLE,Limitada economía,VALIDADO,2026-08-11,2026-10-02,
1,30118,MORALES SANCHEZ ARLETH NAYELI,Limitada economía,PENDIENTE,2026-08-12,2026-09-21,Actualizó datos personales
1,27853,MORALES SEGURA DANA THAILY,Limitada economía,PENDIENTE,2026-07-30,2026-09-02,Actualizó datos personales
2,27853,MORALES SEGURA DANA THAILY,Limitada economía,PENDIENTE,2026-07-30,2026-09-02,Actualizó datos personales
1,29018,MORAN MONCAYO ALLISON JIMENA,Limitada economía,PENDIENTE,2026-08-05,2026-09-22,Actualizó datos personales
1,28900,MORAN RAMIREZ MANYERLYN PAMELA,Limitada economía,PENDIENTE,2026-08-04,2026-09-18,Actualizó datos personales
1,27458,MORAN SABANDO WILMER ISIDRO,Limitada economía,PENDIENTE,2026-07-30,2026-09-03,Actualizó datos personales
2,27458,MORAN SABANDO WILMER ISIDRO,Limitada economía,PENDIENTE,2026-07-30,2026-09-03,Actualizó datos personales
1,30040,MORAN SAMANIEGO ALISON DANAHET,Limitada economía,PENDIENTE,2026-08-12,2026-09-21,Actualizó datos personales
1,30505,MORAN ZAMORA SAHIRO RUBEN,Limitada economía,PENDIENTE,2026-08-13,2026-09-25,Actualizó datos personales
2,30505,MORAN ZAMORA SAHIRO RUBEN,Limitada economía,VALIDADO,2026-08-13,2026-10-02,
1,28340,MORAN ZURITA DIANA ANAHI,Limitada economía,PENDIENTE,2026-08-02,2026-09-17,Actualizó datos personales
2,28355,MORANTE LOOR LINDA DISNEY,Limitada economía,PENDIENTE,2026-08-02,2026-09-11,Actualizó datos personales
1,28355,MORANTE LOOR LINDA DISNEY,Limitada economía,PENDIENTE,2026-08-02,2026-09-11,Actualizó datos personales
1,29463,MOREIRA BAILON DERLY ALBERTO,Limitada economía,PENDIENTE,2026-08-07,2026-09-09,Actualizó datos personales
2,29463,MOREIRA BAILON DERLY ALBERTO,Limitada economía,PENDIENTE,2026-08-07,2026-09-09,Actualizó datos personales
3,29463,MOREIRA BAILON DERLY ALBERTO,Limitada economía,OBSERVADO,2026-08-07,2026-10-05,"BUEN DIA ESTIMADA ESTUDIANTE POR FAVOR SUBIR COPIA DE CEDULA Y ACTA DE COMPROMISO ESCANEADOS EN FORMATO PDF LEGIBLE (NO FOTO) DE PREFERENCIA SUBIR LA CEDULA DIGITAL DE LA APP GOB.EC Y SUBIR CERTIFICADO BANCARIO ACTUALIZADO, GRACIAS Nota: Subir nuevamente Acta de Compromiso firmada"
1,27200,MOREIRA BAZURTO SHIRLEY MARIEL,Limitada economía,PENDIENTE,2026-07-29,2026-09-18,Actualizó datos personales
1,30125,MOREIRA CASQUETE JOSSELYN MABEL,Limitada economía,PENDIENTE,2026-08-12,2026-09-18,Actualizó datos personales
1,27652,MOREIRA CASTRO SANDRA DANIELA,Limitada economía,PENDIENTE,2026-07-30,2026-09-14,Actualizó datos personales
1,30424,MOREIRA CHILENO JOSELYN LISBETH,Limitada economía,PENDIENTE,2026-08-13,2026-09-10,Actualizó datos personales
2,30424,MOREIRA CHILENO JOSELYN LISBETH,Limitada economía,PENDIENTE,2026-08-13,2026-09-10,Actualizó datos personales
1,29263,MOREIRA LOOR JORDAN ADALBERTO,Limitada economía,PENDIENTE,2026-08-06,2026-09-18,Actualizó datos personales
2,30658,MOREIRA MORA LADY JENEDIT,Limitada economía,PENDIENTE,2026-08-14,2026-09-03,Actualizó datos personales
1,30658,MOREIRA MORA LADY JENEDIT,Limitada economía,PENDIENTE,2026-08-14,2026-09-03,Actualizó datos personales
1,27526,MOREIRA MOREIRA SHULY DAMARIS,Limitada economía,PENDIENTE,2026-07-30,2026-09-15,Actualizó datos personales
1,30479,MOREIRA MUÑOZ GELEN IBETH,Limitada economía,PENDIENTE,2026-08-13,2026-09-23,Actualizó datos personales
1,28222,MOREIRA MUÑOZ JENNIFFER NAYELI,Limitada economía,PENDIENTE,2026-08-01,2026-09-22,Actualizó datos personales
1,28931,MOREIRA MUÑOZ KAREN DANIELA,Limitada economía,PENDIENTE,2026-08-05,2026-09-13,Actualizó datos personales
1,28424,MOREIRA ORELLANA LUIGGI KARYL,Limitada economía,PENDIENTE,2026-08-03,2026-09-12,Actualizó datos personales
2,28424,MOREIRA ORELLANA LUIGGI KARYL,Limitada economía,PENDIENTE,2026-08-03,2026-09-12,Actualizó datos personales
1,29002,MOREIRA RENDON EIMER JULIAN,Limitada economía,PENDIENTE,2026-08-05,2026-09-18,Actualizó datos personales
2,29002,MOREIRA RENDON EIMER JULIAN,Limitada economía,VALIDADO,2026-08-05,2026-10-02,
1,29295,MOREIRA RODRIGUEZ GEOVANNA DAYELI,Limitada economía,PENDIENTE,2026-08-06,2026-09-14,Actualizó datos personales
1,29167,MOREIRA ROMERO ANGUILLIET VALENTINA,Limitada economía,PENDIENTE,2026-08-06,2026-08-28,Actualizó datos personales
1,27697,MOREIRA SANTILLAN MERLY BETZABETH,Limitada economía,PENDIENTE,2026-07-30,2026-09-14,Actualizó datos personales
1,30673,MOREIRA SUAREZ LEONELA DEL CARMEN,Limitada economía,PENDIENTE,2026-08-14,2026-09-21,Actualizó datos personales
1,27822,MOREIRA VARELA WENDY LADY,Limitada economía,PENDIENTE,2026-07-30,2026-09-23,Actualizó datos personales
2,29917,MOREIRA VELEZ MAHOLY GABRIELA,Limitada economía,PENDIENTE,2026-08-11,2026-09-10,Actualizó datos personales
1,29917,MOREIRA VELEZ MAHOLY GABRIELA,Limitada economía,PENDIENTE,2026-08-11,2026-09-10,Actualizó datos personales
1,29742,MOREIRA VERA JAIME ALEJANDRO,Limitada economía,PENDIENTE,2026-08-10,2026-09-21,Actualizó datos personales
2,29742,MOREIRA VERA JAIME ALEJANDRO,Limitada economía,VALIDADO,2026-08-10,2026-10-02,
1,28927,MOREIRA VILLAFUERTE JEREMY SEBASTIAN,Limitada economía,PENDIENTE,2026-08-05,2026-09-11,Actualizó datos personales
2,28927,MOREIRA VILLAFUERTE JEREMY SEBASTIAN,Limitada economía,PENDIENTE,2026-08-05,2026-09-11,Actualizó datos personales
1,30440,MORETA GONZALEZ CARMEN XIOMARA,Limitada economía,PENDIENTE,2026-08-13,2026-09-22,Actualizó datos personales
1,28379,MOROCHO CHIGUANO KEYLA BRIGGITT,Limitada economía,PENDIENTE,2026-08-02,2026-09-15,Actualizó datos personales
1,30025,MORRILLO GARCIA MIRIAN SAMANTHA,Limitada economía,PENDIENTE,2026-08-12,2026-09-17,Actualizó datos personales
1,29465,MOSCOSO MOSQUERA JENNIFER NATALY,Limitada economía,PENDIENTE,2026-08-07,2026-09-22,Actualizó datos personales
2,29465,MOSCOSO MOSQUERA JENNIFER NATALY,Limitada economía,VALIDADO,2026-08-07,2026-10-05,
1,29245,MOSQUERA ZURITA JONATHAN JOSUE,Limitada economía,PENDIENTE,2026-08-06,2026-09-15,Actualizó datos personales
1,28937,MOYA OLIVARES ANDREA NICOLE,Limitada economía,PENDIENTE,2026-08-05,2026-09-16,Actualizó datos personales
1,29073,MOYA PARRAGA ALISON FERNANDA,Limitada economía,PENDIENTE,2026-08-05,2026-09-15,Actualizó datos personales
1,28564,MOYA PARRAGA JANDER JHOSUEPH,Limitada economía,PENDIENTE,2026-08-03,2026-09-09,Actualizó datos personales
2,28564,MOYA PARRAGA JANDER JHOSUEPH,Limitada economía,PENDIENTE,2026-08-03,2026-09-09,Actualizó datos personales
3,28564,MOYA PARRAGA JANDER JHOSUEPH,Limitada economía,OBSERVADO,2026-08-03,2026-10-05,"BUEN DIA ESTIMADA ESTUDIANTE POR FAVOR SUBIR COPIA DE CEDULA, CERTIFICADO BANCARIO Y ACTA DE COMPROMISO EN LOS RESPECTIVOS MODULOS, GRACIAS (CEDULA Y CERTIFICADO BANCARIO SE SUBEN EN EL MODULO DE HOJA DE VIDA Y EL ACTA DE OTORGAMIENTO EN EL MODULO DE AYUDAS ECONOMICAS)Nota: Subir nuevamente Acta de Compromiso firmada"
1,30815,MOYANO ZURITA CRISTOPHER ALEXANDER,Limitada economía,PENDIENTE,2026-08-14,2026-09-18,Actualizó datos personales
1,28850,MUENTES BARTOLOME NOHELIA HAYDEE,Limitada economía,PENDIENTE,2026-08-04,2026-09-18,Actualizó datos personales
1,30079,MUENTES NAVARRETE ERICKA MAYERLI,Limitada economía,PENDIENTE,2026-08-12,2026-09-10,Actualizó datos personales
2,30079,MUENTES NAVARRETE ERICKA MAYERLI,Limitada economía,PENDIENTE,2026-08-12,2026-09-10,Actualizó datos personales
1,29708,MUÑOZ ALCIVAR ANGEL GABRIEL,Limitada economía,PENDIENTE,2026-08-10,2026-09-10,Actualizó datos personales
2,29708,MUÑOZ ALCIVAR ANGEL GABRIEL,Limitada economía,PENDIENTE,2026-08-10,2026-09-10,Actualizó datos personales
3,29708,MUÑOZ ALCIVAR ANGEL GABRIEL,Limitada economía,VALIDADO,2026-08-10,2026-10-02,
2,28332,MUÑOZ ALVAREZ JEFFERSON DAVID,Limitada economía,PENDIENTE,2026-08-02,2026-09-11,Actualizó datos personales
1,28332,MUÑOZ ALVAREZ JEFFERSON DAVID,Limitada economía,PENDIENTE,2026-08-02,2026-09-11,Actualizó datos personales
2,29803,MUÑOZ BRIONES VICTORIA VALENTINA,Limitada economía,PENDIENTE,2026-08-11,2026-09-11,Actualizó datos personales
1,29803,MUÑOZ BRIONES VICTORIA VALENTINA,Limitada economía,PENDIENTE,2026-08-11,2026-09-11,Actualizó datos personales
3,29803,MUÑOZ BRIONES VICTORIA VALENTINA,Limitada economía,VALIDADO,2026-08-11,2026-10-02,
1,28124,MUÑOZ BURGOS LUIS ANTONIO,Limitada economía,PENDIENTE,2026-07-31,2026-09-22,Actualizó datos personales
1,27693,MUÑOZ DELGADO EVELYN KASANDRA,Limitada economía,PENDIENTE,2026-07-30,2026-09-21,Actualizó datos personales
1,30209,MUÑOZ ESPINOZA CRISTHIAN ANTONIO,Limitada economía,PENDIENTE,2026-08-13,2026-09-16,Actualizó datos personales
1,27978,MUÑOZ ESPINOZA FERNANDO JOSE,Limitada economía,PENDIENTE,2026-07-31,2026-08-31,Actualizó datos personales
1,28402,MUÑOZ ESTUPIÑAN VIVIANA LISSETH,Limitada economía,PENDIENTE,2026-08-03,2026-09-14,Actualizó datos personales
1,28877,MUÑOZ GAMARRA NURYS ROSALIA,Limitada economía,PENDIENTE,2026-08-04,2026-09-22,Actualizó datos personales
1,30373,MUÑOZ GARCIA JOAO ALEXANDER,Limitada economía,PENDIENTE,2026-08-13,2026-09-17,Actualizó datos personales
2,28455,MUÑOZ GONZALEZ IRIS DANIELLA,Limitada economía,PENDIENTE,2026-08-03,2026-09-03,Actualizó datos personales
1,28455,MUÑOZ GONZALEZ IRIS DANIELLA,Limitada economía,PENDIENTE,2026-08-03,2026-09-03,Actualizó datos personales
1,29718,MUÑOZ GONZALEZ MERCEDES LILIANA,Limitada economía,PENDIENTE,2026-08-10,2026-08-25,Actualizó datos personales
2,29718,MUÑOZ GONZALEZ MERCEDES LILIANA,Limitada economía,VALIDADO,2026-08-10,2026-10-05,
1,28100,MUÑOZ GUZMAN JENNIFER PAOLA,Limitada economía,PENDIENTE,2026-07-31,2026-09-18,Actualizó datos personales
2,28100,MUÑOZ GUZMAN JENNIFER PAOLA,Limitada economía,VALIDADO,2026-07-31,2026-10-02,"SE LE SUGIERE CAMBIAR EL ARCHIVO DE LA CEDULA POR UNO MAS CLARO, AL IMPRIMIR SE VE ALGO BORROSO. SALUDOS."
2,27932,MUÑOZ GUZMAN JULIANA MILENA,Limitada economía,PENDIENTE,2026-07-31,2026-09-08,Actualizó datos personales
1,27932,MUÑOZ GUZMAN JULIANA MILENA,Limitada economía,PENDIENTE,2026-07-31,2026-09-08,Actualizó datos personales
3,27932,MUÑOZ GUZMAN JULIANA MILENA,Limitada economía,VALIDADO,2026-07-31,2026-10-05,
1,29329,MUÑOZ JIMENEZ KATHERINE EDUARDA,Limitada economía,PENDIENTE,2026-08-06,2026-09-02,Actualizó datos personales
2,29329,MUÑOZ JIMENEZ KATHERINE EDUARDA,Limitada economía,PENDIENTE,2026-08-06,2026-09-02,Actualizó datos personales
2,29220,MUÑOZ MARCILLO MERLYN CAROLINA,Limitada economía,PENDIENTE,2026-08-06,2026-09-10,Actualizó datos personales
1,29220,MUÑOZ MARCILLO MERLYN CAROLINA,Limitada economía,PENDIENTE,2026-08-06,2026-09-10,Actualizó datos personales
3,29220,MUÑOZ MARCILLO MERLYN CAROLINA,Limitada economía,VALIDADO,2026-08-06,2026-10-02,
1,30346,MUÑOZ MARTINEZ CINTHYA MARIA,Limitada economía,PENDIENTE,2026-08-13,2026-09-15,Actualizó datos personales
1,28513,MUÑOZ MOREIRA JESSENIA GABRIELA,Limitada economía,PENDIENTE,2026-08-03,2026-09-10,Actualizó datos personales
2,28513,MUÑOZ MOREIRA JESSENIA GABRIELA,Limitada economía,PENDIENTE,2026-08-03,2026-09-10,Actualizó datos personales
2,28270,MUÑOZ REINOSO MELANNY MISHELL,Limitada economía,PENDIENTE,2026-08-01,2026-09-01,Actualizó datos personales
1,28270,MUÑOZ REINOSO MELANNY MISHELL,Limitada economía,PENDIENTE,2026-08-01,2026-09-01,Actualizó datos personales
1,30374,MUÑOZ ROJAS KLEBER DANIEL,Limitada economía,PENDIENTE,2026-08-13,2026-09-18,Actualizó datos personales
2,30374,MUÑOZ ROJAS KLEBER DANIEL,Limitada economía,VALIDADO,2026-08-13,2026-10-05,
1,30512,MUÑOZ TARIRA CRISTHIAN GERARDO,Limitada economía,PENDIENTE,2026-08-13,2026-09-09,Actualizó datos personales
2,30512,MUÑOZ TARIRA CRISTHIAN GERARDO,Limitada economía,PENDIENTE,2026-08-13,2026-09-09,Actualizó datos personales
1,30560,MUÑOZ TUMBACO ABEL ADALBERTO,Limitada economía,PENDIENTE,2026-08-14,2026-09-14,Actualizó datos personales
1,30686,MUÑOZ VERGARA MIGUEL ANGEL,Limitada economía,PENDIENTE,2026-08-14,2026-09-14,Actualizó datos personales
1,27459,MURILLO ANDRADE NELSY DEYANIRA,Limitada economía,PENDIENTE,2026-07-30,2026-09-14,Actualizó datos personales
2,27933,MURILLO ARREAGA ALISON ARIANA,Limitada economía,PENDIENTE,2026-07-31,2026-09-03,Actualizó datos personales
1,27933,MURILLO ARREAGA ALISON ARIANA,Limitada economía,PENDIENTE,2026-07-31,2026-09-03,Actualizó datos personales
1,28069,MURILLO ARREAGA JENIFER ELIZABETH,Limitada economía,PENDIENTE,2026-07-31,2026-08-27,Actualizó datos personales
2,28069,MURILLO ARREAGA JENIFER ELIZABETH,Limitada economía,VALIDADO,2026-07-31,2026-10-02,
1,28299,MURILLO CEDEÑO KEYLA NILEYDI,Limitada economía,PENDIENTE,2026-08-01,2026-09-16,Actualizó datos personales
1,28768,MURILLO FERNANDEZ ADRIANA RUBI,Limitada economía,PENDIENTE,2026-08-04,2026-09-16,Actualizó datos personales
2,28768,MURILLO FERNANDEZ ADRIANA RUBI,Limitada economía,OBSERVADO,2026-08-04,2026-10-05,BUEN DIA ESTIMADA ESTUDIANTE POR FAVOR SUBIR ACTA DE COMPROMISO ESCANEADA EN FORMATO PDF LEGIBLE (NO FOTO) GRACIAS.Nota: Subir nuevamente Acta de Compromiso firmada
1,28074,MURILLO GIRALDO SHIRLEY ANAHIS,Limitada economía,PENDIENTE,2026-07-31,2026-09-18,Actualizó datos personales
1,27559,MURILLO LOOR JAHAIRA ELIZABETH,Limitada economía,PENDIENTE,2026-07-30,2026-09-22,Actualizó datos personales
1,29499,MURILLO PITA ANA CARLA,Limitada economía,PENDIENTE,2026-08-08,2026-09-17,Actualizó datos personales
1,28964,MURILLO SEGOVIA MAYRA ALEJANDRA,Limitada economía,PENDIENTE,2026-08-05,2026-08-28,Actualizó datos personales
1,30080,MURILLO VELEZ DUMAR ELIAS,Limitada economía,PENDIENTE,2026-08-12,2026-09-04,Actualizó datos personales
2,30080,MURILLO VELEZ DUMAR ELIAS,Limitada economía,PENDIENTE,2026-08-12,2026-09-04,Actualizó datos personales
3,30080,MURILLO VELEZ DUMAR ELIAS,Limitada economía,OBSERVADO,2026-08-12,2026-10-05,BUEN DIA ESTIMADO ESTUDIANTE POR FAVOR SUBIR COPIA DE CEDULA Y ACTA DE COMPROMISO ESCANEADOS EN FORMATO PDF LEGIBLE (NO FOTO) DE PREFERENCIA SUBIR LA CEDULA DIGITAL DE LA APP GOB.ECNota: Subir nuevamente Acta de Compromiso firmada
1,28467,MURRIETA MENDEZ MILENAA MICHELLE,Limitada economía,PENDIENTE,2026-08-03,2026-09-22,Actualizó datos personales
2,28467,MURRIETA MENDEZ MILENAA MICHELLE,Limitada economía,VALIDADO,2026-08-03,2026-10-02,
1,28994,NAMO SANTACRUZ JEREMIA JOSUE,Limitada economía,PENDIENTE,2026-08-05,2026-09-10,Actualizó datos personales
2,28994,NAMO SANTACRUZ JEREMIA JOSUE,Limitada economía,PENDIENTE,2026-08-05,2026-09-10,Actualizó datos personales
2,30139,NARANJO AGUIRRE TIRSO ISAAC,Limitada economía,PENDIENTE,2026-08-12,2026-09-09,Actualizó datos personales
1,30139,NARANJO AGUIRRE TIRSO ISAAC,Limitada economía,PENDIENTE,2026-08-12,2026-09-09,Actualizó datos personales
3,30139,NARANJO AGUIRRE TIRSO ISAAC,Limitada economía,OBSERVADO,2026-08-12,2026-10-05,"BUEN DIA ESTIMADO ESTUDIANTE POR FAVOR SUBIR COPIA DE CEDULA DE AMBOS LADOS Y CERTIFICADO BANCARIO ACTA DE COMPROMISO ESCANEADA LEGIBLE (NO FOTO) Y DE PREFERENCIA SUBIR CEDULA DIGITAL DE LA APP GOB.EC, GRACIASNota: Subir nuevamente Acta de Compromiso firmada"
1,30352,NARANJO AVILES ANNY BEVERLY,Limitada economía,PENDIENTE,2026-08-13,2026-09-16,Actualizó datos personales
2,30352,NARANJO AVILES ANNY BEVERLY,Limitada economía,VALIDADO,2026-08-13,2026-10-05,
1,30062,NAVARRETE CORTES EMILY MICHELLE,Limitada economía,PENDIENTE,2026-08-12,2026-09-12,Actualizó datos personales
2,30062,NAVARRETE CORTES EMILY MICHELLE,Limitada economía,PENDIENTE,2026-08-12,2026-09-12,Actualizó datos personales
1,28442,NAVARRETE CUSME KARLA DAYANNA,Limitada economía,PENDIENTE,2026-08-03,2026-08-31,Actualizó datos personales
1,27728,NAVARRETE FRANCO DARLING STALIN,Limitada economía,PENDIENTE,2026-07-30,2026-09-21,Actualizó datos personales
2,30397,NAVARRETE MONTIEL MICHAEL ANDRES,Limitada economía,PENDIENTE,2026-08-13,2026-09-10,Actualizó datos personales
1,30397,NAVARRETE MONTIEL MICHAEL ANDRES,Limitada economía,PENDIENTE,2026-08-13,2026-09-10,Actualizó datos personales
1,30442,NAVARRETE VELEZ HEIDY JUSNELY,Limitada economía,PENDIENTE,2026-08-13,2026-09-16,Actualizó datos personales
2,28461,NAVARRO MACIAS JUAN CARLOS,Limitada economía,PENDIENTE,2026-08-03,2026-09-12,Actualizó datos personales
1,28461,NAVARRO MACIAS JUAN CARLOS,Limitada economía,PENDIENTE,2026-08-03,2026-09-12,Actualizó datos personales
1,30002,NAVAS DIAZ MARLON ANTHONY,Limitada economía,PENDIENTE,2026-08-12,2026-09-21,Actualizó datos personales
1,29297,NAVIA RODRIGUEZ DANNY SCARLETT,Limitada economía,PENDIENTE,2026-08-06,2026-09-18,Actualizó datos personales
2,29297,NAVIA RODRIGUEZ DANNY SCARLETT,Limitada economía,VALIDADO,2026-08-06,2026-10-02,
1,30911,NEIRA AGUILAR ANGELICA DAYANA,Limitada economía,PENDIENTE,2026-08-21,2026-08-24,Actualizó datos personales
1,27952,NIEMES SOLORZANO FELIX MICHAEL,Limitada economía,PENDIENTE,2026-07-31,2026-09-15,Actualizó datos personales
1,29693,NIEVE PONCE EVELYN TATIANA,Limitada economía,PENDIENTE,2026-08-10,2026-09-22,Actualizó datos personales
1,30600,NIEVES SALVATIERRA DENNISSE CRISTINA,Limitada economía,PENDIENTE,2026-08-14,2026-09-24,Actualizó datos personales
1,28307,NOBOA DELGADO ROSARIO ANTONIA,Limitada economía,PENDIENTE,2026-08-02,2026-09-22,Actualizó datos personales
2,28307,NOBOA DELGADO ROSARIO ANTONIA,Limitada economía,VALIDADO,2026-08-02,2026-10-02,
1,28128,NOBOA SEGOVIA YEILEN MORELIA,Limitada economía,PENDIENTE,2026-07-31,2026-09-18,Actualizó datos personales
2,29124,NOLIVOS GUERRERO JOSE LUIS,Limitada economía,PENDIENTE,2026-08-06,2026-09-11,Actualizó datos personales
1,29124,NOLIVOS GUERRERO JOSE LUIS,Limitada economía,PENDIENTE,2026-08-06,2026-09-11,Actualizó datos personales
1,29972,OBANDO BAJAÑA SOFIA LISBETH,Limitada economía,PENDIENTE,2026-08-12,2026-09-14,Actualizó datos personales
1,28562,OCAMPO ARANA BRYAM DAVID,Limitada economía,PENDIENTE,2026-08-03,2026-09-25,Actualizó datos personales
1,29791,OCAMPO REYES MICHAEL AGUSTIN,Limitada economía,PENDIENTE,2026-08-11,2026-09-16,Actualizó datos personales
1,29473,OCHOA GUERRERO JHUNALY ALEJANDRA,Limitada economía,PENDIENTE,2026-08-07,2026-09-18,Actualizó datos personales
1,28682,OCHOA PILLIGUA LADY CAROLINA,Limitada economía,PENDIENTE,2026-08-04,2026-09-14,Actualizó datos personales
1,28275,OCHOA SANCHEZ MISHELL KATIUSKA,Limitada economía,PENDIENTE,2026-08-01,2026-09-14,Actualizó datos personales
1,30363,OCHOA SANGACHA KEVIN DANIEL,Limitada economía,PENDIENTE,2026-08-13,2026-09-16,Actualizó datos personales
1,28804,OCHOA SOLIS JENIFFER CELINDA,Limitada economía,PENDIENTE,2026-08-04,2026-09-09,Actualizó datos personales
2,28804,OCHOA SOLIS JENIFFER CELINDA,Limitada economía,PENDIENTE,2026-08-04,2026-09-09,Actualizó datos personales
3,28804,OCHOA SOLIS JENIFFER CELINDA,Limitada economía,VALIDADO,2026-08-04,2026-10-05,
1,28118,OJEDA SILVA MARIA FERNANDA,Limitada economía,PENDIENTE,2026-07-31,2026-09-16,Actualizó datos personales
2,28423,OLAYA ARANA NAYELHI NICOLE,Limitada economía,PENDIENTE,2026-08-03,2026-09-03,Actualizó datos personales
1,28423,OLAYA ARANA NAYELHI NICOLE,Limitada economía,PENDIENTE,2026-08-03,2026-09-03,Actualizó datos personales
1,30439,OLAYA HINOSTROZA YULI YOHANNA,Limitada economía,PENDIENTE,2026-08-13,2026-09-14,Actualizó datos personales
1,30651,OLEAS RUIZ LADY JAMILET,Limitada economía,PENDIENTE,2026-08-14,2026-09-18,Actualizó datos personales
2,28263,OLIVARES SALVATIERRA AMANDA JOMIRA,Limitada economía,PENDIENTE,2026-08-01,2026-09-10,Actualizó datos personales
1,28263,OLIVARES SALVATIERRA AMANDA JOMIRA,Limitada economía,PENDIENTE,2026-08-01,2026-09-10,Actualizó datos personales
3,28263,OLIVARES SALVATIERRA AMANDA JOMIRA,Limitada economía,OBSERVADO,2026-08-01,2026-10-05,BUEN DIA ESTIMADA ESTUDIANTE POR FAVOR SUBIR COPIA DE CEDULA Y ACTA DE COMPROMISO ESCANEADOS EN FORMATO PDF LEGIBLE (NO FOTO) DE PREFERENCIA SUBIR LA CEDULA DIGITAL DE LA APP GOB.ECNota: Subir nuevamente Acta de Compromiso firmada
1,27219,OLIVAREZ TROYA NARCISA JAMILETH,Limitada economía,PENDIENTE,2026-07-29,2026-09-20,Actualizó datos personales
1,30827,OLMEDO MERA JANDRI GISMAR,Limitada economía,PENDIENTE,2026-08-14,2026-09-07,Actualizó datos personales
2,30827,OLMEDO MERA JANDRI GISMAR,Limitada economía,PENDIENTE,2026-08-14,2026-09-07,Actualizó datos personales
1,27782,OLVERA NIVELA YOMIRA ESPERANZA,Limitada economía,PENDIENTE,2026-07-30,2026-09-17,Actualizó datos personales
2,27782,OLVERA NIVELA YOMIRA ESPERANZA,Limitada economía,VALIDADO,2026-07-30,2026-10-05,
1,28199,OÑATE MOREIRA ASHLEY LISSETH,Limitada economía,PENDIENTE,2026-08-01,2026-09-14,Actualizó datos personales
1,30127,ORBE ALMEIDA EMILIANA ELIZABETH,Limitada economía,PENDIENTE,2026-08-12,2026-09-16,Actualizó datos personales
1,30949,ORDOÑEZ CARREÑO JAIDY JAMILETH,Limitada economía,PENDIENTE,2026-08-26,2026-09-23,Actualizó datos personales
1,30831,ORDOÑEZ CHAVEZ DULCE IRIEL,Limitada economía,PENDIENTE,2026-08-15,2026-09-16,Actualizó datos personales
2,30908,ORDOÑEZ ESCUDERO STHEPHANIE SARAY,Limitada economía,PENDIENTE,2026-08-21,2026-09-11,Actualizó datos personales
1,30908,ORDOÑEZ ESCUDERO STHEPHANIE SARAY,Limitada economía,PENDIENTE,2026-08-21,2026-09-11,Actualizó datos personales
1,29137,ORDOÑEZ GOMEZ MANUEL DANET,Limitada economía,PENDIENTE,2026-08-06,2026-09-18,Actualizó datos personales
2,29137,ORDOÑEZ GOMEZ MANUEL DANET,Limitada economía,VALIDADO,2026-08-06,2026-10-02,
2,27335,ORDOÑEZ LOAIZA OLGER RICARDO,Limitada economía,PENDIENTE,2026-07-29,2026-09-07,Actualizó datos personales
1,27335,ORDOÑEZ LOAIZA OLGER RICARDO,Limitada economía,PENDIENTE,2026-07-29,2026-09-07,Actualizó datos personales
1,29899,ORDOÑEZ LUNA CARLOS DIEGO,Limitada economía,PENDIENTE,2026-08-11,2026-09-22,Actualizó datos personales
2,29899,ORDOÑEZ LUNA CARLOS DIEGO,Limitada economía,OBSERVADO,2026-08-11,2026-10-05,BUEN DIA ESTIMADA ESTUDIANTE POR FAVOR SUBIR ACTA DE COMPROMISO ESCANEADA EN FORMATO PDF LEGIBLE (NO FOTO) GRACIAS.Nota: Subir nuevamente Acta de Compromiso firmada
1,28579,ORELLANA BUSTAMANTE LEONARDO EFRAIN,Limitada economía,PENDIENTE,2026-08-03,2026-08-17,Adicionó nueva acta de compromiso
1,28788,ORELLANA COLLAGUAZO BRAYAN AVELINO,Limitada economía,PENDIENTE,2026-08-04,2026-09-17,Actualizó datos personales
1,29932,ORELLANA MOREIRA MARIA JOSE,Limitada economía,PENDIENTE,2026-08-11,2026-09-14,Actualizó datos personales
1,29293,ORELLANA MOREIRA MARIANA DE JESUS,Limitada economía,PENDIENTE,2026-08-06,2026-09-18,Actualizó datos personales
2,29293,ORELLANA MOREIRA MARIANA DE JESUS,Limitada economía,VALIDADO,2026-08-06,2026-10-02,
1,28693,ORELLANA PALMA GABRIELA MARINA,Limitada economía,PENDIENTE,2026-08-04,2026-09-21,Actualizó datos personales
1,28154,ORELLANA ROMERO JONATHAN JEFFERSON,Limitada economía,PENDIENTE,2026-07-31,2026-09-18,Actualizó datos personales
2,28154,ORELLANA ROMERO JONATHAN JEFFERSON,Limitada economía,VALIDADO,2026-07-31,2026-10-02,
1,28618,ORELLANA TORO DAMARIS NAYELI,Limitada economía,PENDIENTE,2026-08-03,2026-09-18,Actualizó datos personales
1,27689,ORMAZA CEDEÑO JEFFERSON ADRIAN,Limitada economía,PENDIENTE,2026-07-30,2026-09-17,Actualizó datos personales
2,27689,ORMAZA CEDEÑO JEFFERSON ADRIAN,Limitada economía,VALIDADO,2026-07-30,2026-10-05,
1,27780,ORMAZA GARCIA KARELYS ELIZABETH,Limitada economía,PENDIENTE,2026-07-30,2026-09-21,Actualizó datos personales
1,28553,OROSCO MALA ROSA MARIA,Limitada economía,PENDIENTE,2026-08-03,2026-09-15,Actualizó datos personales
1,30134,ORRALA PAZMIÑO XIOMARA NAHOMY,Limitada economía,PENDIENTE,2026-08-12,2026-09-14,Actualizó datos personales
1,30645,ORTEGA CHACHIPANTA JEFFERSON MAURICIO,Limitada economía,PENDIENTE,2026-08-14,2026-09-24,Actualizó datos personales
1,30792,ORTEGA FRANCO LALITZA VICTORIA,Limitada economía,PENDIENTE,2026-08-14,2026-09-16,Actualizó datos personales
2,29287,ORTEGA MORA EMILY MARIA,Limitada economía,PENDIENTE,2026-08-06,2026-09-11,Actualizó datos personales
1,29287,ORTEGA MORA EMILY MARIA,Limitada economía,PENDIENTE,2026-08-06,2026-09-11,Actualizó datos personales
1,29286,ORTEGA VELIZ NOELIA VIYITH,Limitada economía,PENDIENTE,2026-08-06,2026-09-18,Actualizó datos personales
2,29286,ORTEGA VELIZ NOELIA VIYITH,Limitada economía,OBSERVADO,2026-08-06,2026-10-05,"BUEN DIA ESTIMADA ESTUDIANTE POR FAVOR SUBIR COPIA DE CEDULA, CERTIFICADO BANCARIO Y ACTA DE COMPROMISO EN LOS RESPECTIVOS MODULOS, GRACIAS (CEDULA Y CERTIFICADO BANCARIO SE SUBEN EN EL MODULO DE HOJA DE VIDA Y EL ACTA DE OTORGAMIENTO EN EL MODULO DE AYUDAS ECONOMICAS)Nota: Subir nuevamente Acta de Compromiso firmada"
1,29639,ORTIZ BASTIDAS ANY MAYTTE,Limitada economía,PENDIENTE,2026-08-09,2026-09-22,Actualizó datos personales
1,30891,ORTIZ SALTOS DARLIN JAVIER,Limitada economía,PENDIENTE,2026-08-19,2026-08-22,Actualizó datos personales
1,28274,OSORIO OLIVARES ARELIS YULIANA,Limitada economía,PENDIENTE,2026-08-01,2026-09-15,Actualizó datos personales
1,29095,OSTAIZA ZAPATA IVETH ANAYELLI,Limitada economía,PENDIENTE,2026-08-05,2026-09-14,Actualizó datos personales
1,28867,OYOLA MONCERRATE SALMA NAHOMI,Limitada economía,PENDIENTE,2026-08-04,2026-09-10,Actualizó datos personales
2,28867,OYOLA MONCERRATE SALMA NAHOMI,Limitada economía,PENDIENTE,2026-08-04,2026-09-10,Actualizó datos personales
3,28867,OYOLA MONCERRATE SALMA NAHOMI,Limitada economía,VALIDADO,2026-08-04,2026-10-02,
1,28168,PACA GOMEZ STEFANY GABRIELA,Limitada economía,PENDIENTE,2026-08-01,2026-09-15,Actualizó datos personales
1,30094,PACHECO MINDIOLA JOSSELYN JUANA,Limitada economía,PENDIENTE,2026-08-12,2026-08-31,Actualizó datos personales
1,29573,PACHECO MORAN JEFFERSON VIDAL,Limitada economía,PENDIENTE,2026-08-08,2026-09-11,Actualizó datos personales
2,29573,PACHECO MORAN JEFFERSON VIDAL,Limitada economía,PENDIENTE,2026-08-08,2026-09-11,Actualizó datos personales
1,30807,PACHECO PINCAY EDDER NICOLAS,Limitada economía,PENDIENTE,2026-08-14,2026-09-21,Actualizó datos personales
2,30807,PACHECO PINCAY EDDER NICOLAS,Limitada economía,VALIDADO,2026-08-14,2026-10-02,
1,29745,PACHECO REYES JHON JAIRO,Limitada economía,PENDIENTE,2026-08-10,2026-09-21,Actualizó datos personales
2,30517,PACHECO TERAN KAREN TATIANA,Limitada economía,PENDIENTE,2026-08-13,2026-09-09,Actualizó datos personales
1,30517,PACHECO TERAN KAREN TATIANA,Limitada economía,PENDIENTE,2026-08-13,2026-09-09,Actualizó datos personales
3,30517,PACHECO TERAN KAREN TATIANA,Limitada economía,OBSERVADO,2026-08-13,2026-10-05,"BUEN DIA ESTIMADA ESTUDIANTE POR FAVOR SUBIR COPIA DE CEDULA LEGIBLE, DE PREFERENCIA SUBIR LA CEDULA DIGITAL DE LA APP GOB.ECNota: Subir nuevamente Acta de Compromiso firmada"
1,27943,PADILLA APONTE ERICK JOSTIN,Limitada economía,PENDIENTE,2026-07-31,2026-08-18,Adicionó nueva acta de compromiso
1,28736,PALACIOS CHICHANDE GRACIELA CECILIA,Limitada economía,PENDIENTE,2026-08-04,2026-09-18,Actualizó datos personales
1,29620,PALACIOS DELGADO ERICSON ALEXANDER,Limitada economía,PENDIENTE,2026-08-09,2026-09-24,Actualizó datos personales
1,29451,PALACIOS GONZALEZ EDDIE LENIN,Limitada economía,PENDIENTE,2026-08-07,2026-09-18,Actualizó datos personales
2,29451,PALACIOS GONZALEZ EDDIE LENIN,Limitada economía,VALIDADO,2026-08-07,2026-10-02,
1,29326,PALACIOS SANCHEZ JUSTIN JEREMY,Limitada economía,PENDIENTE,2026-08-06,2026-09-22,Actualizó datos personales
1,29323,PALACIOS ZAMBRANO MAYRA MAYERLI,Limitada economía,PENDIENTE,2026-08-06,2026-09-11,Actualizó datos personales
2,29323,PALACIOS ZAMBRANO MAYRA MAYERLI,Limitada economía,PENDIENTE,2026-08-06,2026-09-11,Actualizó datos personales
1,28786,PALLO PINTO DANIEL ALEJANDRO,Limitada economía,PENDIENTE,2026-08-04,2026-09-19,Actualizó datos personales
2,28472,PALLO USHCO ESTEFANIA GISSELA,Limitada economía,PENDIENTE,2026-08-03,2026-09-10,Actualizó datos personales
1,28472,PALLO USHCO ESTEFANIA GISSELA,Limitada economía,PENDIENTE,2026-08-03,2026-09-10,Actualizó datos personales
1,30289,PALMA CARREÑO GEOVANNA NAYELY,Limitada economía,PENDIENTE,2026-08-13,2026-09-16,Actualizó datos personales
2,30289,PALMA CARREÑO GEOVANNA NAYELY,Limitada economía,OBSERVADO,2026-08-13,2026-10-05,"BUEN DIA ESTIMADA ESTUDIANTE POR FAVOR SUBIR COPIA DE CEDULA LEGIBLE, DE PREFERENCIA SUBIR LA CEDULA DIGITAL DE LA APP GOB.ECNota: Subir nuevamente Acta de Compromiso firmada"
1,30838,PALMA CASTRO EMILY YULEISI,Limitada economía,PENDIENTE,2026-08-15,2026-09-21,Actualizó datos personales
1,28331,PALMA GUAYAS KRISTHEL KATHERINE,Limitada economía,PENDIENTE,2026-08-02,2026-09-15,Actualizó datos personales
1,30871,PALMA MACAY CARLOS LEANDRO,Limitada economía,PENDIENTE,2026-08-17,2026-09-17,Actualizó datos personales
2,30871,PALMA MACAY CARLOS LEANDRO,Limitada economía,VALIDADO,2026-08-17,2026-10-05,
2,28231,PALMA MOLINA ALEX PAUL,Limitada economía,PENDIENTE,2026-08-01,2026-09-03,Actualizó datos personales
1,28231,PALMA MOLINA ALEX PAUL,Limitada economía,PENDIENTE,2026-08-01,2026-09-03,Actualizó datos personales
1,30130,PALMA MUÑIZ MARIA JOSE,Limitada economía,PENDIENTE,2026-08-12,2026-08-29,Actualizó datos personales
1,29704,PALMA QUIROZ MICHELLE ELIZABETH,Limitada economía,PENDIENTE,2026-08-10,2026-09-23,Actualizó datos personales
1,29703,PALMA QUIROZ PAUL ALEXANDER,Limitada economía,PENDIENTE,2026-08-10,2026-09-15,Actualizó datos personales
2,28127,PALMA RUIZ FELIX FERNANDO,Limitada economía,PENDIENTE,2026-07-31,2026-09-08,Actualizó datos personales
1,28127,PALMA RUIZ FELIX FERNANDO,Limitada economía,PENDIENTE,2026-07-31,2026-09-08,Actualizó datos personales
3,28127,PALMA RUIZ FELIX FERNANDO,Limitada economía,OBSERVADO,2026-07-31,2026-10-05,BUEN DIA ESTIMADO ESTUDIANTE POR FAVOR SUBIR ACTA DE COMPROMISO ESCANEADA EN FORMATO PDF LEGIBLE (NO FOTO) GRACIAS.Nota: Subir nuevamente Acta de Compromiso firmada
1,30805,PALOMO BURI JENNIFER MARICELA,Limitada economía,PENDIENTE,2026-08-14,2026-09-16,Actualizó datos personales
1,30001,PANAMA MURILLO MOISES ANTONIO,Limitada economía,PENDIENTE,2026-08-12,2026-09-18,Actualizó datos personales
2,30491,PANATA PILATAXI GERMAN DAVID,Limitada economía,PENDIENTE,2026-08-13,2026-09-12,Actualizó datos personales
1,30491,PANATA PILATAXI GERMAN DAVID,Limitada economía,PENDIENTE,2026-08-13,2026-09-12,Actualizó datos personales
1,30126,PANCHANA ESPINOZA NAHOMI JULIETH,Limitada economía,PENDIENTE,2026-08-12,2026-09-19,Actualizó datos personales
1,27798,PANTA VALVERDE BIANKA ANAIS,Limitada economía,PENDIENTE,2026-07-30,2026-09-22,Actualizó datos personales
1,28194,PANTALEON BARAHONA JHONATAN CARLOS,Limitada economía,PENDIENTE,2026-08-01,2026-08-27,Actualizó datos personales
2,28194,PANTALEON BARAHONA JHONATAN CARLOS,Limitada economía,VALIDADO,2026-08-01,2026-10-02,
1,28240,PAREDES NUÑEZ JOEL RENALDO,Limitada economía,PENDIENTE,2026-08-01,2026-09-20,Actualizó datos personales
1,27973,PAREDES PARRAGA ASHLEY LILIBETH,Limitada economía,PENDIENTE,2026-07-31,2026-09-24,Actualizó datos personales
1,28002,PAREDES ZAMBRANO ADONIS ALONSO,Limitada economía,PENDIENTE,2026-07-31,2026-08-29,Actualizó datos personales
1,30878,PARRA SANCHEZ SCARLET YUVIRI,Limitada economía,PENDIENTE,2026-08-18,2026-08-25,Actualizó datos personales
1,28053,PARRAGA ANDRADE ANTHONY JOEL,Limitada economía,PENDIENTE,2026-07-31,2026-09-20,Actualizó datos personales
1,30832,PARRAGA COELLO GEOVANNY JEAMPIERE,Limitada economía,PENDIENTE,2026-08-15,2026-09-15,Actualizó datos personales
2,30832,PARRAGA COELLO GEOVANNY JEAMPIERE,Limitada economía,VALIDADO,2026-08-15,2026-10-05,
1,29211,PARRAGA ESPINOZA JOSSELYN ANDREA,Limitada economía,PENDIENTE,2026-08-06,2026-08-31,Actualizó datos personales
1,29852,PARRAGA INTRIAGO GENESIS DEL PILAR,Limitada economía,PENDIENTE,2026-08-11,2026-09-12,Actualizó datos personales
2,29852,PARRAGA INTRIAGO GENESIS DEL PILAR,Limitada economía,PENDIENTE,2026-08-11,2026-09-12,Actualizó datos personales
1,29367,PARRAGA MACIAS JIMMY FERNANDO,Limitada economía,PENDIENTE,2026-08-07,2026-09-09,Actualizó datos personales
2,29367,PARRAGA MACIAS JIMMY FERNANDO,Limitada economía,PENDIENTE,2026-08-07,2026-09-09,Actualizó datos personales
2,27408,PARRAGA MACIAS MAHOLY MICHELLE,Limitada economía,PENDIENTE,2026-07-29,2026-09-09,Actualizó datos personales
1,27408,PARRAGA MACIAS MAHOLY MICHELLE,Limitada economía,PENDIENTE,2026-07-29,2026-09-09,Actualizó datos personales
1,29242,PARRAGA MORAN KRYSTHEL LISBETH,Limitada economía,PENDIENTE,2026-08-06,2026-09-16,Actualizó datos personales
1,30795,PARRALES JIMENEZ JORMAN ROLANDO,Limitada economía,PENDIENTE,2026-08-14,2026-09-16,Actualizó datos personales
1,28872,PARRALES MERO ERICKA GEOMAYRA,Limitada economía,PENDIENTE,2026-08-04,2026-09-03,Actualizó datos personales
2,28872,PARRALES MERO ERICKA GEOMAYRA,Limitada economía,PENDIENTE,2026-08-04,2026-09-03,Actualizó datos personales
2,28984,PASTO CUNCHI FANNY IBEL,Limitada economía,PENDIENTE,2026-08-05,2026-09-02,Actualizó datos personales
1,28984,PASTO CUNCHI FANNY IBEL,Limitada economía,PENDIENTE,2026-08-05,2026-09-02,Actualizó datos personales
1,29610,PASTUÑA PATANGO ANDERSON JOEL,Limitada economía,PENDIENTE,2026-08-09,2026-09-22,Actualizó datos personales
1,29680,PATIÑO ARAGUNDY KELANI ALINA,Limitada economía,PENDIENTE,2026-08-10,2026-09-17,Actualizó datos personales
1,30609,PAZMIÑO GUALPA GABRIELA STEFANIA,Limitada economía,PENDIENTE,2026-08-14,2026-09-24,Actualizó datos personales
1,29422,PAZMIÑO MONTACHANA JORGE ANIBAL,Limitada economía,PENDIENTE,2026-08-07,2026-09-09,Actualizó datos personales
2,29422,PAZMIÑO MONTACHANA JORGE ANIBAL,Limitada economía,PENDIENTE,2026-08-07,2026-09-09,Actualizó datos personales
1,30432,PEÑA BAYAS ANTONY ALEXIS,Limitada economía,PENDIENTE,2026-08-13,2026-09-15,Actualizó datos personales
1,29604,PEÑA RIERA HECTOR DAVID,Limitada economía,PENDIENTE,2026-08-09,2026-09-18,Actualizó datos personales
1,30789,PEÑA RODRIGUEZ ANTONELA NICOLE,Limitada economía,PENDIENTE,2026-08-14,2026-09-15,Actualizó datos personales
1,27919,PEÑAFIEL BRIONES VICTOR EDUARDO,Limitada economía,PENDIENTE,2026-07-31,2026-09-16,Actualizó datos personales
1,29754,PEÑAFIEL MONCAYO GRACE NICOLE,Limitada economía,PENDIENTE,2026-08-10,2026-09-16,Actualizó datos personales
2,30437,PEÑAFIEL SALTOS LEIDY GEANELLA,Limitada economía,PENDIENTE,2026-08-13,2026-09-11,Actualizó datos personales
1,30437,PEÑAFIEL SALTOS LEIDY GEANELLA,Limitada economía,PENDIENTE,2026-08-13,2026-09-11,Actualizó datos personales
1,27961,PEÑARANDA BRAVO EDWIN STEVEN,Limitada economía,PENDIENTE,2026-07-31,2026-09-17,Actualizó datos personales
2,27961,PEÑARANDA BRAVO EDWIN STEVEN,Limitada economía,VALIDADO,2026-07-31,2026-10-05,
1,29877,PEÑARRIETA CEDEÑO GYSLAINE JHOVANCA,Limitada economía,PENDIENTE,2026-08-11,2026-09-24,Actualizó datos personales
2,29877,PEÑARRIETA CEDEÑO GYSLAINE JHOVANCA,Limitada economía,VALIDADO,2026-08-11,2026-10-02,
1,28531,PEÑARRIETA DE LA CRUZ WILLIAN JAVIER,Limitada economía,PENDIENTE,2026-08-03,2026-09-18,Actualizó datos personales
1,29720,PERALTA CARRIEL DENISSE MISHELL,Limitada economía,PENDIENTE,2026-08-10,2026-09-14,Actualizó datos personales
1,29189,PERALTA DELVALLE ASHLEY LINDSAY,Limitada economía,PENDIENTE,2026-08-06,2026-09-10,Actualizó datos personales
2,29189,PERALTA DELVALLE ASHLEY LINDSAY,Limitada economía,PENDIENTE,2026-08-06,2026-09-10,Actualizó datos personales
1,29437,PERALTA LOPEZ KIMBERLYN MAYERLI,Limitada economía,PENDIENTE,2026-08-07,2026-09-17,Actualizó datos personales
1,29050,PERALTA MERO DAYANNA SHIRLENDY,Limitada economía,PENDIENTE,2026-08-05,2026-09-14,Actualizó datos personales
1,28070,PERALTA SEME ANA CRISTINA,Limitada economía,PENDIENTE,2026-07-31,2026-09-15,Actualizó datos personales
1,28556,PERALTA VARGAS JONATHAN WILLIAM,Limitada economía,PENDIENTE,2026-08-03,2026-09-22,Actualizó datos personales
2,28556,PERALTA VARGAS JONATHAN WILLIAM,Limitada economía,VALIDADO,2026-08-03,2026-10-02,
1,29986,PERALTA VERA LOURDES BRIGITHE,Limitada economía,PENDIENTE,2026-08-12,2026-09-21,Actualizó datos personales
1,28958,PEREIRA PALACIOS JHON JAIRO,Limitada economía,PENDIENTE,2026-08-05,2026-09-15,Actualizó datos personales
1,29254,PERERO ZUMBA DARWIN VLADIMIR,Limitada economía,PENDIENTE,2026-08-06,2026-09-22,Actualizó datos personales
1,27423,PERERO ZUMBA ISRAEL ANTONIO,Limitada economía,PENDIENTE,2026-07-29,2026-09-15,Actualizó datos personales
1,29090,PEREZ BRIONES MARCELA ANAHI,Limitada economía,PENDIENTE,2026-08-05,2026-09-15,Actualizó datos personales
1,27857,PEREZ GUEVARA JENNIFER TATIANA,Limitada economía,PENDIENTE,2026-07-30,2026-09-18,Actualizó datos personales
2,30136,PEREZ MENA JANDRY JOEL,Limitada economía,PENDIENTE,2026-08-12,2026-09-11,Actualizó datos personales
1,30136,PEREZ MENA JANDRY JOEL,Limitada economía,PENDIENTE,2026-08-12,2026-09-11,Actualizó datos personales
1,28963,PEREZ PERALTA JOHANNA YISMENIA,Limitada economía,PENDIENTE,2026-08-05,2026-09-22,Actualizó datos personales
1,30533,PEREZ RIVERA ANDRES SANTIAGO,Limitada economía,PENDIENTE,2026-08-13,2026-09-22,Actualizó datos personales
1,30256,PEREZ RODRIGUEZ CRISTINA ESMEIDA,Limitada economía,PENDIENTE,2026-08-13,2026-09-16,Actualizó datos personales
1,30810,PEREZ TAGLE MERCEDES VALENTINA,Limitada economía,PENDIENTE,2026-08-14,2026-09-15,Actualizó datos personales
1,28923,PICO BAQUE ANGELICA YELITZA,Limitada economía,PENDIENTE,2026-08-05,2026-09-16,Actualizó datos personales
1,28807,PICO CARVAJAL KARELYS GEOVANNA,Limitada economía,PENDIENTE,2026-08-04,2026-09-18,Actualizó datos personales
2,28807,PICO CARVAJAL KARELYS GEOVANNA,Limitada economía,VALIDADO,2026-08-04,2026-10-02,
1,27810,PICO MUÑOZ VICTORIA JANINE,Limitada economía,PENDIENTE,2026-07-30,2026-09-15,Actualizó datos personales
1,28533,PIGUAVE MONTAÑO NIXON ANTONIO,Limitada economía,PENDIENTE,2026-08-03,2026-09-21,Actualizó datos personales
1,28057,PILALO GONZALEZ MAYLYN PAMELA,Limitada economía,PENDIENTE,2026-07-31,2026-08-28,Actualizó datos personales
2,28057,PILALO GONZALEZ MAYLYN PAMELA,Limitada economía,VALIDADO,2026-07-31,2026-10-02,
1,30077,PILALO MORENO JUSTINE NICOLE,Limitada economía,PENDIENTE,2026-08-12,2026-08-31,Actualizó datos personales
1,30154,PILATASIG CHICAIZA WENDY ABIGAIL,Limitada economía,PENDIENTE,2026-08-13,2026-09-23,Actualizó datos personales
1,30696,PILLA BARDALES CARLOS JAVIER,Limitada economía,PENDIENTE,2026-08-14,2026-09-23,Actualizó datos personales
2,30696,PILLA BARDALES CARLOS JAVIER,Limitada economía,OBSERVADO,2026-08-14,2026-10-05,BUEN DIA ESTIMADO ESTUDIANTE POR FAVOR SUBIR COPIA DE CEDULA Y ACTA DE COMPROMISO ESCANEADOS EN FORMATO PDF LEGIBLE (NO FOTO) DE PREFERENCIA SUBIR LA CEDULA DIGITAL DE LA APP GOB.ECNota: Subir nuevamente Acta de Compromiso firmada
1,29747,PINARGOTE MARTILLO JULEXY CAROLINA,Limitada economía,PENDIENTE,2026-08-10,2026-09-23,Actualizó datos personales
2,29747,PINARGOTE MARTILLO JULEXY CAROLINA,Limitada economía,VALIDADO,2026-08-10,2026-10-05,
1,29489,PINARGOTE RODRIGUEZ ODALIS IVANNA,Limitada economía,PENDIENTE,2026-08-07,2026-09-13,Actualizó datos personales
1,28258,PINCAY CABEZAS KEVIN GABRIEL,Limitada economía,PENDIENTE,2026-08-01,2026-09-16,Actualizó datos personales
1,28862,PINCAY CARRANZA LISSETTE MARIUXI,Limitada economía,PENDIENTE,2026-08-04,2026-09-11,Actualizó datos personales
2,28862,PINCAY CARRANZA LISSETTE MARIUXI,Limitada economía,PENDIENTE,2026-08-04,2026-09-11,Actualizó datos personales
3,28862,PINCAY CARRANZA LISSETTE MARIUXI,Limitada economía,VALIDADO,2026-08-04,2026-10-02,
1,28661,PINCAY CEVALLOS BLANCA DEL ROCIO,Limitada economía,PENDIENTE,2026-08-04,2026-09-22,Actualizó datos personales
1,30761,PINCAY GARAICOA MELANNY THAIZ,Limitada economía,PENDIENTE,2026-08-14,2026-09-16,Actualizó datos personales
1,28312,PINCAY MOREIRA IVAN FABRICIO,Limitada economía,PENDIENTE,2026-08-02,2026-09-15,Actualizó datos personales
1,29510,PINCAY PIN PAOLA BEATRIZ,Limitada economía,PENDIENTE,2026-08-08,2026-09-17,Actualizó datos personales
2,29510,PINCAY PIN PAOLA BEATRIZ,Limitada economía,VALIDADO,2026-08-08,2026-10-05,
1,29076,PINCAY RODRIGUEZ MARIA LOURDES,Limitada economía,PENDIENTE,2026-08-05,2026-09-18,Actualizó datos personales
2,29678,PINCAY SALAZAR FLERIDA ANGELA,Limitada economía,PENDIENTE,2026-08-10,2026-09-08,Actualizó datos personales
1,29678,PINCAY SALAZAR FLERIDA ANGELA,Limitada economía,PENDIENTE,2026-08-10,2026-09-08,Actualizó datos personales
4,29678,PINCAY SALAZAR FLERIDA ANGELA,Limitada economía,OBSERVADO,2026-08-10,2026-10-05,"BUEN DIA ESTIMADA ESTUDIANTE POR FAVOR SUBIR COPIA DE CEDULA LEGIBLE, DE PREFERENCIA SUBIR LA CEDULA DIGITAL DE LA APP GOB.ECNota: Subir nuevamente Acta de Compromiso firmada"
3,29678,PINCAY SALAZAR FLERIDA ANGELA,Limitada economía,PENDIENTE,2026-08-10,2026-10-05,El estudiante actualizó el acta de compromiso y reenvió la solicitud a revisión financiera.
1,28406,PINEDA VILLAMAR GIANELLA STEPHANIA,Limitada economía,PENDIENTE,2026-08-03,2026-09-15,Actualizó datos personales
1,30753,PINELA PILAGUANO KATHERINE XIOMARA,Limitada economía,PENDIENTE,2026-08-14,2026-09-14,Actualizó datos personales
1,29244,PINTO LITARDO JHONNY LENIN,Limitada economía,PENDIENTE,2026-08-06,2026-09-18,Actualizó datos personales
2,29244,PINTO LITARDO JHONNY LENIN,Limitada economía,VALIDADO,2026-08-06,2026-10-05,
1,29128,PINTO YEPEZ JAHIR ANTONY,Limitada economía,PENDIENTE,2026-08-06,2026-09-11,Actualizó datos personales
2,29128,PINTO YEPEZ JAHIR ANTONY,Limitada economía,PENDIENTE,2026-08-06,2026-09-11,Actualizó datos personales
1,27333,PLAZA PISANAN JORGE ENRIQUE,Limitada economía,PENDIENTE,2026-07-29,2026-09-21,Actualizó datos personales
1,29099,PLAZARTE SUAREZ ARIEL ANTONIO,Limitada economía,PENDIENTE,2026-08-05,2026-09-20,Actualizó datos personales
1,28789,PLUA DE LA TORRE LUIS MARIO,Limitada economía,PENDIENTE,2026-08-04,2026-09-15,Actualizó datos personales
1,28817,PLUA PINARGOTE ELVIN AGUSTIN,Limitada economía,PENDIENTE,2026-08-04,2026-09-11,Actualizó datos personales
2,28817,PLUA PINARGOTE ELVIN AGUSTIN,Limitada economía,PENDIENTE,2026-08-04,2026-09-11,Actualizó datos personales
1,27851,PLUAS COELLO NOEMI JAMILETH,Limitada economía,PENDIENTE,2026-07-30,2026-09-22,Actualizó datos personales
2,30337,PLUAS ORTIZ OMAR ALEXANDER,Limitada economía,PENDIENTE,2026-08-13,2026-09-09,Actualizó datos personales
1,30337,PLUAS ORTIZ OMAR ALEXANDER,Limitada economía,PENDIENTE,2026-08-13,2026-09-09,Actualizó datos personales
3,30337,PLUAS ORTIZ OMAR ALEXANDER,Limitada economía,OBSERVADO,2026-08-13,2026-10-05,"BUEN DIA ESTIMADO ESTUDIANTE POR FAVOR SUBIR COPIA DE CEDULA LEGIBLE, DE PREFERENCIA SUBIR LA CEDULA DIGITAL DE LA APP GOB.ECNota: Subir nuevamente Acta de Compromiso firmada"
2,30595,POMA ANDRADE MARLON ROGGER,Limitada economía,PENDIENTE,2026-08-14,2026-09-10,Actualizó datos personales
1,30595,POMA ANDRADE MARLON ROGGER,Limitada economía,PENDIENTE,2026-08-14,2026-09-10,Actualizó datos personales
1,28551,PONCE MAYORGA BIANCA CECIBEL,Limitada economía,PENDIENTE,2026-08-03,2026-09-17,Actualizó datos personales
1,27922,PONCE MEDINA MAURA ESTHELA,Limitada economía,PENDIENTE,2026-07-31,2026-08-28,Actualizó datos personales
2,27922,PONCE MEDINA MAURA ESTHELA,Limitada economía,VALIDADO,2026-07-31,2026-10-02,
1,30846,PONCE QUIMI JOEL MAXIMILIANO,Limitada economía,PENDIENTE,2026-08-15,2026-09-18,Actualizó datos personales
2,30846,PONCE QUIMI JOEL MAXIMILIANO,Limitada economía,VALIDADO,2026-08-15,2026-10-02,
2,29993,PONCE ROQUE XIMENA ANAHY,Limitada economía,PENDIENTE,2026-08-12,2026-09-11,Actualizó datos personales
1,29993,PONCE ROQUE XIMENA ANAHY,Limitada economía,PENDIENTE,2026-08-12,2026-09-11,Actualizó datos personales
1,30726,PONTON FERNANDEZ ELOISA DELLANIRA,Limitada economía,PENDIENTE,2026-08-14,2026-09-21,Actualizó datos personales
2,28962,PORTILLA ESPINALES DAVID JONATHAN,Limitada economía,PENDIENTE,2026-08-05,2026-09-08,Actualizó datos personales
1,28962,PORTILLA ESPINALES DAVID JONATHAN,Limitada economía,PENDIENTE,2026-08-05,2026-09-08,Actualizó datos personales
3,28962,PORTILLA ESPINALES DAVID JONATHAN,Limitada economía,OBSERVADO,2026-08-05,2026-10-05,BUEN DIA ESTIMADO ESTUDIANTE POR FAVOR SUBIR ACTA DE COMPROMISO ESCANEADA EN FORMATO PDF LEGIBLE (NO FOTO) GRACIASNota: Subir nuevamente Acta de Compromiso firmada
2,30319,POSLIGUA BAJAÑA LUIS ADRIAN,Limitada economía,PENDIENTE,2026-08-13,2026-09-09,Actualizó datos personales
1,30319,POSLIGUA BAJAÑA LUIS ADRIAN,Limitada economía,PENDIENTE,2026-08-13,2026-09-09,Actualizó datos personales
1,29691,POSLIGUA PISCO JOSTIN JOSE,Limitada economía,PENDIENTE,2026-08-10,2026-08-31,Actualizó datos personales
2,29691,POSLIGUA PISCO JOSTIN JOSE,Limitada economía,VALIDADO,2026-08-10,2026-10-02,
1,27186,POVEA RAMIREZ STEVEN DAVID,Limitada economía,PENDIENTE,2026-07-29,2026-09-21,Actualizó datos personales
1,30954,POVEDA POVEDA ANDREA LISETH,Limitada economía,PENDIENTE,2026-08-27,2026-09-17,Actualizó datos personales
2,30954,POVEDA POVEDA ANDREA LISETH,Limitada economía,VALIDADO,2026-08-27,2026-10-05,
2,29334,PROAÑO MEDINA ARELIS DENNISE,Limitada economía,PENDIENTE,2026-08-07,2026-09-12,Actualizó datos personales
1,29334,PROAÑO MEDINA ARELIS DENNISE,Limitada economía,PENDIENTE,2026-08-07,2026-09-12,Actualizó datos personales
1,28710,PUCHA CABRERA JHONATHAN ALEXIS,Limitada economía,PENDIENTE,2026-08-04,2026-09-18,Actualizó datos personales
2,28710,PUCHA CABRERA JHONATHAN ALEXIS,Limitada economía,VALIDADO,2026-08-04,2026-10-02,
1,30011,PUMA CELA ESTRELLA MIGUELINA,Limitada economía,PENDIENTE,2026-08-12,2026-09-13,Actualizó datos personales
1,28249,QUEVEDO OLIVO JORDAN STEVEN,Limitada economía,PENDIENTE,2026-08-01,2026-09-17,Actualizó datos personales
1,29045,QUEZADA TOAPANTA LUCIA MARIA,Limitada economía,PENDIENTE,2026-08-05,2026-09-11,Actualizó datos personales
2,29045,QUEZADA TOAPANTA LUCIA MARIA,Limitada economía,PENDIENTE,2026-08-05,2026-09-11,Actualizó datos personales
1,30588,QUILLE CHIMBO BRYAN STALIN,Limitada economía,PENDIENTE,2026-08-14,2026-09-22,Actualizó datos personales
1,28135,QUILUMBA MASAPANTA KATTY YOMIRA,Limitada economía,PENDIENTE,2026-07-31,2026-09-22,Actualizó datos personales
1,28907,QUIMBIULCO ALMACHI ANGELA MAYERLI,Limitada economía,PENDIENTE,2026-08-04,2026-09-17,Actualizó datos personales
2,28978,QUIÑONEZ CASTRO ELVIA MAYERLI,Limitada economía,PENDIENTE,2026-08-05,2026-09-10,Actualizó datos personales
1,28978,QUIÑONEZ CASTRO ELVIA MAYERLI,Limitada economía,PENDIENTE,2026-08-05,2026-09-10,Actualizó datos personales
2,27768,QUIÑONEZ CHOEZ DARWIN ARIEL,Limitada economía,PENDIENTE,2026-07-30,2026-09-08,Actualizó datos personales
1,27768,QUIÑONEZ CHOEZ DARWIN ARIEL,Limitada economía,PENDIENTE,2026-07-30,2026-09-08,Actualizó datos personales
1,28909,QUIÑONEZ CHOEZ DAYANA JAMILETH,Limitada economía,PENDIENTE,2026-08-04,2026-09-23,Actualizó datos personales
1,30008,QUIÑONEZ GARCIA ANGIE MAYERLI,Limitada economía,PENDIENTE,2026-08-12,2026-09-22,Actualizó datos personales
1,28967,QUIÑONEZ HERRERA CINTHYA CECIBEL,Limitada economía,PENDIENTE,2026-08-05,2026-09-22,Actualizó datos personales
1,28326,QUIÑONEZ MENDOZA ANTHONY ALEJANDRO,Limitada economía,PENDIENTE,2026-08-02,2026-09-22,Actualizó datos personales
1,28023,QUIÑONEZ NICOLTA JOMAYRA KATHERINE,Limitada economía,PENDIENTE,2026-07-31,2026-09-23,Actualizó datos personales
2,28716,QUIÑONEZ VALENCIA ZOILA LUCIA,Limitada economía,PENDIENTE,2026-08-04,2026-09-11,Actualizó datos personales
1,28716,QUIÑONEZ VALENCIA ZOILA LUCIA,Limitada economía,PENDIENTE,2026-08-04,2026-09-11,Actualizó datos personales
1,28991,QUINTANA CALDERON DIANA KARELYS,Limitada economía,PENDIENTE,2026-08-05,2026-09-21,Actualizó datos personales
2,28991,QUINTANA CALDERON DIANA KARELYS,Limitada economía,VALIDADO,2026-08-05,2026-10-02,
1,28792,QUINTANA LUNA JOEL ARIEL,Limitada economía,PENDIENTE,2026-08-04,2026-09-11,Actualizó datos personales
2,28792,QUINTANA LUNA JOEL ARIEL,Limitada economía,PENDIENTE,2026-08-04,2026-09-11,Actualizó datos personales
1,30492,QUINTANA RIVADENEIRA KENIA MAYERLI,Limitada economía,PENDIENTE,2026-08-13,2026-09-16,Actualizó datos personales
1,28146,QUINTO DOMINGUEZ STEFANY LUCIA,Limitada economía,PENDIENTE,2026-07-31,2026-08-15,Adicionó nueva acta de compromiso
1,28508,QUIROZ ALCIVAR DARLING ARIEL,Limitada economía,PENDIENTE,2026-08-03,2026-09-09,Actualizó datos personales
2,28508,QUIROZ ALCIVAR DARLING ARIEL,Limitada economía,PENDIENTE,2026-08-03,2026-09-09,Actualizó datos personales
1,30497,QUIROZ NARANJO YARETH MAHOLY,Limitada economía,PENDIENTE,2026-08-13,2026-09-14,Actualizó datos personales
2,30644,RAMIREZ CAMBO STEVEN DANNY,Limitada economía,PENDIENTE,2026-08-14,2026-09-08,Actualizó datos personales
1,30644,RAMIREZ CAMBO STEVEN DANNY,Limitada economía,PENDIENTE,2026-08-14,2026-09-08,Actualizó datos personales
1,29589,RAMIREZ CASTRO DANIELA JARITZA,Limitada economía,PENDIENTE,2026-08-08,2026-09-16,Actualizó datos personales
1,29168,RAMIREZ CEDEÑO GEMA LISSETH,Limitada economía,PENDIENTE,2026-08-06,2026-09-17,Actualizó datos personales
2,29168,RAMIREZ CEDEÑO GEMA LISSETH,Limitada economía,VALIDADO,2026-08-06,2026-10-02,
2,30840,RAMIREZ COELLO GLADYS NAYELY,Limitada economía,PENDIENTE,2026-08-15,2026-09-11,Actualizó datos personales
1,30840,RAMIREZ COELLO GLADYS NAYELY,Limitada economía,PENDIENTE,2026-08-15,2026-09-11,Actualizó datos personales
1,27865,RAMIREZ FIGUEROA LOURDES TATIANA,Limitada economía,PENDIENTE,2026-07-30,2026-08-28,Actualizó datos personales
2,28624,RAMIREZ INTRIAGO ARIANNA ESTHER,Limitada economía,PENDIENTE,2026-08-03,2026-09-10,Actualizó datos personales
1,28624,RAMIREZ INTRIAGO ARIANNA ESTHER,Limitada economía,PENDIENTE,2026-08-03,2026-09-10,Actualizó datos personales
1,27994,RAMIREZ LOPEZ MAYRA YAMILETH,Limitada economía,PENDIENTE,2026-07-31,2026-09-18,Actualizó datos personales
1,28483,RAMIREZ RUIZ MISHEL MYLENA,Limitada economía,PENDIENTE,2026-08-03,2026-09-22,Actualizó datos personales
2,28483,RAMIREZ RUIZ MISHEL MYLENA,Limitada economía,VALIDADO,2026-08-03,2026-10-02,
1,29908,RAMIREZ ZAMBRANO ANGEL GERMAN,Limitada economía,PENDIENTE,2026-08-11,2026-09-20,Actualizó datos personales
2,29908,RAMIREZ ZAMBRANO ANGEL GERMAN,Limitada economía,VALIDADO,2026-08-11,2026-10-02,
2,29591,RAMON AREVALO JHONATHAN RICARDO,Limitada economía,PENDIENTE,2026-08-09,2026-09-03,Actualizó datos personales
1,29591,RAMON AREVALO JHONATHAN RICARDO,Limitada economía,PENDIENTE,2026-08-09,2026-09-03,Actualizó datos personales
1,29219,RAMOS BEDON JENIFFER ALEXANDRA,Limitada economía,PENDIENTE,2026-08-06,2026-09-18,Actualizó datos personales
2,30515,RAMOS CASTAÑEDA WENDY GISELLA,Limitada economía,PENDIENTE,2026-08-13,2026-09-11,Actualizó datos personales
1,30515,RAMOS CASTAÑEDA WENDY GISELLA,Limitada economía,PENDIENTE,2026-08-13,2026-09-11,Actualizó datos personales
1,28327,RAMOS FUENTES JEAN CARLOS,Limitada economía,PENDIENTE,2026-08-02,2026-09-09,Actualizó datos personales
2,28327,RAMOS FUENTES JEAN CARLOS,Limitada economía,PENDIENTE,2026-08-02,2026-09-09,Actualizó datos personales
2,30372,RAMOS HEREDIA LUIGGUI JHOAN,Limitada economía,PENDIENTE,2026-08-13,2026-09-09,Actualizó datos personales
1,30372,RAMOS HEREDIA LUIGGUI JHOAN,Limitada economía,PENDIENTE,2026-08-13,2026-09-09,Actualizó datos personales
2,29181,RAMOS MUÑOZ NAYELI DANIELA,Limitada economía,PENDIENTE,2026-08-06,2026-09-08,Actualizó datos personales
1,29181,RAMOS MUÑOZ NAYELI DANIELA,Limitada economía,PENDIENTE,2026-08-06,2026-09-08,Actualizó datos personales
1,30887,RAMOS RIZZO KELLY KARINA,Limitada economía,PENDIENTE,2026-08-18,2026-09-15,Actualizó datos personales
1,30254,RAMOS ROJAS PAULINA NICOL,Limitada economía,PENDIENTE,2026-08-13,2026-09-17,Actualizó datos personales
1,29760,REINA ALAVA RAQUEL ROCIO,Limitada economía,PENDIENTE,2026-08-11,2026-09-21,Actualizó datos personales
1,30902,REINADO PALMA NEXAR GABRIEL,Limitada economía,PENDIENTE,2026-08-20,2026-08-25,Actualizó datos personales
1,30226,REINOSO CEDEÑO DAYANA ARACELLY,Limitada economía,PENDIENTE,2026-08-13,2026-09-25,Actualizó datos personales
1,29376,RENDON JIMENEZ ANTHONY PAULINO,Limitada economía,PENDIENTE,2026-08-07,2026-08-27,Actualizó datos personales
1,29624,RENDON MAGALLON IRENE LILIBETH,Limitada economía,PENDIENTE,2026-08-09,2026-09-22,Actualizó datos personales
2,29624,RENDON MAGALLON IRENE LILIBETH,Limitada economía,VALIDADO,2026-08-09,2026-10-02,
1,29129,RENDON PONCE VIVIANA LISBETH,Limitada economía,PENDIENTE,2026-08-06,2026-09-23,Actualizó datos personales
2,30195,RENDON ZAMBRANO LIZ EDUMARY,Limitada economía,PENDIENTE,2026-08-13,2026-09-10,Actualizó datos personales
1,30195,RENDON ZAMBRANO LIZ EDUMARY,Limitada economía,PENDIENTE,2026-08-13,2026-09-10,Actualizó datos personales
1,30334,RENGEL BRAVO ESTEFANY MAYLIN,Limitada economía,PENDIENTE,2026-08-13,2026-09-16,Actualizó datos personales
1,27821,RENGEL BRAVO JOSSELIN NICOLE,Limitada economía,PENDIENTE,2026-07-30,2026-09-19,Actualizó datos personales
1,29635,RENTERIA CONTRERAS NORKA MORELBA,Limitada economía,PENDIENTE,2026-08-09,2026-09-14,Actualizó datos personales
1,30330,RENTERIA VELEZ ASHLY NICOLLE,Limitada economía,PENDIENTE,2026-08-13,2026-09-15,Actualizó datos personales
1,29001,RENTERIA VELEZ NAHOMY MARILEY,Limitada economía,PENDIENTE,2026-08-05,2026-09-10,Actualizó datos personales
2,29001,RENTERIA VELEZ NAHOMY MARILEY,Limitada economía,PENDIENTE,2026-08-05,2026-09-10,Actualizó datos personales
1,29028,REVELO ALCIVAR EVELIN TATIANA,Limitada economía,PENDIENTE,2026-08-05,2026-09-22,Actualizó datos personales
1,29117,REY BENAVIDES HANZ  ARTEMIO,Limitada economía,PENDIENTE,2026-08-05,2026-09-16,Actualizó datos personales
1,29524,REYES BOBADILLA DIANA MARICELA,Limitada economía,PENDIENTE,2026-08-08,2026-09-21,Actualizó datos personales
2,29524,REYES BOBADILLA DIANA MARICELA,Limitada economía,VALIDADO,2026-08-08,2026-10-02,
1,27255,REYES CORTEZ DAYANA YARITZA,Limitada economía,PENDIENTE,2026-07-29,2026-09-22,Actualizó datos personales
1,30435,REYES LLANOS CINTHYA ANAHI,Limitada economía,PENDIENTE,2026-08-13,2026-09-18,Actualizó datos personales
1,30626,REYNA MOROCHO KYMBERLI CECILIA,Limitada economía,PENDIENTE,2026-08-14,2026-09-15,Actualizó datos personales
1,29434,REYNA SORIA KARLA STEPHANY,Limitada economía,PENDIENTE,2026-08-07,2026-09-18,Actualizó datos personales
1,29428,REYNA SORIA NIURKA DAYANA,Limitada economía,PENDIENTE,2026-08-07,2026-08-27,Actualizó datos personales
2,29428,REYNA SORIA NIURKA DAYANA,Limitada economía,VALIDADO,2026-08-07,2026-10-02,
1,28017,RIERA PALACIOS JOE ULISES,Limitada economía,PENDIENTE,2026-07-31,2026-09-11,Actualizó datos personales
2,28017,RIERA PALACIOS JOE ULISES,Limitada economía,PENDIENTE,2026-07-31,2026-09-11,Actualizó datos personales
1,28333,RINCONES MORALES NAYLA DOMENICA,Limitada economía,PENDIENTE,2026-08-02,2026-09-17,Actualizó datos personales
1,30842,RIOFRIO MAZA AMALIA MAILY,Limitada economía,PENDIENTE,2026-08-15,2026-09-16,Actualizó datos personales
1,28444,RISCO PISCO EDWIN LEONEL,Limitada economía,PENDIENTE,2026-08-03,2026-09-17,Actualizó datos personales
1,27872,RIVADENEIRA SANCHEZ MAHOLY XIMENA,Limitada economía,PENDIENTE,2026-07-30,2026-09-16,Actualizó datos personales
2,30758,RIVAS CARRIEL ANDREINA JACKELINE,Limitada economía,PENDIENTE,2026-08-14,2026-09-09,Actualizó datos personales
1,30758,RIVAS CARRIEL ANDREINA JACKELINE,Limitada economía,PENDIENTE,2026-08-14,2026-09-09,Actualizó datos personales
1,30647,RIVAS FIGUEROA INGRID CAROLINA,Limitada economía,PENDIENTE,2026-08-14,2026-09-18,Actualizó datos personales
2,28818,RIVAS IBARRA ANGESKA ADRIANA,Limitada economía,PENDIENTE,2026-08-04,2026-09-11,Actualizó datos personales
1,28818,RIVAS IBARRA ANGESKA ADRIANA,Limitada economía,PENDIENTE,2026-08-04,2026-09-11,Actualizó datos personales
1,27826,RIVAS MATIAS DAVID ALEJANDRO,Limitada economía,PENDIENTE,2026-07-30,2026-08-27,Actualizó datos personales
2,27826,RIVAS MATIAS DAVID ALEJANDRO,Limitada economía,OBSERVADO,2026-07-30,2026-10-02,"SALUDOS SR. RIVAS, POR FAVOR ACTUALIZAR CEDULA DE MAYOR DE EDAD Y EL CERTIFICADO BANCARIO DEL AÑO 2026, AMBOS EN EL MODULO DE HOJA DE VIDA, TAMBIEN VERIFICAR QUE LA FIRMA DEL ACTA SEA IGUAL A LA FIRMA DE SU NUEVO DOCUMENTO DE IDENTIDAD.Nota: Subir nuevamente Acta de Compromiso firmada"
1,29363,RIVAS MERA RAIZA ELOISA,Limitada economía,PENDIENTE,2026-08-07,2026-09-09,Actualizó datos personales
2,29363,RIVAS MERA RAIZA ELOISA,Limitada economía,PENDIENTE,2026-08-07,2026-09-09,Actualizó datos personales
1,28773,RIVAS PILOSO DAYVER YAHIR,Limitada economía,PENDIENTE,2026-08-04,2026-09-23,Actualizó datos personales
1,30063,RIVERA BARROS JOSE PAUL,Limitada economía,PENDIENTE,2026-08-12,2026-08-27,Actualizó datos personales
1,30731,RIVERA BOSQUEZ RICHARD JAHIR,Limitada economía,PENDIENTE,2026-08-14,2026-09-22,Actualizó datos personales
1,29551,RIVERA CARANQUI NATHALY LISSBETH,Limitada economía,PENDIENTE,2026-08-08,2026-09-14,Actualizó datos personales
1,28835,RIVERA CUENCA DIANA ALEJANDRA,Limitada economía,PENDIENTE,2026-08-04,2026-09-11,Actualizó datos personales
2,28835,RIVERA CUENCA DIANA ALEJANDRA,Limitada economía,PENDIENTE,2026-08-04,2026-09-11,Actualizó datos personales
1,29160,RIVERA ESPINOZA ARIEL JOSUA,Limitada economía,PENDIENTE,2026-08-06,2026-09-21,Actualizó datos personales
1,30271,RIVERA MORAN AYLING TAMARA,Limitada economía,PENDIENTE,2026-08-13,2026-09-18,Actualizó datos personales
1,28714,RIVERA MOREIRA SANDRA ELIZABETH,Limitada economía,PENDIENTE,2026-08-04,2026-09-22,Actualizó datos personales
1,28649,RIVERA OBANDO MERCY ANNABELL,Limitada economía,PENDIENTE,2026-08-03,2026-09-17,Actualizó datos personales
1,30414,RIVERA RAMOS MELANIE GABRIELA,Limitada economía,PENDIENTE,2026-08-13,2026-09-18,Actualizó datos personales
2,30414,RIVERA RAMOS MELANIE GABRIELA,Limitada economía,VALIDADO,2026-08-13,2026-10-02,
2,28485,RIVERA VARGAS PABLO CESAR,Limitada economía,PENDIENTE,2026-08-03,2026-09-02,Actualizó datos personales
1,28485,RIVERA VARGAS PABLO CESAR,Limitada economía,PENDIENTE,2026-08-03,2026-09-02,Actualizó datos personales
2,28878,RIZO GANCHOSO JOSELIN KASANDRA,Limitada economía,PENDIENTE,2026-08-04,2026-09-08,Actualizó datos personales
1,28878,RIZO GANCHOSO JOSELIN KASANDRA,Limitada economía,PENDIENTE,2026-08-04,2026-09-08,Actualizó datos personales
1,28933,RIZZO CHILA CRISTHIAN GABRIEL,Limitada economía,PENDIENTE,2026-08-05,2026-09-22,Actualizó datos personales
1,30708,ROBLES RODRIGUEZ CARLOS ENRIQUE,Limitada economía,PENDIENTE,2026-08-14,2026-09-11,Actualizó datos personales
2,30708,ROBLES RODRIGUEZ CARLOS ENRIQUE,Limitada economía,PENDIENTE,2026-08-14,2026-09-11,Actualizó datos personales
1,30299,ROCA SUAREZ LILIBETH CARMEN,Limitada economía,PENDIENTE,2026-08-13,2026-09-11,Actualizó datos personales
2,30299,ROCA SUAREZ LILIBETH CARMEN,Limitada economía,PENDIENTE,2026-08-13,2026-09-11,Actualizó datos personales
4,30299,ROCA SUAREZ LILIBETH CARMEN,Limitada economía,OBSERVADO,2026-08-13,2026-10-02,"SALUDOS SRTA. ROCA, POR FAVOR ACTUALIZAR CEDULA DE MAYOR DE EDAD Y COMPLETA (AMBOS LADOS), EL CERTIFICADO BANCARIO DEL AÑO 2026, AMBOS EN EL MODULO DE HOJA DE VIDA, TAMBIEN VERIFICAR QUE LA FIRMA DEL ACTA SEA IGUAL A LA FIRMA DE SU NUEVO DOCUMENTO DE IDENTIDAD.Nota: Subir nuevamente Acta de Compromiso firmada"
3,30299,ROCA SUAREZ LILIBETH CARMEN,Limitada economía,PENDIENTE,2026-08-13,2026-10-02,El estudiante actualizó el acta de compromiso y reenvió la solicitud a revisión financiera.
1,30406,RODRIGUEZ AVILA DIANA CAROLINA,Limitada economía,PENDIENTE,2026-08-13,2026-09-16,Actualizó datos personales
1,28603,RODRIGUEZ CEDEÑO JAMILETH GABRIELA,Limitada economía,PENDIENTE,2026-08-03,2026-09-01,Actualizó datos personales
2,28603,RODRIGUEZ CEDEÑO JAMILETH GABRIELA,Limitada economía,PENDIENTE,2026-08-03,2026-09-01,Actualizó datos personales
1,30662,RODRIGUEZ COELLO ALCIVIADES PAUL,Limitada economía,PENDIENTE,2026-08-14,2026-08-28,Actualizó datos personales
2,30662,RODRIGUEZ COELLO ALCIVIADES PAUL,Limitada economía,VALIDADO,2026-08-14,2026-10-02,
1,30290,RODRIGUEZ CUSME MARINA LISBETH,Limitada economía,PENDIENTE,2026-08-13,2026-08-31,Actualizó datos personales
1,28992,RODRIGUEZ DUARTE AIDA ANNABELL,Limitada economía,PENDIENTE,2026-08-05,2026-09-16,Actualizó datos personales
1,30681,RODRIGUEZ MENDOZA CRISTIAN ALFREDO,Limitada economía,PENDIENTE,2026-08-14,2026-09-17,Actualizó datos personales
2,30681,RODRIGUEZ MENDOZA CRISTIAN ALFREDO,Limitada economía,VALIDADO,2026-08-14,2026-10-02,
1,29110,RODRIGUEZ PARRAGA JOSUE GERARDO,Limitada economía,PENDIENTE,2026-08-05,2026-09-23,Actualizó datos personales
2,29062,RODRIGUEZ PORRO IRENE LINSAY,Limitada economía,PENDIENTE,2026-08-05,2026-09-08,Actualizó datos personales
1,29062,RODRIGUEZ PORRO IRENE LINSAY,Limitada economía,PENDIENTE,2026-08-05,2026-09-08,Actualizó datos personales
1,29685,RODRIGUEZ RODRIGUEZ ASHLY NAYELY,Limitada economía,PENDIENTE,2026-08-10,2026-09-23,Actualizó datos personales
2,29685,RODRIGUEZ RODRIGUEZ ASHLY NAYELY,Limitada economía,VALIDADO,2026-08-10,2026-10-02,
1,30791,RODRIGUEZ SACON DENNESIS BRISEYDA,Limitada economía,PENDIENTE,2026-08-14,2026-09-18,Actualizó datos personales
2,30791,RODRIGUEZ SACON DENNESIS BRISEYDA,Limitada economía,VALIDADO,2026-08-14,2026-10-02,
1,30023,RODRIGUEZ SARMIENTO JEHIEL JEREMIAS,Limitada economía,PENDIENTE,2026-08-12,2026-09-22,Actualizó datos personales
1,28857,RODRIGUEZ TUBAY JAIR ISIDRO,Limitada economía,PENDIENTE,2026-08-04,2026-09-17,Actualizó datos personales
1,30544,RODRIGUEZ VERA ZORAIDA ELISA,Limitada economía,PENDIENTE,2026-08-14,2026-09-24,Actualizó datos personales
1,28378,RODRIGUEZ YEPEZ BIANCA BRIGGITTE,Limitada economía,PENDIENTE,2026-08-02,2026-09-15,Actualizó datos personales
1,27871,ROJAS LOOR DARLING RODOLFO,Limitada economía,PENDIENTE,2026-07-30,2026-09-24,Actualizó datos personales
2,27871,ROJAS LOOR DARLING RODOLFO,Limitada economía,VALIDADO,2026-07-30,2026-10-02,
1,30196,ROJAS NAVARRETE ANDY JOEL,Limitada economía,PENDIENTE,2026-08-13,2026-09-17,Actualizó datos personales
1,29583,ROJAS SANTOS HECTOR JAVIER,Limitada economía,PENDIENTE,2026-08-08,2026-09-23,Actualizó datos personales
1,28955,ROLDAN CEDEÑO JUAN PABLO,Limitada economía,PENDIENTE,2026-08-05,2026-09-16,Actualizó datos personales
1,28191,ROLDAN QUINDE KAREN MISHELLE,Limitada economía,PENDIENTE,2026-08-01,2026-09-11,Actualizó datos personales
2,28191,ROLDAN QUINDE KAREN MISHELLE,Limitada economía,PENDIENTE,2026-08-01,2026-09-11,Actualizó datos personales
1,30430,ROMAN MEDINA JULADIE ESTEFANIE,Limitada economía,PENDIENTE,2026-08-13,2026-09-23,Actualizó datos personales
1,30428,ROMAN MEDINA VERONICA LISSBETH,Limitada economía,PENDIENTE,2026-08-13,2026-09-17,Actualizó datos personales
1,30160,ROMERO ALCIVAR ELIAS JOSUE,Limitada economía,PENDIENTE,2026-08-13,2026-09-21,Actualizó datos personales
1,27414,ROMERO CABRERA RUTH ELISA,Limitada economía,PENDIENTE,2026-07-29,2026-09-18,Actualizó datos personales
1,30293,ROMERO CHACON LISETH JAMILETH,Limitada economía,PENDIENTE,2026-08-13,2026-09-17,Actualizó datos personales
1,28210,ROMERO GILER RUBEN CALIXTO,Limitada economía,PENDIENTE,2026-08-01,2026-09-21,Actualizó datos personales
2,28210,ROMERO GILER RUBEN CALIXTO,Limitada economía,VALIDADO,2026-08-01,2026-10-02,
1,29536,ROMERO LOOR REYNA ISABEL,Limitada economía,PENDIENTE,2026-08-08,2026-09-16,Actualizó datos personales
1,28874,ROMERO MACIAS JOMIRA MARCELA,Limitada economía,PENDIENTE,2026-08-04,2026-09-09,Actualizó datos personales
2,28874,ROMERO MACIAS JOMIRA MARCELA,Limitada economía,PENDIENTE,2026-08-04,2026-09-09,Actualizó datos personales
1,29817,ROMERO ORRALA DAYANA LILIBETH,Limitada economía,PENDIENTE,2026-08-11,2026-09-18,Actualizó datos personales
1,30114,ROMERO PALATE KRISTHEL JULIET,Limitada economía,PENDIENTE,2026-08-12,2026-09-16,Actualizó datos personales
1,28996,ROMERO PIGUAVE ARIANNA MICHELL,Limitada economía,PENDIENTE,2026-08-05,2026-09-16,Actualizó datos personales
1,30464,ROMERO SALAZAR MADELINE JUSMEY,Limitada economía,PENDIENTE,2026-08-13,2026-09-24,Actualizó datos personales
1,30404,ROMERO VALENCIA LEYDI DAYANA,Limitada economía,PENDIENTE,2026-08-13,2026-09-15,Actualizó datos personales
2,30405,ROMERO VERA DAYANA JAMILET,Limitada economía,PENDIENTE,2026-08-13,2026-09-11,Actualizó datos personales
1,30405,ROMERO VERA DAYANA JAMILET,Limitada economía,PENDIENTE,2026-08-13,2026-09-11,Actualizó datos personales
1,29927,ROMERO VILLACIS ALLISON NICOLE,Limitada economía,PENDIENTE,2026-08-11,2026-09-21,Actualizó datos personales
1,29200,ROMERO ZAMBRANO JOSUE ISAIAS,Limitada economía,PENDIENTE,2026-08-06,2026-09-20,Actualizó datos personales
1,28709,RONQUILLO DAQUI YULEXI NICOL,Limitada economía,PENDIENTE,2026-08-04,2026-09-14,Actualizó datos personales
1,27700,RONQUILLO GUADAMUD MARIA FERNANDA,Limitada economía,PENDIENTE,2026-07-30,2026-09-16,Actualizó datos personales
1,29438,ROSADO ALVARADO ALLISON GEOMAYRA,Limitada economía,PENDIENTE,2026-08-07,2026-09-15,Actualizó datos personales
1,30553,ROSADO AZANZA KEVIN RAUL,Limitada economía,PENDIENTE,2026-08-14,2026-09-22,Actualizó datos personales
1,30744,ROSADO GUERRA ALEXANDER JOSUE,Limitada economía,PENDIENTE,2026-08-14,2026-09-10,Actualizó datos personales
2,30744,ROSADO GUERRA ALEXANDER JOSUE,Limitada economía,PENDIENTE,2026-08-14,2026-09-10,Actualizó datos personales
1,28577,ROSADO MORANTE GISSELA ALEXANDRA,Limitada economía,PENDIENTE,2026-08-03,2026-09-16,Actualizó datos personales
1,29191,ROSADO MURILLO YAROD FRANCISCO,Limitada economía,PENDIENTE,2026-08-06,2026-09-10,Actualizó datos personales
2,29191,ROSADO MURILLO YAROD FRANCISCO,Limitada economía,PENDIENTE,2026-08-06,2026-09-10,Actualizó datos personales
1,29273,ROSERO CUZCO NAGELLY FERNANDA,Limitada economía,PENDIENTE,2026-08-06,2026-09-21,Actualizó datos personales
1,28906,RUALES ZAMBRANO GEMA YULEXY,Limitada economía,PENDIENTE,2026-08-04,2026-09-20,Actualizó datos personales
1,27275,RUIZ CAICEDO JOEL ALEJANDRO,Limitada economía,PENDIENTE,2026-07-29,2026-09-23,Actualizó datos personales
1,30367,RUIZ CHICO HAYDY JUSBELY,Limitada economía,PENDIENTE,2026-08-13,2026-09-11,Actualizó datos personales
2,30367,RUIZ CHICO HAYDY JUSBELY,Limitada economía,PENDIENTE,2026-08-13,2026-09-11,Actualizó datos personales
1,30847,RUIZ COBEÑA JEREMY JAEN,Limitada economía,PENDIENTE,2026-08-15,2026-09-16,Actualizó datos personales
1,28623,RUIZ LUCIO ALEX ANTHONY,Limitada economía,PENDIENTE,2026-08-03,2026-09-17,Actualizó datos personales
1,29530,SAAVEDRA CABELLO MELISSA MARIA,Limitada economía,PENDIENTE,2026-08-08,2026-09-21,Actualizó datos personales
2,30133,SABANDO CARREÑO MELANIE BRIGITTE,Limitada economía,PENDIENTE,2026-08-12,2026-09-07,Actualizó datos personales
1,30133,SABANDO CARREÑO MELANIE BRIGITTE,Limitada economía,PENDIENTE,2026-08-12,2026-09-07,Actualizó datos personales
1,29540,SABANDO CEME LOIDA ITAMARA,Limitada economía,PENDIENTE,2026-08-08,2026-09-16,Actualizó datos personales
1,28507,SABANDO ORMAZA HELEN AHILYN,Limitada economía,PENDIENTE,2026-08-03,2026-09-07,Actualizó datos personales
2,28507,SABANDO ORMAZA HELEN AHILYN,Limitada economía,PENDIENTE,2026-08-03,2026-09-07,Actualizó datos personales
1,27901,SACON ANCHUNDIA ANGEL KEINER,Limitada economía,PENDIENTE,2026-07-31,2026-09-24,Actualizó datos personales
1,28802,SACON ARTEAGA LIVINGTON JASMANI,Limitada economía,PENDIENTE,2026-08-04,2026-09-22,Actualizó datos personales
1,28574,SACON AVEIGA MAYERLI MAHITE,Limitada economía,PENDIENTE,2026-08-03,2026-09-15,Actualizó datos personales
1,28586,SACON GANCHOZO ANYULI LISBETH,Limitada economía,PENDIENTE,2026-08-03,2026-09-19,Actualizó datos personales
2,27407,SACON PARRAGA EMELY ELIZABETH,Limitada economía,PENDIENTE,2026-07-29,2026-09-10,Actualizó datos personales
1,27407,SACON PARRAGA EMELY ELIZABETH,Limitada economía,PENDIENTE,2026-07-29,2026-09-10,Actualizó datos personales
1,28295,SALAZAR CORONADO ALAN JORDAN,Limitada economía,PENDIENTE,2026-08-01,2026-09-17,Actualizó datos personales
1,30814,SALAZAR DAZA DAYANA LISSETH,Limitada economía,PENDIENTE,2026-08-14,2026-09-17,Actualizó datos personales
1,30143,SALAZAR LEON ALLAN JOSUE,Limitada economía,PENDIENTE,2026-08-12,2026-08-30,Actualizó datos personales
1,27552,SALAZAR PACHECO GENESIS JAEL,Limitada economía,PENDIENTE,2026-07-30,2026-09-08,Actualizó datos personales
2,27552,SALAZAR PACHECO GENESIS JAEL,Limitada economía,PENDIENTE,2026-07-30,2026-09-08,Actualizó datos personales
1,29236,SALAZAR PALMA ANTHONY AROM,Limitada economía,PENDIENTE,2026-08-06,2026-09-03,Actualizó datos personales
2,29236,SALAZAR PALMA ANTHONY AROM,Limitada economía,PENDIENTE,2026-08-06,2026-09-03,Actualizó datos personales
1,28506,SALAZAR VERGARA ANDREA NIKOLE,Limitada economía,PENDIENTE,2026-08-03,2026-09-22,Actualizó datos personales
1,30391,SALCAN RUIZ LEYDI EVELIN,Limitada economía,PENDIENTE,2026-08-13,2026-09-17,Actualizó datos personales
2,28397,SALDAÑA QUIROZ JORDANY JOSUE,Limitada economía,PENDIENTE,2026-08-02,2026-09-03,Actualizó datos personales
1,28397,SALDAÑA QUIROZ JORDANY JOSUE,Limitada economía,PENDIENTE,2026-08-02,2026-09-03,Actualizó datos personales
1,28986,SALMERON PALMA MARIA BELEN,Limitada economía,PENDIENTE,2026-08-05,2026-09-16,Actualizó datos personales
1,30366,SALMON ZAMBRANO GUIDO ALEXANDER,Limitada economía,PENDIENTE,2026-08-13,2026-09-10,Actualizó datos personales
2,30366,SALMON ZAMBRANO GUIDO ALEXANDER,Limitada economía,PENDIENTE,2026-08-13,2026-09-10,Actualizó datos personales
1,29361,SALTOS COELLO LUIS MARIO,Limitada economía,PENDIENTE,2026-08-07,2026-09-16,Actualizó datos personales
2,29084,SALTOS CUSME BRYAN ENRIQUE,Limitada economía,PENDIENTE,2026-08-05,2026-09-10,Actualizó datos personales
1,29084,SALTOS CUSME BRYAN ENRIQUE,Limitada economía,PENDIENTE,2026-08-05,2026-09-10,Actualizó datos personales
4,29084,SALTOS CUSME BRYAN ENRIQUE,Limitada economía,OBSERVADO,2026-08-05,2026-10-02,"SALUDOS SR. SALTOS, POR FAVOR ACTUALIZAR EL CERTIFICADO BANCARIO DEL AÑO 2026 EN EL MODULO HOJA DE VIDA DEL SGA.Nota: Subir nuevamente Acta de Compromiso firmada"
3,29084,SALTOS CUSME BRYAN ENRIQUE,Limitada economía,PENDIENTE,2026-08-05,2026-10-02,Actualizó datos personales
1,30922,SALTOS FERNANDEZ MARIA PAULA,Limitada economía,PENDIENTE,2026-08-23,2026-09-11,Actualizó datos personales
2,30922,SALTOS FERNANDEZ MARIA PAULA,Limitada economía,PENDIENTE,2026-08-23,2026-09-11,Actualizó datos personales
1,29275,SALTOS FLORES SAMARA ANAHI,Limitada economía,PENDIENTE,2026-08-06,2026-09-22,Actualizó datos personales
2,29275,SALTOS FLORES SAMARA ANAHI,Limitada economía,VALIDADO,2026-08-06,2026-10-02,
1,30916,SALTOS RIZO JASLEY ARIANNA,Limitada economía,PENDIENTE,2026-08-22,2026-09-14,Actualizó datos personales
2,28615,SALTOS TAIPE BRIGITH MAYLETH,Limitada economía,PENDIENTE,2026-08-03,2026-09-11,Actualizó datos personales
1,28615,SALTOS TAIPE BRIGITH MAYLETH,Limitada economía,PENDIENTE,2026-08-03,2026-09-11,Actualizó datos personales
1,29007,SALTOS VILLARES WIGSON DAVID,Limitada economía,PENDIENTE,2026-08-05,2026-09-18,Actualizó datos personales
2,29007,SALTOS VILLARES WIGSON DAVID,Limitada economía,VALIDADO,2026-08-05,2026-10-02,
1,28197,SALTOS ZAMBRANO DAVID ALEXANDER,Limitada economía,PENDIENTE,2026-08-01,2026-09-19,Actualizó datos personales
1,29380,SALVATIERRA CHANGO NAYELI FERNANDA,Limitada economía,PENDIENTE,2026-08-07,2026-09-14,Actualizó datos personales
2,29956,SALVATIERRA MOREIRA INGRID DOMENICA,Limitada economía,PENDIENTE,2026-08-12,2026-09-04,Actualizó datos personales
1,29956,SALVATIERRA MOREIRA INGRID DOMENICA,Limitada economía,PENDIENTE,2026-08-12,2026-09-04,Actualizó datos personales
1,28889,SALVATIERRA TOALA ROXANA LIZETH,Limitada economía,PENDIENTE,2026-08-04,2026-09-17,Actualizó datos personales
1,28882,SAMANIEGO HARO JEANCARLO,Limitada economía,PENDIENTE,2026-08-04,2026-09-22,Actualizó datos personales
1,29044,SANABRIA SANABRIA ANA LISSBETH,Limitada economía,PENDIENTE,2026-08-05,2026-09-08,Actualizó datos personales
2,29044,SANABRIA SANABRIA ANA LISSBETH,Limitada economía,PENDIENTE,2026-08-05,2026-09-08,Actualizó datos personales
1,30806,SANCHEZ ALVARIO MONICA NAYELY,Limitada economía,PENDIENTE,2026-08-14,2026-09-22,Actualizó datos personales
1,30824,SANCHEZ ANGULO DILBER ARCADIO,Limitada economía,PENDIENTE,2026-08-14,2026-09-14,Actualizó datos personales
1,27248,SANCHEZ BASTIDAS KEYLA YAMILETH,Limitada economía,PENDIENTE,2026-07-29,2026-09-22,Actualizó datos personales
1,28232,SANCHEZ CARRIEL MAHOLY JULEXY,Limitada economía,PENDIENTE,2026-08-01,2026-09-18,Actualizó datos personales
1,28370,SANCHEZ CEDEÑO OMAR JOSUE,Limitada economía,PENDIENTE,2026-08-02,2026-09-17,Actualizó datos personales
1,29682,SANCHEZ CENTENO ROSELYN ANDREINA,Limitada economía,PENDIENTE,2026-08-10,2026-09-17,Actualizó datos personales
1,30865,SANCHEZ COLCHA JOHANA BEATRIZ,Limitada economía,PENDIENTE,2026-08-17,2026-09-24,Actualizó datos personales
2,30865,SANCHEZ COLCHA JOHANA BEATRIZ,Limitada economía,OBSERVADO,2026-08-17,2026-10-02,"SALUDOS SRTA. SANCHEZ, POR FAVOR ACTUALIZAR EL CERTIFICADO BANCARIO DEL AÑO 2026 EN EL MODULO HOJA DE VIDA DEL SGA.Nota: Subir nuevamente Acta de Compromiso firmada"
3,30865,SANCHEZ COLCHA JOHANA BEATRIZ,Limitada economía,PENDIENTE,2026-08-17,2026-10-02,El estudiante actualizó el acta de compromiso y reenvió la solicitud a revisión financiera.
1,28246,SANCHEZ CONFORME HEIDY MICHELLE,Limitada economía,PENDIENTE,2026-08-01,2026-09-14,Actualizó datos personales
1,28158,SANCHEZ DELGADO KRISTELL WALESKA,Limitada economía,PENDIENTE,2026-08-01,2026-09-18,Actualizó datos personales
1,29595,SANCHEZ GUADAMUD JULEXY YOMALI,Limitada economía,PENDIENTE,2026-08-09,2026-09-18,Actualizó datos personales
1,30604,SANCHEZ GUAVILE KATHERINE YAMILE,Limitada economía,PENDIENTE,2026-08-14,2026-09-15,Actualizó datos personales
1,27434,SANCHEZ LOPEZ ANGEL JOSUE,Limitada economía,PENDIENTE,2026-07-29,2026-09-22,Actualizó datos personales
1,28815,SANCHEZ MOLINA JUSMARY ANAHIS,Limitada economía,PENDIENTE,2026-08-04,2026-09-23,Actualizó datos personales
1,28415,SANCHEZ MONTECE PAOLA MARGARITA,Limitada economía,PENDIENTE,2026-08-03,2026-09-22,Actualizó datos personales
1,28179,SANCHEZ PACHECO CARLOS MAXIMILIANO,Limitada economía,PENDIENTE,2026-08-01,2026-09-15,Actualizó datos personales
1,30085,SANCHEZ PALACIOS NAHOMY CRISTINA,Limitada economía,PENDIENTE,2026-08-12,2026-09-10,Actualizó datos personales
2,30085,SANCHEZ PALACIOS NAHOMY CRISTINA,Limitada economía,PENDIENTE,2026-08-12,2026-09-10,Actualizó datos personales
3,30085,SANCHEZ PALACIOS NAHOMY CRISTINA,Limitada economía,VALIDADO,2026-08-12,2026-10-02,
1,30382,SANCHEZ PILALOA ANDY PAUL,Limitada economía,PENDIENTE,2026-08-13,2026-09-22,Actualizó datos personales
1,30344,SANCHEZ PILALOA RIDEN JOEL,Limitada economía,PENDIENTE,2026-08-13,2026-09-14,Actualizó datos personales
1,30578,SANCHEZ QUIJIJE SILVANO AZAEL,Limitada economía,PENDIENTE,2026-08-14,2026-09-11,Actualizó datos personales
2,30578,SANCHEZ QUIJIJE SILVANO AZAEL,Limitada economía,PENDIENTE,2026-08-14,2026-09-11,Actualizó datos personales
1,29757,SANCHEZ RIVERA BRYAN SANTIAGO,Limitada economía,PENDIENTE,2026-08-11,2026-08-27,Actualizó datos personales
2,29757,SANCHEZ RIVERA BRYAN SANTIAGO,Limitada economía,PENDIENTE,2026-08-11,2026-10-02,Actualizó datos personales
3,29757,SANCHEZ RIVERA BRYAN SANTIAGO,Limitada economía,OBSERVADO,2026-08-11,2026-10-02,"SALUDOS SR. SANCHEZ, LA FIRMA DEL ACTA ES DIFERENTE A LA CEDULA QUE CONSTA EN EL SISTEMA, POR FAVOR VERIFICAR SI LA CEDULA ESTA DESACTUALIZADA O DEBE CORREGIR LA FIRMA DEL ACTA, PARA QUE HAGA LAS CORRECCIONES DEL CASO.Nota: Subir nuevamente Acta de Compromiso firmada"
2,29054,SANCHEZ SALAVARRIA STEFANI SILVANA,Limitada economía,PENDIENTE,2026-08-05,2026-09-11,Actualizó datos personales
1,29054,SANCHEZ SALAVARRIA STEFANI SILVANA,Limitada economía,PENDIENTE,2026-08-05,2026-09-11,Actualizó datos personales
2,30700,SANCHEZ YONG DOMENICA ELIZABETH,Limitada economía,PENDIENTE,2026-08-14,2026-09-10,Actualizó datos personales
1,30700,SANCHEZ YONG DOMENICA ELIZABETH,Limitada economía,PENDIENTE,2026-08-14,2026-09-10,Actualizó datos personales
1,27718,SANDOVAL GUIZADO MADIAN AYLIN,Limitada economía,PENDIENTE,2026-07-30,2026-09-22,Actualizó datos personales
1,29077,SANDOVAL JIMENEZ ASHLEY DAYANA,Limitada economía,PENDIENTE,2026-08-05,2026-09-14,Actualizó datos personales
1,29069,SANDOVAL PALMA JOEL ANDRES,Limitada economía,PENDIENTE,2026-08-05,2026-09-20,Actualizó datos personales
1,29427,SANDOVAL RIOFRIO GISELLA ESTEFANIA,Limitada economía,PENDIENTE,2026-08-07,2026-09-16,Actualizó datos personales
1,29225,SANDOVAL SUQUITANA IRIS DAYANA,Limitada economía,PENDIENTE,2026-08-06,2026-09-10,Actualizó datos personales
2,29225,SANDOVAL SUQUITANA IRIS DAYANA,Limitada economía,PENDIENTE,2026-08-06,2026-09-10,Actualizó datos personales
1,27518,SANDOYA LETURNE KEYLA YOMIRA,Limitada economía,PENDIENTE,2026-07-30,2026-09-18,Actualizó datos personales
1,28434,SANDOYA NIEVES JHONN KENNETH,Limitada economía,PENDIENTE,2026-08-03,2026-09-15,Actualizó datos personales
1,29664,SANTANA CALDERON MARLENE ANTONIA,Limitada economía,PENDIENTE,2026-08-10,2026-09-21,Actualizó datos personales
1,30302,SANTANA CEDEÑO JONNY ERICK,Limitada economía,PENDIENTE,2026-08-13,2026-09-09,Actualizó datos personales
2,30302,SANTANA CEDEÑO JONNY ERICK,Limitada economía,PENDIENTE,2026-08-13,2026-09-09,Actualizó datos personales
1,28474,SANTANA PEÑAFIEL ANTHONY JIMPSON,Limitada economía,PENDIENTE,2026-08-03,2026-09-22,Actualizó datos personales
2,28474,SANTANA PEÑAFIEL ANTHONY JIMPSON,Limitada economía,VALIDADO,2026-08-03,2026-10-02,
2,28798,SANTANA PINARGOTE ALAN JAHIR,Limitada economía,PENDIENTE,2026-08-04,2026-09-08,Actualizó datos personales
1,28798,SANTANA PINARGOTE ALAN JAHIR,Limitada economía,PENDIENTE,2026-08-04,2026-09-08,Actualizó datos personales
2,28436,SANTILLAN ALVAREZ XIOMARA KATIUSKA,Limitada economía,PENDIENTE,2026-08-03,2026-09-02,Actualizó datos personales
1,28436,SANTILLAN ALVAREZ XIOMARA KATIUSKA,Limitada economía,PENDIENTE,2026-08-03,2026-09-02,Actualizó datos personales
1,30169,SANTILLAN COELLO ASTRID MAYERLI,Limitada economía,PENDIENTE,2026-08-13,2026-09-16,Actualizó datos personales
2,29053,SANTOS VEGA LOUISE ALEXANDRA,Limitada economía,PENDIENTE,2026-08-05,2026-09-09,Actualizó datos personales
1,29053,SANTOS VEGA LOUISE ALEXANDRA,Limitada economía,PENDIENTE,2026-08-05,2026-09-09,Actualizó datos personales
1,27829,SANTOS ZAMBRANO ANGIE DAYANA,Limitada economía,PENDIENTE,2026-07-30,2026-09-14,Actualizó datos personales
1,29576,SARANGO RAMIREZ GUSTAVO DANIEL,Limitada economía,PENDIENTE,2026-08-08,2026-09-22,Actualizó datos personales
1,29203,SEGIDO LOPEZ MAYLIN ALEXANDRA,Limitada economía,PENDIENTE,2026-08-06,2026-09-09,Actualizó datos personales
2,29203,SEGIDO LOPEZ MAYLIN ALEXANDRA,Limitada economía,PENDIENTE,2026-08-06,2026-09-09,Actualizó datos personales
3,29203,SEGIDO LOPEZ MAYLIN ALEXANDRA,Limitada economía,VALIDADO,2026-08-06,2026-10-02,
2,30081,SEGOVIA GOROZABEL ANTHONY ANDRES,Limitada economía,PENDIENTE,2026-08-12,2026-09-04,Actualizó datos personales
1,30081,SEGOVIA GOROZABEL ANTHONY ANDRES,Limitada economía,PENDIENTE,2026-08-12,2026-09-04,Actualizó datos personales
1,28013,SEGOVIA MONTIEL ANA DEBORA,Limitada economía,PENDIENTE,2026-07-31,2026-09-21,Actualizó datos personales
1,29596,SEGOVIA PEÑA JACINTO FABIAN,Limitada economía,PENDIENTE,2026-08-09,2026-09-16,Actualizó datos personales
2,29304,SELLAN MARCILLO LADY GISSELA,Limitada economía,PENDIENTE,2026-08-06,2026-09-06,Actualizó datos personales
1,29304,SELLAN MARCILLO LADY GISSELA,Limitada economía,PENDIENTE,2026-08-06,2026-09-06,Actualizó datos personales
1,29051,SERRANO MIRANDA BRIGGITHE MAYERLI,Limitada economía,PENDIENTE,2026-08-05,2026-08-31,Actualizó datos personales
2,29500,SILVA FLORES HEIDY SHARICK,Limitada economía,PENDIENTE,2026-08-08,2026-09-11,Actualizó datos personales
1,29500,SILVA FLORES HEIDY SHARICK,Limitada economía,PENDIENTE,2026-08-08,2026-09-11,Actualizó datos personales
1,28248,SILVA MACIAS ASHLEY MICHELLE,Limitada economía,PENDIENTE,2026-08-01,2026-09-14,Actualizó datos personales
1,30536,SILVA PADILLA ORLY MATHEO,Limitada economía,PENDIENTE,2026-08-13,2026-09-23,Actualizó datos personales
1,28780,SILVA SALVATIERRA ANGIE  LILIBETH,Limitada economía,PENDIENTE,2026-08-04,2026-09-09,Actualizó datos personales
2,28780,SILVA SALVATIERRA ANGIE  LILIBETH,Limitada economía,PENDIENTE,2026-08-04,2026-09-09,Actualizó datos personales
1,28949,SILVA TRIVIÑO JOHN JAIRO,Limitada economía,PENDIENTE,2026-08-05,2026-09-21,Actualizó datos personales
1,28545,SILVA URIBE KEVIN MAURICIO,Limitada economía,PENDIENTE,2026-08-03,2026-09-17,Actualizó datos personales
1,29185,SIMBA ARANA DANIELA GISELL,Limitada economía,PENDIENTE,2026-08-06,2026-09-21,Actualizó datos personales
1,27682,SINGO HERRERA DAYANA MAYERLI,Limitada economía,PENDIENTE,2026-07-30,2026-09-22,Actualizó datos personales
2,28182,SION TAY ROMERO ELENA MAILYNG,Limitada economía,PENDIENTE,2026-08-01,2026-09-12,Actualizó datos personales
1,28182,SION TAY ROMERO ELENA MAILYNG,Limitada economía,PENDIENTE,2026-08-01,2026-09-12,Actualizó datos personales
1,29546,SISA PANDI WILSON ALEXANDER,Limitada economía,PENDIENTE,2026-08-08,2026-09-11,Actualizó datos personales
2,29546,SISA PANDI WILSON ALEXANDER,Limitada economía,PENDIENTE,2026-08-08,2026-09-11,Actualizó datos personales
1,29222,SISA PORTILLA CESAR BLADYMIR,Limitada economía,PENDIENTE,2026-08-06,2026-09-21,Actualizó datos personales
2,30131,SMITH AREVALO MIGUEL ANGEL,Limitada economía,PENDIENTE,2026-08-12,2026-09-05,Actualizó datos personales
1,30131,SMITH AREVALO MIGUEL ANGEL,Limitada economía,PENDIENTE,2026-08-12,2026-09-05,Actualizó datos personales
1,29425,SOLIS BUSTOS JULISSA ANAYELI,Limitada economía,PENDIENTE,2026-08-07,2026-09-13,Actualizó datos personales
1,30387,SOLORZANO CASTILLO DAMARIS YARIBET,Limitada economía,PENDIENTE,2026-08-13,2026-09-21,Actualizó datos personales
1,27928,SOLORZANO CHONILLO JOSSELYN NAHOMY,Limitada economía,PENDIENTE,2026-07-31,2026-09-01,Actualizó datos personales
2,27928,SOLORZANO CHONILLO JOSSELYN NAHOMY,Limitada economía,PENDIENTE,2026-07-31,2026-09-01,Actualizó datos personales
1,30712,SOLORZANO GOMEZ PABLO ANDRES,Limitada economía,PENDIENTE,2026-08-14,2026-09-13,Actualizó datos personales
2,28643,SOLORZANO MENDOZA CINDY ALEXANDRA,Limitada economía,PENDIENTE,2026-08-03,2026-09-11,Actualizó datos personales
1,28643,SOLORZANO MENDOZA CINDY ALEXANDRA,Limitada economía,PENDIENTE,2026-08-03,2026-09-11,Actualizó datos personales
2,28642,SOLORZANO MENDOZA JENNIFFER SOFIA,Limitada economía,PENDIENTE,2026-08-03,2026-09-11,Actualizó datos personales
1,28642,SOLORZANO MENDOZA JENNIFFER SOFIA,Limitada economía,PENDIENTE,2026-08-03,2026-09-11,Actualizó datos personales
1,28684,SOLORZANO MURILLO DANNY JHOEL,Limitada economía,PENDIENTE,2026-08-04,2026-09-18,Actualizó datos personales
1,30951,SOLORZANO SALTOS MARIA GABRIELA,Limitada economía,PENDIENTE,2026-08-26,2026-09-16,Actualizó datos personales
1,30592,SOLORZANO SANCHEZ MELANY CAMILA,Limitada economía,PENDIENTE,2026-08-14,2026-09-15,Actualizó datos personales
1,28042,SOLORZANO TRIANA LEYLING MILENA,Limitada economía,PENDIENTE,2026-07-31,2026-09-17,Actualizó datos personales
1,27614,SORIA JIMENEZ FABIAN ALEXANDER,Limitada economía,PENDIENTE,2026-07-30,2026-09-17,Actualizó datos personales
1,28595,SORNOZA ERAZO CESAR MATEO,Limitada economía,PENDIENTE,2026-08-03,2026-09-12,Actualizó datos personales
2,28595,SORNOZA ERAZO CESAR MATEO,Limitada economía,PENDIENTE,2026-08-03,2026-09-12,Actualizó datos personales
1,27405,SORNOZA VERA ADRIANA JAMILETH,Limitada economía,PENDIENTE,2026-07-29,2026-09-14,Actualizó datos personales
1,29891,SOTO ALVIA JAHIR ALEXANDER,Limitada economía,PENDIENTE,2026-08-11,2026-09-25,Actualizó datos personales
1,28742,SOZA MACIAS BRYAN JOSE,Limitada economía,PENDIENTE,2026-08-04,2026-09-22,Actualizó datos personales
1,27193,SUAREZ AMAIQUEMA JERRY JHOSUE,Limitada economía,PENDIENTE,2026-07-29,2026-09-07,Actualizó datos personales
2,27193,SUAREZ AMAIQUEMA JERRY JHOSUE,Limitada economía,PENDIENTE,2026-07-29,2026-09-07,Actualizó datos personales
1,30564,SUAREZ CARRANZA DANIELA DAYANA,Limitada economía,PENDIENTE,2026-08-14,2026-09-15,Actualizó datos personales
1,28241,SUAREZ CARRANZA KARELYS JULIANA,Limitada economía,PENDIENTE,2026-08-01,2026-09-15,Actualizó datos personales
2,28209,SUAREZ FRANCO DIXY DALINA,Limitada economía,PENDIENTE,2026-08-01,2026-09-10,Actualizó datos personales
1,28209,SUAREZ FRANCO DIXY DALINA,Limitada economía,PENDIENTE,2026-08-01,2026-09-10,Actualizó datos personales
1,29337,SUAREZ GONZALEZ MELL MAYERLI,Limitada economía,PENDIENTE,2026-08-07,2026-09-15,Actualizó datos personales
1,30246,SUAREZ MERELO KIARA MAITANE,Limitada economía,PENDIENTE,2026-08-13,2026-08-31,Actualizó datos personales
1,30108,SUAREZ ORDEÑANA ANTHONY NELSON,Limitada economía,PENDIENTE,2026-08-12,2026-09-10,Actualizó datos personales
2,30108,SUAREZ ORDEÑANA ANTHONY NELSON,Limitada economía,PENDIENTE,2026-08-12,2026-09-10,Actualizó datos personales
1,27761,SUAREZ QUILUMBA WENDY NAHOMY,Limitada economía,PENDIENTE,2026-07-30,2026-09-13,Actualizó datos personales
1,27724,SUAREZ ROMERO HECTOR ABEL,Limitada economía,PENDIENTE,2026-07-30,2026-09-22,Actualizó datos personales
1,30605,SUAREZ SABANDO JONATHAN DAVID,Limitada economía,PENDIENTE,2026-08-14,2026-09-14,Actualizó datos personales
1,28647,SUAREZ SOTO SHAMIRLA DEYANEIRA,Limitada economía,PENDIENTE,2026-08-03,2026-09-16,Actualizó datos personales
1,29043,SUAREZ SUAREZ MADELAYNE NOHELI,Limitada economía,PENDIENTE,2026-08-05,2026-09-22,Actualizó datos personales
1,29719,SUAREZ VERA LUIS ISRAEL,Limitada economía,PENDIENTE,2026-08-10,2026-09-21,Actualizó datos personales
1,28674,SUBIAGA PEREZ KEVIN DANIEL,Limitada economía,PENDIENTE,2026-08-04,2026-09-21,Actualizó datos personales
1,28335,SUNTASIG VELASQUEZ DENISSE MARISOL,Limitada economía,PENDIENTE,2026-08-02,2026-08-29,Actualizó datos personales
1,30627,TACURI BRAVO ASHLEY ANDREA,Limitada economía,PENDIENTE,2026-08-14,2026-09-11,Actualizó datos personales
2,30627,TACURI BRAVO ASHLEY ANDREA,Limitada economía,PENDIENTE,2026-08-14,2026-09-11,Actualizó datos personales
2,30121,TACURI MORAN CARLOS GABRIEL,Limitada economía,PENDIENTE,2026-08-12,2026-09-09,Actualizó datos personales
1,30121,TACURI MORAN CARLOS GABRIEL,Limitada economía,PENDIENTE,2026-08-12,2026-09-09,Actualizó datos personales
1,28047,TAPIA CERCADO STEVEN LEONEL,Limitada economía,PENDIENTE,2026-07-31,2026-09-18,Actualizó datos personales
2,28482,TAPIA MORA SCARLETH YURLEY,Limitada economía,PENDIENTE,2026-08-03,2026-09-09,Actualizó datos personales
1,28482,TAPIA MORA SCARLETH YURLEY,Limitada economía,PENDIENTE,2026-08-03,2026-09-09,Actualizó datos personales
1,29280,TARIRA CASTRO ASTRID MICHELLE,Limitada economía,PENDIENTE,2026-08-06,2026-09-21,Actualizó datos personales
1,28264,TIBANQUIZA SUNTASIG DIANA MARIBEL,Limitada economía,PENDIENTE,2026-08-01,2026-09-22,Actualizó datos personales
1,28058,TIGASI SAMPEDRO JOHNNY JAVIER,Limitada economía,PENDIENTE,2026-07-31,2026-09-23,Actualizó datos personales
1,28948,TIGASI SAMPEDRO PAUL ALEXANDER,Limitada economía,PENDIENTE,2026-08-05,2026-09-21,Actualizó datos personales
1,30687,TIGRERO CARREÑO ANGELICA MILENA,Limitada economía,PENDIENTE,2026-08-14,2026-09-04,Actualizó datos personales
2,30687,TIGRERO CARREÑO ANGELICA MILENA,Limitada economía,PENDIENTE,2026-08-14,2026-09-04,Actualizó datos personales
1,28404,TOALA BAZAN LIVINGTON SAID,Limitada economía,PENDIENTE,2026-08-03,2026-09-20,Actualizó datos personales
2,29260,TOALA ZAMBRANO JEREMY DAVID,Limitada economía,PENDIENTE,2026-08-06,2026-09-11,Actualizó datos personales
1,29260,TOALA ZAMBRANO JEREMY DAVID,Limitada economía,PENDIENTE,2026-08-06,2026-09-11,Actualizó datos personales
1,29971,TOALA ZAMBRANO SKARLET GISELL,Limitada economía,PENDIENTE,2026-08-12,2026-09-15,Actualizó datos personales
1,28723,TOAPANTA OÑA EDISON RAFAEL,Limitada economía,PENDIENTE,2026-08-04,2026-09-16,Actualizó datos personales
1,27817,TOAQUIZA SANCHEZ WENDY LISETH,Limitada economía,PENDIENTE,2026-07-30,2026-09-04,Actualizó datos personales
2,27817,TOAQUIZA SANCHEZ WENDY LISETH,Limitada economía,PENDIENTE,2026-07-30,2026-09-04,Actualizó datos personales
1,30452,TOBAR CEVALLOS CRISTOPHER FERNANDO,Limitada economía,PENDIENTE,2026-08-13,2026-09-17,Actualizó datos personales
1,30148,TOBAR PONGUILLO ANTHONY EDUARDO,Limitada economía,PENDIENTE,2026-08-12,2026-09-15,Actualizó datos personales
1,27986,TOBAR REQUENA INGRID PAMELA,Limitada economía,PENDIENTE,2026-07-31,2026-09-21,Actualizó datos personales
2,29949,TOBAR TERREROS SERGIO JOAQUIN,Limitada economía,PENDIENTE,2026-08-12,2026-09-10,Actualizó datos personales
1,29949,TOBAR TERREROS SERGIO JOAQUIN,Limitada economía,PENDIENTE,2026-08-12,2026-09-10,Actualizó datos personales
2,29627,TOLEDO CONTRERAS KARLA NOEMI,Limitada economía,PENDIENTE,2026-08-09,2026-09-10,Actualizó datos personales
1,29627,TOLEDO CONTRERAS KARLA NOEMI,Limitada economía,PENDIENTE,2026-08-09,2026-09-10,Actualizó datos personales
1,30336,TOMALA GARCES ALLISSON MAITE,Limitada economía,PENDIENTE,2026-08-13,2026-09-09,Actualizó datos personales
2,30336,TOMALA GARCES ALLISSON MAITE,Limitada economía,PENDIENTE,2026-08-13,2026-09-09,Actualizó datos personales
1,29600,TORO MORA GUADALUPE VERONICA,Limitada economía,PENDIENTE,2026-08-09,2026-09-21,Actualizó datos personales
1,30730,TORRES ANZULES NATHALY LISBETH,Limitada economía,PENDIENTE,2026-08-14,2026-09-18,Actualizó datos personales
1,30304,TORRES BAREN ROSA ANGELICA,Limitada economía,PENDIENTE,2026-08-13,2026-09-15,Actualizó datos personales
2,30617,TORRES BRAVO ANGEL ALEXIS,Limitada economía,PENDIENTE,2026-08-14,2026-09-04,Actualizó datos personales
1,30617,TORRES BRAVO ANGEL ALEXIS,Limitada economía,PENDIENTE,2026-08-14,2026-09-04,Actualizó datos personales
1,30313,TORRES LEON VANESA ISABEL,Limitada economía,PENDIENTE,2026-08-13,2026-09-18,Actualizó datos personales
1,29769,TORRES MONTES FERNANDA MELISSA,Limitada economía,PENDIENTE,2026-08-11,2026-09-11,Actualizó datos personales
2,29769,TORRES MONTES FERNANDA MELISSA,Limitada economía,PENDIENTE,2026-08-11,2026-09-11,Actualizó datos personales
1,30567,TORRES RIVAS JULISSA ELICENIA,Limitada economía,PENDIENTE,2026-08-14,2026-09-18,Actualizó datos personales
2,29695,TORRES ZAVALA BRITANY KASIEL,Limitada economía,PENDIENTE,2026-08-10,2026-09-11,Actualizó datos personales
1,29695,TORRES ZAVALA BRITANY KASIEL,Limitada economía,PENDIENTE,2026-08-10,2026-09-11,Actualizó datos personales
1,30399,TOVAR DE JESUS ANAHIS JAMILETH,Limitada economía,PENDIENTE,2026-08-13,2026-09-16,Actualizó datos personales
2,28938,TOVAR RAMOS LUISA FERNANDA,Limitada economía,PENDIENTE,2026-08-05,2026-09-01,Actualizó datos personales
1,28938,TOVAR RAMOS LUISA FERNANDA,Limitada economía,PENDIENTE,2026-08-05,2026-09-01,Actualizó datos personales
1,30707,TRIANA IBARRA IVAN ALEXANDER,Limitada economía,PENDIENTE,2026-08-14,2026-09-20,Actualizó datos personales
1,28026,TRIANA MUÑOZ NOELIA MISHELL,Limitada economía,PENDIENTE,2026-07-31,2026-09-22,Actualizó datos personales
1,29252,TRIVIÑO TORRES GENESIS MICHELLE,Limitada economía,PENDIENTE,2026-08-06,2026-09-22,Actualizó datos personales
1,30606,TRONCOSO CHIRIGUAY MILENA ANAHI,Limitada economía,PENDIENTE,2026-08-14,2026-09-15,Actualizó datos personales
1,30217,TRONCOSO PLUAS RAUL MAURICIO,Limitada economía,PENDIENTE,2026-08-13,2026-09-05,Actualizó datos personales
2,30217,TRONCOSO PLUAS RAUL MAURICIO,Limitada economía,PENDIENTE,2026-08-13,2026-09-05,Actualizó datos personales
1,28186,TROYA GALLARDO ALISSON DANAHE,Limitada economía,PENDIENTE,2026-08-01,2026-09-20,Actualizó datos personales
1,30159,TROYA LUNA ANAIS MICHELLE,Limitada economía,PENDIENTE,2026-08-13,2026-09-08,Actualizó datos personales
2,30159,TROYA LUNA ANAIS MICHELLE,Limitada economía,PENDIENTE,2026-08-13,2026-09-08,Actualizó datos personales
1,28704,TRUJILLO VEGA MAYUMMY JAILLY,Limitada economía,PENDIENTE,2026-08-04,2026-09-17,Actualizó datos personales
1,27424,TUAREZ MANZABA EMILY XIOMARA,Limitada economía,PENDIENTE,2026-07-29,2026-09-16,Actualizó datos personales
1,27864,TUAREZ MORAN ARIANA DENISSE,Limitada economía,PENDIENTE,2026-07-30,2026-09-18,Actualizó datos personales
2,28303,TUAREZ VILLACIS DENISSE BRIGITTE,Limitada economía,PENDIENTE,2026-08-01,2026-09-01,Actualizó datos personales
1,28303,TUAREZ VILLACIS DENISSE BRIGITTE,Limitada economía,PENDIENTE,2026-08-01,2026-09-01,Actualizó datos personales
1,27965,TUBAY MARIÑO ALISSON ALEXANDRA,Limitada economía,PENDIENTE,2026-07-31,2026-09-15,Actualizó datos personales
1,27963,TUBAY PALOMINO NATALI MAYERLI,Limitada economía,PENDIENTE,2026-07-31,2026-09-10,Actualizó datos personales
2,27963,TUBAY PALOMINO NATALI MAYERLI,Limitada economía,PENDIENTE,2026-07-31,2026-09-10,Actualizó datos personales
1,30487,TUMBACO MORANTE GUILLERMO ERNESTO,Limitada economía,PENDIENTE,2026-08-13,2026-09-18,Actualizó datos personales
1,28529,TUMBACO ZAMBRANO JOHAN ANDRES,Limitada economía,PENDIENTE,2026-08-03,2026-09-18,Actualizó datos personales
1,29603,TUMBES CUYO KAREN FERNANDA,Limitada economía,PENDIENTE,2026-08-09,2026-09-18,Actualizó datos personales
1,29636,UBE LOOR EVELYN YOMARA,Limitada economía,PENDIENTE,2026-08-09,2026-09-10,Actualizó datos personales
2,29636,UBE LOOR EVELYN YOMARA,Limitada economía,PENDIENTE,2026-08-09,2026-09-10,Actualizó datos personales
1,28805,UGSHA SABANDO DOUGLAS ESTEBAN,Limitada economía,PENDIENTE,2026-08-04,2026-09-23,Actualizó datos personales
1,30691,ULLOA MEDRANDA LADY STEFANIA,Limitada economía,PENDIENTE,2026-08-14,2026-09-16,Actualizó datos personales
1,30295,UMAGINGA AREVALO JEFFERSON MANUEL,Limitada economía,PENDIENTE,2026-08-13,2026-09-21,Actualizó datos personales
1,29676,UNTUÑA MOSQUERA DALIFER GISSELLA,Limitada economía,PENDIENTE,2026-08-10,2026-09-22,Actualizó datos personales
1,30690,URBAN CASTILLO ADRIAN ALEXANDER,Limitada economía,PENDIENTE,2026-08-14,2026-09-24,Actualizó datos personales
1,30539,URDANIGO CAICEDO SHAIRA YELITZA,Limitada economía,PENDIENTE,2026-08-14,2026-09-22,Actualizó datos personales
1,29008,URETA DEMERA GEOMAYRA ALEXANDRA,Limitada economía,PENDIENTE,2026-08-05,2026-09-22,Actualizó datos personales
1,30413,URGILES BRIONES MARIA BELEN,Limitada economía,PENDIENTE,2026-08-13,2026-09-22,Actualizó datos personales
1,29907,URIÑA GOMEZ KENIA TATIANA,Limitada economía,PENDIENTE,2026-08-11,2026-09-10,Actualizó datos personales
2,29907,URIÑA GOMEZ KENIA TATIANA,Limitada economía,PENDIENTE,2026-08-11,2026-09-10,Actualizó datos personales
1,30361,URIÑA ORDOÑEZ JACQUELINE MICHELLE,Limitada economía,PENDIENTE,2026-08-13,2026-09-22,Actualizó datos personales
1,27453,URIÑA TORAL FRANKLIN IGNACIO,Limitada economía,PENDIENTE,2026-07-29,2026-09-18,Actualizó datos personales
1,30184,USHCO ANTE SANDRA PATRICIA,Limitada economía,PENDIENTE,2026-08-13,2026-09-15,Actualizó datos personales
2,30572,USUÑO CALAPAQUI EDGAR LUCIANO,Limitada economía,PENDIENTE,2026-08-14,2026-09-10,Actualizó datos personales
1,30572,USUÑO CALAPAQUI EDGAR LUCIANO,Limitada economía,PENDIENTE,2026-08-14,2026-09-10,Actualizó datos personales
1,28692,UVE MORAN ARELYS JANETH,Limitada economía,PENDIENTE,2026-08-04,2026-09-23,Actualizó datos personales
1,30610,VALDEZ ZAPATA ANNABELA ARIANNA,Limitada economía,PENDIENTE,2026-08-14,2026-09-10,Actualizó datos personales
2,30610,VALDEZ ZAPATA ANNABELA ARIANNA,Limitada economía,PENDIENTE,2026-08-14,2026-09-10,Actualizó datos personales
1,29645,VALENCIA JARAMILLO KORAIMA NICOLE,Limitada economía,PENDIENTE,2026-08-09,2026-09-25,Actualizó datos personales
2,28130,VALLE MOLINA KEINER VICENTE,Limitada economía,PENDIENTE,2026-07-31,2026-09-12,Actualizó datos personales
1,28130,VALLE MOLINA KEINER VICENTE,Limitada economía,PENDIENTE,2026-07-31,2026-09-12,Actualizó datos personales
1,27703,VALLEJO MORAN MARTIN SEBASTIAN,Limitada economía,PENDIENTE,2026-07-30,2026-09-16,Actualizó datos personales
1,29127,VALVERDE TROYA JACKSON FRANCISCO,Limitada economía,PENDIENTE,2026-08-06,2026-09-22,Actualizó datos personales
2,29103,VARAS ESTRADA STEVEN MISAEL,Limitada economía,PENDIENTE,2026-08-05,2026-09-07,Actualizó datos personales
1,29103,VARAS ESTRADA STEVEN MISAEL,Limitada economía,PENDIENTE,2026-08-05,2026-09-07,Actualizó datos personales
1,28349,VARELA CEDEÑO JALIXA MONSERRATE,Limitada economía,PENDIENTE,2026-08-02,2026-09-04,Actualizó datos personales
2,28349,VARELA CEDEÑO JALIXA MONSERRATE,Limitada economía,PENDIENTE,2026-08-02,2026-09-04,Actualizó datos personales
1,30283,VARGAS BRAVO JIM ALEJANDRO,Limitada economía,PENDIENTE,2026-08-13,2026-09-25,Actualizó datos personales
1,29402,VARGAS CAZAR DENNY ANTHONY,Limitada economía,PENDIENTE,2026-08-07,2026-09-23,Actualizó datos personales
1,28147,VARGAS CEDEÑO FRIXON WILFRIDO,Limitada economía,PENDIENTE,2026-07-31,2026-09-20,Actualizó datos personales
1,29853,VARGAS ESPINOZA KEVIN MISAEL,Limitada economía,PENDIENTE,2026-08-11,2026-09-25,Actualizó datos personales
1,30042,VARGAS IZA ANDERSON ISMAEL,Limitada economía,PENDIENTE,2026-08-12,2026-09-15,Actualizó datos personales
1,30529,VARGAS MUÑOZ JEFFERSON ALEXANDER,Limitada economía,PENDIENTE,2026-08-13,2026-09-04,Actualizó datos personales
2,30529,VARGAS MUÑOZ JEFFERSON ALEXANDER,Limitada economía,PENDIENTE,2026-08-13,2026-09-04,Actualizó datos personales
1,28407,VARGAS SANTILLAN VICTOR HUGO,Limitada economía,PENDIENTE,2026-08-03,2026-09-14,Actualizó datos personales
2,30608,VASCO LEON SHEIDY DANIELA,Limitada economía,PENDIENTE,2026-08-14,2026-09-11,Actualizó datos personales
1,30608,VASCO LEON SHEIDY DANIELA,Limitada economía,PENDIENTE,2026-08-14,2026-09-11,Actualizó datos personales
1,28999,VASCONEZ GUAMAN EVELIN SCARLET,Limitada economía,PENDIENTE,2026-08-05,2026-09-22,Actualizó datos personales
1,28481,VASQUEZ DOMINGUEZ JOSE ANDRES,Limitada economía,PENDIENTE,2026-08-03,2026-09-23,Actualizó datos personales
2,29558,VASQUEZ ESCOBAR YARELY JAHELA,Limitada economía,PENDIENTE,2026-08-08,2026-09-10,Actualizó datos personales
1,29558,VASQUEZ ESCOBAR YARELY JAHELA,Limitada economía,PENDIENTE,2026-08-08,2026-09-10,Actualizó datos personales
1,28928,VASQUEZ RODRIGUEZ AMY ALEXANDRA,Limitada economía,PENDIENTE,2026-08-05,2026-09-22,Actualizó datos personales
1,28308,VEAS MENDEZ ANDERSON RONALDO,Limitada economía,PENDIENTE,2026-08-02,2026-09-20,Actualizó datos personales
2,29667,VEGA BASTIDAS ALEX SEBASTIAN,Limitada economía,PENDIENTE,2026-08-10,2026-09-10,Actualizó datos personales
1,29667,VEGA BASTIDAS ALEX SEBASTIAN,Limitada economía,PENDIENTE,2026-08-10,2026-09-10,Actualizó datos personales
1,29344,VEGA GUAMANGATE GLADYS JEANETH,Limitada economía,PENDIENTE,2026-08-07,2026-09-11,Actualizó datos personales
2,29344,VEGA GUAMANGATE GLADYS JEANETH,Limitada economía,PENDIENTE,2026-08-07,2026-09-11,Actualizó datos personales
1,29034,VEGA SANCHEZ ANGHELA LISBETH,Limitada economía,PENDIENTE,2026-08-05,2026-09-14,Actualizó datos personales
1,29550,VEGA VERGARA THALYA LISBETH,Limitada economía,PENDIENTE,2026-08-08,2026-09-17,Actualizó datos personales
2,29617,VEGA ZHUNIO IRIS ALEXANDRA,Limitada economía,PENDIENTE,2026-08-09,2026-09-10,Actualizó datos personales
1,29617,VEGA ZHUNIO IRIS ALEXANDRA,Limitada economía,PENDIENTE,2026-08-09,2026-09-10,Actualizó datos personales
1,30329,VELA PEÑAFIEL DANIELA MARIA,Limitada economía,PENDIENTE,2026-08-13,2026-09-18,Actualizó datos personales
1,27820,VELASCO ARGUELLO RENE ALEXANDER,Limitada economía,PENDIENTE,2026-07-30,2026-09-10,Actualizó datos personales
2,27820,VELASCO ARGUELLO RENE ALEXANDER,Limitada economía,PENDIENTE,2026-07-30,2026-09-10,Actualizó datos personales
1,30884,VELASCO CORRALES AARON JUSTIN,Limitada economía,PENDIENTE,2026-08-18,2026-09-22,Actualizó datos personales
1,29924,VELASCO PANTUSIN YULI SILVANA,Limitada economía,PENDIENTE,2026-08-11,2026-09-18,Actualizó datos personales
1,29258,VELASQUEZ CASTRO DENISSE ANALY,Limitada economía,PENDIENTE,2026-08-06,2026-09-15,Actualizó datos personales
2,28998,VELASQUEZ GARCIA CARLOS DANIEL,Limitada economía,PENDIENTE,2026-08-05,2026-09-11,Actualizó datos personales
1,28998,VELASQUEZ GARCIA CARLOS DANIEL,Limitada economía,PENDIENTE,2026-08-05,2026-09-11,Actualizó datos personales
1,30220,VELASQUEZ SANTANA SHEYLA ISAMAR,Limitada economía,PENDIENTE,2026-08-13,2026-09-17,Actualizó datos personales
1,27699,VELASQUEZ VERDUGA JOEL ANTHONY,Limitada economía,PENDIENTE,2026-07-30,2026-09-25,Actualizó datos personales
1,28568,VELEZ BERMELLO EMILY CAROLINA,Limitada economía,PENDIENTE,2026-08-03,2026-09-12,Actualizó datos personales
2,28568,VELEZ BERMELLO EMILY CAROLINA,Limitada economía,PENDIENTE,2026-08-03,2026-09-12,Actualizó datos personales
1,30634,VELEZ BUSTE EDUARDO ISAIAS,Limitada economía,PENDIENTE,2026-08-14,2026-09-14,Actualizó datos personales
1,28421,VELEZ CABANILLA SHEYLA BRIGITTE,Limitada economía,PENDIENTE,2026-08-03,2026-09-17,Actualizó datos personales
1,30417,VELEZ CARRIEL JERSON JAVIER,Limitada economía,PENDIENTE,2026-08-13,2026-09-21,Actualizó datos personales
1,29320,VELEZ DIAZ JAMILEX NARCISA,Limitada economía,PENDIENTE,2026-08-06,2026-09-15,Actualizó datos personales
1,28728,VELEZ GARCIA MARIA FERNANDA,Limitada economía,PENDIENTE,2026-08-04,2026-09-10,Actualizó datos personales
2,28728,VELEZ GARCIA MARIA FERNANDA,Limitada economía,PENDIENTE,2026-08-04,2026-09-10,Actualizó datos personales
1,28820,VELEZ GARCIA ZULEYKA DAYANA,Limitada economía,PENDIENTE,2026-08-04,2026-09-14,Actualizó datos personales
1,30618,VELEZ JACOME JOSE GABRIEL,Limitada economía,PENDIENTE,2026-08-14,2026-09-25,Actualizó datos personales
1,27878,VELEZ JIMENEZ CHELSYE ELIZABETH,Limitada economía,PENDIENTE,2026-07-31,2026-09-16,Actualizó datos personales
1,28634,VELEZ MENDOZA CINTHYA GISELLA,Limitada economía,PENDIENTE,2026-08-03,2026-09-14,Actualizó datos personales
1,30342,VELEZ MERA MABEL MAILYN,Limitada economía,PENDIENTE,2026-08-13,2026-09-09,Actualizó datos personales
2,30342,VELEZ MERA MABEL MAILYN,Limitada economía,PENDIENTE,2026-08-13,2026-09-09,Actualizó datos personales
1,30199,VELEZ MORA EVELYN SARA,Limitada economía,PENDIENTE,2026-08-13,2026-09-09,Actualizó datos personales
2,30199,VELEZ MORA EVELYN SARA,Limitada economía,PENDIENTE,2026-08-13,2026-09-09,Actualizó datos personales
1,28522,VELEZ MORA YALITZA LIZANIA,Limitada economía,PENDIENTE,2026-08-03,2026-09-18,Actualizó datos personales
1,27625,VELEZ MOREIRA ANA ISABEL,Limitada economía,PENDIENTE,2026-07-30,2026-08-28,Actualizó datos personales
1,30663,VELEZ MOREIRA SANDRA DANIELA,Limitada economía,PENDIENTE,2026-08-14,2026-09-13,Actualizó datos personales
1,30147,VELEZ RODRIGUEZ MELANE DALLYANA,Limitada economía,PENDIENTE,2026-08-12,2026-09-13,Actualizó datos personales
1,27463,VELEZ RODRIGUEZ MYLENA SCARLETTE,Limitada economía,PENDIENTE,2026-07-30,2026-09-13,Actualizó datos personales
1,28534,VELEZ SANCHEZ VANEIRA ANAHIS,Limitada economía,PENDIENTE,2026-08-03,2026-09-20,Actualizó datos personales
1,29138,VELEZ VERA KEYLA NAOMY,Limitada economía,PENDIENTE,2026-08-06,2026-09-18,Actualizó datos personales
1,28337,VELEZ ZAMBRANO CARLOS IGNACIO,Limitada economía,PENDIENTE,2026-08-02,2026-09-17,Actualizó datos personales
1,28676,VELIZ AFA LUIS MARIO,Limitada economía,PENDIENTE,2026-08-04,2026-09-02,Actualizó datos personales
2,28676,VELIZ AFA LUIS MARIO,Limitada economía,PENDIENTE,2026-08-04,2026-09-02,Actualizó datos personales
1,27504,VELIZ AGUILAR CRISTINA DAYANARA,Limitada economía,PENDIENTE,2026-07-30,2026-09-14,Actualizó datos personales
1,29498,VELIZ ARANA BRYAN KEVIN,Limitada economía,PENDIENTE,2026-08-08,2026-09-22,Actualizó datos personales
2,28697,VELIZ BRAVO JAZMIN VANESSA,Limitada economía,PENDIENTE,2026-08-04,2026-09-07,Actualizó datos personales
1,28697,VELIZ BRAVO JAZMIN VANESSA,Limitada economía,PENDIENTE,2026-08-04,2026-09-07,Actualizó datos personales
2,29836,VELIZ CASTAÑEDA ANGELO STEVEN,Limitada economía,PENDIENTE,2026-08-11,2026-09-11,Actualizó datos personales
1,29836,VELIZ CASTAÑEDA ANGELO STEVEN,Limitada economía,PENDIENTE,2026-08-11,2026-09-11,Actualizó datos personales
1,30223,VELIZ MEDRANDA ADRIANA HILDA,Limitada economía,PENDIENTE,2026-08-13,2026-09-18,Actualizó datos personales
1,28601,VELIZ MORENO DENNISSE DAYANA,Limitada economía,PENDIENTE,2026-08-03,2026-09-22,Actualizó datos personales
1,30461,VELIZ PARRAGA EMILY MAYUMI,Limitada economía,PENDIENTE,2026-08-13,2026-09-22,Actualizó datos personales
1,27841,VELIZ PINO DANNY JAVIER,Limitada economía,PENDIENTE,2026-07-30,2026-09-17,Actualizó datos personales
1,29612,VELIZ SANCHEZ CRUZ FIORELA,Limitada economía,PENDIENTE,2026-08-09,2026-09-22,Actualizó datos personales
2,29221,VELIZ SHIGUANGO JOSELYN ANA,Limitada economía,PENDIENTE,2026-08-06,2026-09-07,Actualizó datos personales
1,29221,VELIZ SHIGUANGO JOSELYN ANA,Limitada economía,PENDIENTE,2026-08-06,2026-09-07,Actualizó datos personales
2,30285,VELOZ LIRIO JORDAN GUILLERMO,Limitada economía,PENDIENTE,2026-08-13,2026-09-08,Actualizó datos personales
1,30285,VELOZ LIRIO JORDAN GUILLERMO,Limitada economía,PENDIENTE,2026-08-13,2026-09-08,Actualizó datos personales
1,29946,VERA ALIAGA JULADIE CAROLINA,Limitada economía,PENDIENTE,2026-08-12,2026-09-09,Actualizó datos personales
2,29946,VERA ALIAGA JULADIE CAROLINA,Limitada economía,PENDIENTE,2026-08-12,2026-09-09,Actualizó datos personales
1,30073,VERA ARAUZ OLIVER GEOVANNY,Limitada economía,PENDIENTE,2026-08-12,2026-09-09,Actualizó datos personales
2,30073,VERA ARAUZ OLIVER GEOVANNY,Limitada economía,PENDIENTE,2026-08-12,2026-09-09,Actualizó datos personales
1,29714,VERA ARAY CRISTHIAN ADRIAN,Limitada economía,PENDIENTE,2026-08-10,2026-08-27,Actualizó datos personales
1,28503,VERA ARIAS SAMIRA ANTONIA,Limitada economía,PENDIENTE,2026-08-03,2026-09-22,Actualizó datos personales
2,28315,VERA BUSTAMANTE JOHANNA MARIANELLA,Limitada economía,PENDIENTE,2026-08-02,2026-09-11,Actualizó datos personales
1,28315,VERA BUSTAMANTE JOHANNA MARIANELLA,Limitada economía,PENDIENTE,2026-08-02,2026-09-11,Actualizó datos personales
1,29253,VERA CAJAMARCA KARLA NALLELY,Limitada economía,PENDIENTE,2026-08-06,2026-09-13,Actualizó datos personales
1,29821,VERA CASQUETE MALLERLY LETANIA,Limitada economía,PENDIENTE,2026-08-11,2026-09-15,Actualizó datos personales
1,30483,VERA CASTAÑO MARCO TENYI,Limitada economía,PENDIENTE,2026-08-13,2026-09-19,Actualizó datos personales
1,30069,VERA CEDEÑO FABRIANI OMAR,Limitada economía,PENDIENTE,2026-08-12,2026-09-15,Actualizó datos personales
1,28034,VERA CHEVEZ JANELY JIBANNA,Limitada economía,PENDIENTE,2026-07-31,2026-09-16,Actualizó datos personales
2,29661,VERA COELLO MAURICIO JAVIER,Limitada economía,PENDIENTE,2026-08-10,2026-09-12,Actualizó datos personales
1,29661,VERA COELLO MAURICIO JAVIER,Limitada economía,PENDIENTE,2026-08-10,2026-09-12,Actualizó datos personales
2,30326,VERA FIGUEROA JENNY FERNANDA,Limitada economía,PENDIENTE,2026-08-13,2026-09-09,Actualizó datos personales
1,30326,VERA FIGUEROA JENNY FERNANDA,Limitada economía,PENDIENTE,2026-08-13,2026-09-09,Actualizó datos personales
1,30813,VERA FRANCO JAEL MISHELLE,Limitada economía,PENDIENTE,2026-08-14,2026-09-17,Actualizó datos personales
1,29828,VERA GENDE MELISSA MARICELA,Limitada economía,PENDIENTE,2026-08-11,2026-09-17,Actualizó datos personales
1,30041,VERA LLUMITAXI EDWIN ORLANDO,Limitada economía,PENDIENTE,2026-08-12,2026-09-19,Actualizó datos personales
1,28151,VERA LOOR ANTHONY DANIEL,Limitada economía,PENDIENTE,2026-07-31,2026-09-22,Actualizó datos personales
2,30197,VERA LOOR NORTHON VLADIMIR,Limitada economía,PENDIENTE,2026-08-13,2026-09-09,Actualizó datos personales
1,30197,VERA LOOR NORTHON VLADIMIR,Limitada economía,PENDIENTE,2026-08-13,2026-09-09,Actualizó datos personales
1,29848,VERA MACIAS DARY ORLANDO,Limitada economía,PENDIENTE,2026-08-11,2026-09-20,Actualizó datos personales
2,29328,VERA MANZABA NAYDELIN NAYELHI,Limitada economía,PENDIENTE,2026-08-06,2026-09-04,Actualizó datos personales
1,29328,VERA MANZABA NAYDELIN NAYELHI,Limitada economía,PENDIENTE,2026-08-06,2026-09-04,Actualizó datos personales
1,28499,VERA MORAN KATHERINE FERNANDA,Limitada economía,PENDIENTE,2026-08-03,2026-09-22,Actualizó datos personales
2,30732,VERA PLAZA RAIZA ANABEL,Limitada economía,PENDIENTE,2026-08-14,2026-09-12,Actualizó datos personales
1,30732,VERA PLAZA RAIZA ANABEL,Limitada economía,PENDIENTE,2026-08-14,2026-09-12,Actualizó datos personales
1,29671,VERA REAL HANSEL ISRAEL,Limitada economía,PENDIENTE,2026-08-10,2026-09-21,Actualizó datos personales
1,29365,VERA RIVERA ADRIANA JANETH,Limitada economía,PENDIENTE,2026-08-07,2026-09-18,Actualizó datos personales
2,28861,VERA RONQUILLO DANIELA NEBRASKA,Limitada economía,PENDIENTE,2026-08-04,2026-09-11,Actualizó datos personales
1,28861,VERA RONQUILLO DANIELA NEBRASKA,Limitada economía,PENDIENTE,2026-08-04,2026-09-11,Actualizó datos personales
1,29876,VERA ROSADO SEBASTIAN AGUSTIN,Limitada economía,PENDIENTE,2026-08-11,2026-09-20,Actualizó datos personales
2,30180,VERA ROSARIO ELSA CATALINA,Limitada economía,PENDIENTE,2026-08-13,2026-09-11,Actualizó datos personales
1,30180,VERA ROSARIO ELSA CATALINA,Limitada economía,PENDIENTE,2026-08-13,2026-09-11,Actualizó datos personales
1,29257,VERA SABANDO DIEGO FERNANDO,Limitada economía,PENDIENTE,2026-08-06,2026-09-17,Actualizó datos personales
2,30688,VERA SOLORZANO JENNIFER ARELIS,Limitada economía,PENDIENTE,2026-08-14,2026-09-11,Actualizó datos personales
1,30688,VERA SOLORZANO JENNIFER ARELIS,Limitada economía,PENDIENTE,2026-08-14,2026-09-11,Actualizó datos personales
1,30091,VERA TOALA CINTHYA DENISSE,Limitada economía,PENDIENTE,2026-08-12,2026-09-22,Actualizó datos personales
1,29066,VERA UBE TOMAS JAVIER,Limitada economía,PENDIENTE,2026-08-05,2026-08-31,Actualizó datos personales
1,30817,VERA VACA MAIDELYN ALEXANDRA,Limitada economía,PENDIENTE,2026-08-14,2026-09-10,Actualizó datos personales
2,30817,VERA VACA MAIDELYN ALEXANDRA,Limitada economía,PENDIENTE,2026-08-14,2026-09-10,Actualizó datos personales
1,30247,VERA VARELA SARA NOEMI,Limitada economía,PENDIENTE,2026-08-13,2026-09-22,Actualizó datos personales
1,28080,VERA VERA AYDANA LILIBETH,Limitada economía,PENDIENTE,2026-07-31,2026-09-25,Actualizó datos personales
1,27385,VERDEZOTO VIZCARRA FIORELA IVANNA,Limitada economía,PENDIENTE,2026-07-29,2026-09-11,Actualizó datos personales
2,27385,VERDEZOTO VIZCARRA FIORELA IVANNA,Limitada economía,PENDIENTE,2026-07-29,2026-09-11,Actualizó datos personales
1,30331,VERGARA ESPINOZA DIMARIS PAOLA,Limitada economía,PENDIENTE,2026-08-13,2026-09-21,Actualizó datos personales
1,28732,VERGARA PALMA ANGEL ARIEL,Limitada economía,PENDIENTE,2026-08-04,2026-09-14,Actualizó datos personales
1,29894,VERGARA REYNEL IRENE CAROLINA,Limitada economía,PENDIENTE,2026-08-11,2026-09-24,Actualizó datos personales
1,28782,VIDAL PEÑARRIETA ANA NAYHELY,Limitada economía,PENDIENTE,2026-08-04,2026-09-22,Actualizó datos personales
2,30711,VIDAL SALTOS KEVIN JOEL,Limitada economía,PENDIENTE,2026-08-14,2026-09-09,Actualizó datos personales
1,30711,VIDAL SALTOS KEVIN JOEL,Limitada economía,PENDIENTE,2026-08-14,2026-09-09,Actualizó datos personales
1,28853,VIEJO JIMENEZ JINSON STEVEN,Limitada economía,PENDIENTE,2026-08-04,2026-09-10,Actualizó datos personales
2,28853,VIEJO JIMENEZ JINSON STEVEN,Limitada economía,PENDIENTE,2026-08-04,2026-09-10,Actualizó datos personales
1,28576,VILA MAZAMBA DIDIMO ALBERTO,Limitada economía,PENDIENTE,2026-08-03,2026-09-16,Actualizó datos personales
1,28536,VILLA GOMEZ ANAHI CORINA,Limitada economía,PENDIENTE,2026-08-03,2026-09-14,Actualizó datos personales
1,29559,VILLACIS GOMEZ BRENNY ESTUARDO,Limitada economía,PENDIENTE,2026-08-08,2026-09-22,Actualizó datos personales
1,29964,VILLACIS LANDI ZULAY ROSMARY,Limitada economía,PENDIENTE,2026-08-12,2026-09-13,Actualizó datos personales
1,29379,VILLACRES ARRICIAGA BRYAN ALEXIS,Limitada economía,PENDIENTE,2026-08-07,2026-09-22,Actualizó datos personales
1,30793,VILLACRESES FERNANDEZ KARELYS PATRICIA,Limitada economía,PENDIENTE,2026-08-14,2026-09-16,Actualizó datos personales
2,28766,VILLAFUERTE BONILLA ANYELI PIERINA,Limitada economía,PENDIENTE,2026-08-04,2026-09-11,Actualizó datos personales
1,28766,VILLAFUERTE BONILLA ANYELI PIERINA,Limitada economía,PENDIENTE,2026-08-04,2026-09-11,Actualizó datos personales
1,29431,VILLAFUERTE GUEVARA GIORGE IRRAEL,Limitada economía,PENDIENTE,2026-08-07,2026-09-21,Actualizó datos personales
1,29980,VILLALBA NAVARRETE JUAN DAVID,Limitada economía,PENDIENTE,2026-08-12,2026-09-08,Actualizó datos personales
2,29980,VILLALBA NAVARRETE JUAN DAVID,Limitada economía,PENDIENTE,2026-08-12,2026-09-08,Actualizó datos personales
2,30451,VILLALTA HERRERA MELISSA DAYANA,Limitada economía,PENDIENTE,2026-08-13,2026-09-02,Actualizó datos personales
1,30451,VILLALTA HERRERA MELISSA DAYANA,Limitada economía,PENDIENTE,2026-08-13,2026-09-02,Actualizó datos personales
1,30729,VILLAMAR DE FERNANDA ELIZABETH,Limitada economía,PENDIENTE,2026-08-14,2026-09-25,Actualizó datos personales
1,30582,VILLAMAR MORANTE SCARLETH JUDITH,Limitada economía,PENDIENTE,2026-08-14,2026-09-21,Actualizó datos personales
1,30303,VILLAMAR ZAMBRANO LADY LISSETTE,Limitada economía,PENDIENTE,2026-08-13,2026-09-20,Actualizó datos personales
1,28640,VILLANO CARRION MARIA JOSE,Limitada economía,PENDIENTE,2026-08-03,2026-09-04,Actualizó datos personales
2,28640,VILLANO CARRION MARIA JOSE,Limitada economía,PENDIENTE,2026-08-03,2026-09-04,Actualizó datos personales
2,30935,VILLANUEVA AYALA MELANY PAOLA,Limitada economía,PENDIENTE,2026-08-24,2026-09-12,Actualizó datos personales
1,30935,VILLANUEVA AYALA MELANY PAOLA,Limitada economía,PENDIENTE,2026-08-24,2026-09-12,Actualizó datos personales
1,27319,VILLANUEVA CHAVARRIA DAYANA JAMILET,Limitada economía,PENDIENTE,2026-07-29,2026-09-22,Actualizó datos personales
2,29140,VILLANUEVA MUÑOZ ANGIE NALLELY,Limitada economía,PENDIENTE,2026-08-06,2026-09-11,Actualizó datos personales
1,29140,VILLANUEVA MUÑOZ ANGIE NALLELY,Limitada economía,PENDIENTE,2026-08-06,2026-09-11,Actualizó datos personales
1,30318,VILLARES SUAREZ ELKIN HERNAN,Limitada economía,PENDIENTE,2026-08-13,2026-09-14,Actualizó datos personales
1,30862,VILLARREAL BRIONES BRYAN NEPTALI,Limitada economía,PENDIENTE,2026-08-17,2026-09-21,Actualizó datos personales
1,30434,VILLARREAL TRIANA GEORGI ORLEY,Limitada economía,PENDIENTE,2026-08-13,2026-09-12,Actualizó datos personales
2,30434,VILLARREAL TRIANA GEORGI ORLEY,Limitada economía,PENDIENTE,2026-08-13,2026-09-12,Actualizó datos personales
1,28497,VILLAVICENCIO BANCHON SILVIA ROCIO,Limitada economía,PENDIENTE,2026-08-03,2026-09-18,Actualizó datos personales
1,29528,VILLAVICENCIO LINO ALLISON SCARLETT,Limitada economía,PENDIENTE,2026-08-08,2026-08-22,Actualizó datos personales
1,29010,VINCES SOLEDISPA OLGA MERCEDES,Limitada economía,PENDIENTE,2026-08-05,2026-09-16,Actualizó datos personales
1,27976,VINUEZA MACIAS MAYERLY MISHELLE,Limitada economía,PENDIENTE,2026-07-31,2026-09-15,Actualizó datos personales
1,29724,VINZA PEREZ ARACELY ELIZABETH,Limitada economía,PENDIENTE,2026-08-10,2026-09-14,Actualizó datos personales
1,28380,VITERI ARIAS JOSE OSWALDO,Limitada economía,PENDIENTE,2026-08-02,2026-09-23,Actualizó datos personales
1,28411,VIVANCO ALMEIDA DAMARIS ANAHI,Limitada economía,PENDIENTE,2026-08-03,2026-09-14,Actualizó datos personales
1,29867,VIVAS CANDELA JACKSON DAVID,Limitada economía,PENDIENTE,2026-08-11,2026-09-24,Actualizó datos personales
1,29492,WONG SALTOS CRYSTHEL KATIUSKA,Limitada economía,PENDIENTE,2026-08-08,2026-09-15,Actualizó datos personales
1,29083,WONSANG ZAMBRANO JAREN SIGI,Limitada economía,PENDIENTE,2026-08-05,2026-09-20,Actualizó datos personales
1,29926,YANCHATIPAN CEDEÑO SAYLER WLADIMIR,Limitada economía,PENDIENTE,2026-08-11,2026-09-23,Actualizó datos personales
1,29602,YANDUN PALMA MAYERLI ANTUONED,Limitada economía,PENDIENTE,2026-08-09,2026-09-20,Actualizó datos personales
1,30756,YANEZ MORALES JEAN WILMER,Limitada economía,PENDIENTE,2026-08-14,2026-09-18,Actualizó datos personales
1,30031,YAUQUI QUINCHE DANI JAZMANI,Limitada economía,PENDIENTE,2026-08-12,2026-09-21,Actualizó datos personales
1,28594,YAZAN URQUIZO LUIS GUILLERMO,Limitada economía,PENDIENTE,2026-08-03,2026-09-18,Actualizó datos personales
1,29058,YELA MOLINA JOFFRE STALIN,Limitada economía,PENDIENTE,2026-08-05,2026-09-07,Actualizó datos personales
2,29058,YELA MOLINA JOFFRE STALIN,Limitada economía,PENDIENTE,2026-08-05,2026-09-07,Actualizó datos personales
1,30495,YEPEZ ESPINOZA LEO ALEXANDER,Limitada economía,PENDIENTE,2026-08-13,2026-09-21,Actualizó datos personales
2,27859,YEPEZ MACIAS GEOMARA DAYANARA,Limitada economía,PENDIENTE,2026-07-30,2026-09-02,Actualizó datos personales
1,27859,YEPEZ MACIAS GEOMARA DAYANARA,Limitada economía,PENDIENTE,2026-07-30,2026-09-02,Actualizó datos personales
2,29933,YEPEZ MERELO BRIGGITTE MINELLY,Limitada economía,PENDIENTE,2026-08-11,2026-09-11,Actualizó datos personales
1,29933,YEPEZ MERELO BRIGGITTE MINELLY,Limitada economía,PENDIENTE,2026-08-11,2026-09-11,Actualizó datos personales
1,28387,YEPEZ RAMOS BETZAIDA ESTHIBELIN,Limitada economía,PENDIENTE,2026-08-02,2026-09-22,Actualizó datos personales
1,30953,YEPEZ RODRIGUEZ DANIELA BETZABETH,Limitada economía,PENDIENTE,2026-08-27,2026-08-27,Actualizó datos personales
1,30089,YUNGA GAVILANEZ GLORIA GENOVEVA,Limitada economía,PENDIENTE,2026-08-12,2026-09-23,Actualizó datos personales
1,27362,ZABALA MUÑOZ KARELYS YAMILETH,Limitada economía,PENDIENTE,2026-07-29,2026-09-15,Actualizó datos personales
2,27945,ZAMBRANO AGUIRRE LETICIA ELIZABETH,Limitada economía,PENDIENTE,2026-07-31,2026-09-11,Actualizó datos personales
1,27945,ZAMBRANO AGUIRRE LETICIA ELIZABETH,Limitada economía,PENDIENTE,2026-07-31,2026-09-11,Actualizó datos personales
2,30390,ZAMBRANO ARTEAGA MARLON AMADEO,Limitada economía,PENDIENTE,2026-08-13,2026-09-07,Actualizó datos personales
1,30390,ZAMBRANO ARTEAGA MARLON AMADEO,Limitada economía,PENDIENTE,2026-08-13,2026-09-07,Actualizó datos personales
1,30527,ZAMBRANO AVEIGA NICOLLE SCARLETH,Limitada economía,PENDIENTE,2026-08-13,2026-09-10,Actualizó datos personales
2,30527,ZAMBRANO AVEIGA NICOLLE SCARLETH,Limitada economía,PENDIENTE,2026-08-13,2026-09-10,Actualizó datos personales
1,27506,ZAMBRANO BARBERAN JORDAN ALEXANDER,Limitada economía,PENDIENTE,2026-07-30,2026-09-21,Actualizó datos personales
2,28109,ZAMBRANO BARREIRO JANELA JAMILETH,Limitada economía,PENDIENTE,2026-07-31,2026-09-07,Actualizó datos personales
1,28109,ZAMBRANO BARREIRO JANELA JAMILETH,Limitada economía,PENDIENTE,2026-07-31,2026-09-07,Actualizó datos personales
1,30829,ZAMBRANO BOADA MAURICIO LEANDRO,Limitada economía,PENDIENTE,2026-08-15,2026-09-18,Actualizó datos personales
1,30343,ZAMBRANO CAICEDO LEANDRO SEBASTIAN,Limitada economía,PENDIENTE,2026-08-13,2026-09-19,Actualizó datos personales
1,27748,ZAMBRANO CATAGUA MELANY TATIANA,Limitada economía,PENDIENTE,2026-07-30,2026-08-28,Actualizó datos personales
1,29915,ZAMBRANO CEDEÑO JUDITH ESTHER,Limitada economía,PENDIENTE,2026-08-11,2026-09-16,Actualizó datos personales
1,30157,ZAMBRANO CHECA GENESIS KARLA,Limitada economía,PENDIENTE,2026-08-13,2026-09-18,Actualizó datos personales
2,27432,ZAMBRANO CORONEL NATHALY PAOLA,Limitada economía,PENDIENTE,2026-07-29,2026-09-11,Actualizó datos personales
1,27432,ZAMBRANO CORONEL NATHALY PAOLA,Limitada economía,PENDIENTE,2026-07-29,2026-09-11,Actualizó datos personales
1,30151,ZAMBRANO ESCANDON ESTRELLA RUBI,Limitada economía,PENDIENTE,2026-08-12,2026-09-14,Actualizó datos personales
1,28629,ZAMBRANO GAMBOA EDISON DAVID,Limitada economía,PENDIENTE,2026-08-03,2026-09-18,Actualizó datos personales
1,30067,ZAMBRANO GANCHOZO DEIVID JAZMANY,Limitada economía,PENDIENTE,2026-08-12,2026-09-18,Actualizó datos personales
1,28537,ZAMBRANO GARCIA LUCY FERNANDA,Limitada economía,PENDIENTE,2026-08-03,2026-09-13,Actualizó datos personales
2,29493,ZAMBRANO INTRIAGO DANNY DAVID,Limitada economía,PENDIENTE,2026-08-08,2026-09-10,Actualizó datos personales
1,29493,ZAMBRANO INTRIAGO DANNY DAVID,Limitada economía,PENDIENTE,2026-08-08,2026-09-10,Actualizó datos personales
1,29609,ZAMBRANO JARA ERICK ANDRES,Limitada economía,PENDIENTE,2026-08-09,2026-09-18,Actualizó datos personales
2,29653,ZAMBRANO LITARDO AMY GABRIELA,Limitada economía,PENDIENTE,2026-08-10,2026-09-02,Actualizó datos personales
1,29653,ZAMBRANO LITARDO AMY GABRIELA,Limitada economía,PENDIENTE,2026-08-10,2026-09-02,Actualizó datos personales
2,30316,ZAMBRANO LOOR ELENA DOLORES,Limitada economía,PENDIENTE,2026-08-13,2026-09-11,Actualizó datos personales
1,30316,ZAMBRANO LOOR ELENA DOLORES,Limitada economía,PENDIENTE,2026-08-13,2026-09-11,Actualizó datos personales
1,30327,ZAMBRANO LOOR JOHANA MISHELLE,Limitada economía,PENDIENTE,2026-08-13,2026-09-17,Actualizó datos personales
1,28028,ZAMBRANO LOOR PEDRO NICANOR,Limitada economía,PENDIENTE,2026-07-31,2026-09-17,Actualizó datos personales
1,30360,ZAMBRANO LOPEZ ESTEBAN JAHIR,Limitada economía,PENDIENTE,2026-08-13,2026-09-18,Actualizó datos personales
1,30353,ZAMBRANO LOPEZ LESLY DARLET,Limitada economía,PENDIENTE,2026-08-13,2026-09-23,Actualizó datos personales
1,28230,ZAMBRANO MACAS ASHLEY DAYANARA,Limitada economía,PENDIENTE,2026-08-01,2026-09-22,Actualizó datos personales
1,29679,ZAMBRANO MAMONTE RUBEN CRISTOPHER,Limitada economía,PENDIENTE,2026-08-10,2026-09-16,Actualizó datos personales
1,29657,ZAMBRANO MENDOZA LADY LOURDES,Limitada economía,PENDIENTE,2026-08-10,2026-09-18,Actualizó datos personales
1,29706,ZAMBRANO MOLINA MELANIE JAMILEX,Limitada economía,PENDIENTE,2026-08-10,2026-09-18,Actualizó datos personales
1,29116,ZAMBRANO MONTEALBAN WILLINGTON RAMON,Limitada economía,PENDIENTE,2026-08-05,2026-09-21,Actualizó datos personales
1,29587,ZAMBRANO MOREIRA ADAMARY CRISTINA,Limitada economía,PENDIENTE,2026-08-08,2026-09-17,Actualizó datos personales
1,29276,ZAMBRANO MOREIRA DIANA JAMILET,Limitada economía,PENDIENTE,2026-08-06,2026-09-15,Actualizó datos personales
2,30099,ZAMBRANO MOREIRA DOLORES GARDENIA,Limitada economía,PENDIENTE,2026-08-12,2026-09-10,Actualizó datos personales
1,30099,ZAMBRANO MOREIRA DOLORES GARDENIA,Limitada economía,PENDIENTE,2026-08-12,2026-09-10,Actualizó datos personales
2,29093,ZAMBRANO MUÑOZ KERLY KAINA,Limitada economía,PENDIENTE,2026-08-05,2026-09-10,Actualizó datos personales
1,29093,ZAMBRANO MUÑOZ KERLY KAINA,Limitada economía,PENDIENTE,2026-08-05,2026-09-10,Actualizó datos personales
1,29659,ZAMBRANO MURILLO KEYLA LISBETH,Limitada economía,PENDIENTE,2026-08-10,2026-09-23,Actualizó datos personales
1,30480,ZAMBRANO NAVIA ANGIE NICOLE,Limitada economía,PENDIENTE,2026-08-13,2026-09-17,Actualizó datos personales
1,28076,ZAMBRANO NIEVES JANETH ANTONELLA,Limitada economía,PENDIENTE,2026-07-31,2026-09-16,Actualizó datos personales
1,28883,ZAMBRANO OVANDO HERLEY ALEJANDRO,Limitada economía,PENDIENTE,2026-08-04,2026-09-18,Actualizó datos personales
1,28622,ZAMBRANO PARRALES MISHELLE ALEJANDRA,Limitada economía,PENDIENTE,2026-08-03,2026-09-10,Actualizó datos personales
2,28622,ZAMBRANO PARRALES MISHELLE ALEJANDRA,Limitada economía,PENDIENTE,2026-08-03,2026-09-10,Actualizó datos personales
2,28866,ZAMBRANO PEÑARRIETA DIANA CAROLINA,Limitada economía,PENDIENTE,2026-08-04,2026-09-04,Actualizó datos personales
1,28866,ZAMBRANO PEÑARRIETA DIANA CAROLINA,Limitada economía,PENDIENTE,2026-08-04,2026-09-04,Actualizó datos personales
2,30456,ZAMBRANO PEREZ MARELYS LARISSA,Limitada economía,PENDIENTE,2026-08-13,2026-09-11,Actualizó datos personales
1,30456,ZAMBRANO PEREZ MARELYS LARISSA,Limitada economía,PENDIENTE,2026-08-13,2026-09-11,Actualizó datos personales
1,29939,ZAMBRANO PONCE DIANA BETSY,Limitada economía,PENDIENTE,2026-08-12,2026-09-24,Actualizó datos personales
1,27832,ZAMBRANO QUIROZ XIMENA ANGELINE,Limitada economía,PENDIENTE,2026-07-30,2026-09-15,Actualizó datos personales
1,27442,ZAMBRANO RODRIGUEZ LISBETH YELITZA,Limitada economía,PENDIENTE,2026-07-29,2026-09-23,Actualizó datos personales
1,29386,ZAMBRANO RONQUILLO HEINER ARIEL,Limitada economía,PENDIENTE,2026-08-07,2026-09-22,Actualizó datos personales
1,27775,ZAMBRANO SALAVARRIA EMELY MAYTTE,Limitada economía,PENDIENTE,2026-07-30,2026-09-10,Actualizó datos personales
2,27775,ZAMBRANO SALAVARRIA EMELY MAYTTE,Limitada economía,PENDIENTE,2026-07-30,2026-09-10,Actualizó datos personales
1,29952,ZAMBRANO TRIVIÑO LEONEL LEONIDAS,Limitada economía,PENDIENTE,2026-08-12,2026-09-21,Actualizó datos personales
2,29426,ZAMBRANO VEGA JONATHAN JAVIER,Limitada economía,PENDIENTE,2026-08-07,2026-09-08,Actualizó datos personales
1,29426,ZAMBRANO VEGA JONATHAN JAVIER,Limitada economía,PENDIENTE,2026-08-07,2026-09-08,Actualizó datos personales
1,30322,ZAMBRANO VELASQUEZ DAVID ALBERTO,Limitada economía,PENDIENTE,2026-08-13,2026-09-18,Actualizó datos personales
1,28745,ZAMBRANO VELEZ JEEN ALVARO,Limitada economía,PENDIENTE,2026-08-04,2026-09-15,Actualizó datos personales
1,28245,ZAMBRANO VERA JUNIOR VICENTE,Limitada economía,PENDIENTE,2026-08-01,2026-09-14,Actualizó datos personales
1,30496,ZAMBRANO VERGARA CAMILA MARCELA,Limitada economía,PENDIENTE,2026-08-13,2026-09-23,Actualizó datos personales
1,30138,ZAMBRANO ZAMBRANO ASHLEY MAHOLY,Limitada economía,PENDIENTE,2026-08-12,2026-09-22,Actualizó datos personales
1,28617,ZAMBRANO ZAMBRANO JANDRY JEANPIERRE,Limitada economía,PENDIENTE,2026-08-03,2026-09-21,Actualizó datos personales
1,28251,ZAMBRANO ZAMBRANO JEAN CARLOS,Limitada economía,PENDIENTE,2026-08-01,2026-09-23,Actualizó datos personales
1,29644,ZAMBRANO ZAMBRANO MICHAEL JOEL,Limitada economía,PENDIENTE,2026-08-09,2026-09-14,Actualizó datos personales
1,29850,ZAMBRANO ZAPATA MAHOLY DAYANNA,Limitada economía,PENDIENTE,2026-08-11,2026-09-21,Actualizó datos personales
1,29735,ZAMBRANO ZORRILLA EMILY THAIS,Limitada economía,PENDIENTE,2026-08-10,2026-09-19,Actualizó datos personales
2,28776,ZAMBRANO ZUMBA JORDAN JOSUE,Limitada economía,PENDIENTE,2026-08-04,2026-09-07,Actualizó datos personales
1,28776,ZAMBRANO ZUMBA JORDAN JOSUE,Limitada economía,PENDIENTE,2026-08-04,2026-09-07,Actualizó datos personales
1,30581,ZAMORA BARRIGA JORDY NAHIN,Limitada economía,PENDIENTE,2026-08-14,2026-09-23,Actualizó datos personales
1,29312,ZAMORA DELGADO TAHYNIS MARICELA,Limitada economía,PENDIENTE,2026-08-06,2026-09-16,Actualizó datos personales
2,29512,ZAMORA MONTES GEOVANNY ALEXANDER,Limitada economía,PENDIENTE,2026-08-08,2026-09-11,Actualizó datos personales
1,29512,ZAMORA MONTES GEOVANNY ALEXANDER,Limitada economía,PENDIENTE,2026-08-08,2026-09-11,Actualizó datos personales
1,30888,ZAMORA PARRAGA KERLY ESTEFANIA,Limitada economía,PENDIENTE,2026-08-18,2026-08-25,Actualizó datos personales
1,29992,ZAMORA PEÑAFIEL IARA YULADY,Limitada economía,PENDIENTE,2026-08-12,2026-09-19,Actualizó datos personales
1,28160,ZAMORA SALAZAR JENIFFER ELIZABETH,Limitada economía,PENDIENTE,2026-08-01,2026-09-17,Actualizó datos personales
1,27902,ZAMORA SOTO EDISON STEVEN,Limitada economía,PENDIENTE,2026-07-31,2026-09-21,Actualizó datos personales
1,27858,ZAMORA SUAREZ GINGER ELIZABETH,Limitada economía,PENDIENTE,2026-07-30,2026-09-14,Actualizó datos personales
1,29087,ZAMORA VELEZ MAOLY ANAHIS,Limitada economía,PENDIENTE,2026-08-05,2026-09-25,Actualizó datos personales
1,29290,ZAMORA VELEZ TATIANA MABEL,Limitada economía,PENDIENTE,2026-08-06,2026-09-16,Actualizó datos personales
1,27884,ZAPATA GUAMAN SHIRLEY MATILDE,Limitada economía,PENDIENTE,2026-07-31,2026-09-22,Actualizó datos personales
1,27315,ZARATE BELTRAN KLEYNER RAFAEL,Limitada economía,PENDIENTE,2026-07-29,2026-09-22,Actualizó datos personales
2,29372,ZAVALA GARCIA SHIRLEY ELIANA,Limitada economía,PENDIENTE,2026-08-07,2026-09-01,Actualizó datos personales
1,29372,ZAVALA GARCIA SHIRLEY ELIANA,Limitada economía,PENDIENTE,2026-08-07,2026-09-01,Actualizó datos personales
1,29750,ZAVALA LINO YESTHER CRISTHEL,Limitada economía,PENDIENTE,2026-08-10,2026-09-23,Actualizó datos personales
2,29164,ZEA DUARTE ANDERSSON ANTONIO,Limitada economía,PENDIENTE,2026-08-06,2026-09-10,Actualizó datos personales
1,29164,ZEA DUARTE ANDERSSON ANTONIO,Limitada economía,PENDIENTE,2026-08-06,2026-09-10,Actualizó datos personales
2,27940,ZHININ BOSQUEZ EMILY MAILY,Limitada economía,PENDIENTE,2026-07-31,2026-09-11,Actualizó datos personales
1,27940,ZHININ BOSQUEZ EMILY MAILY,Limitada economía,PENDIENTE,2026-07-31,2026-09-11,Actualizó datos personales
1,29729,ZUÑIGA AREVALO ANGIE NICOLE,Limitada economía,PENDIENTE,2026-08-10,2026-09-08,Actualizó datos personales
2,29729,ZUÑIGA AREVALO ANGIE NICOLE,Limitada economía,PENDIENTE,2026-08-10,2026-09-08,Actualizó datos personales
1,27566,ZURITA MOYA TONI RANDI,Limitada economía,VALIDADO,2026-07-30,2026-09-23,
1,30896,ZURITA PETTAO ANDRES YANLEE,Limitada economía,PENDIENTE,2026-08-20,2026-09-11,Actualizó datos personales
2,30896,ZURITA PETTAO ANDRES YANLEE,Limitada economía,PENDIENTE,2026-08-20,2026-09-11,Actualizó datos personales
1,29377,ZURITA VASQUEZ DENISSE JANELLY,Limitada economía,PENDIENTE,2026-08-07,2026-09-15,Actualizó datos personales
